seed,condition,tx_ibo_db,rx_backoff_db,mode,modulation,snr_db,delta_pd,delta_lo,delta_hi
101,linear,,,frozen,bpsk,-10,0.345,0.315,0.374
101,linear,,,frozen,qpsk,-10,0.132,0.108,0.157
101,linear,,,frozen,16qam,-10,0.447,0.413975,0.479
101,linear,,,frozen,32qam,-10,0.429,0.396,0.4620249999999999
101,linear,,,recalibrated,bpsk,-10,0.345,0.315,0.374
101,linear,,,recalibrated,qpsk,-10,0.132,0.108,0.157
101,linear,,,recalibrated,16qam,-10,0.447,0.413975,0.479
101,linear,,,recalibrated,32qam,-10,0.429,0.396,0.4620249999999999
101,linear,,,frozen,bpsk,-8,0.136,0.115,0.157
101,linear,,,frozen,qpsk,-8,0.046,0.033,0.06
101,linear,,,frozen,16qam,-8,0.434,0.40397500000000003,0.4640249999999999
101,linear,,,frozen,32qam,-8,0.432,0.400975,0.461
101,linear,,,recalibrated,bpsk,-8,0.136,0.115,0.157
101,linear,,,recalibrated,qpsk,-8,0.046,0.033,0.06
101,linear,,,recalibrated,16qam,-8,0.434,0.40397500000000003,0.4640249999999999
101,linear,,,recalibrated,32qam,-8,0.432,0.400975,0.461
101,linear,,,frozen,bpsk,-6,0.032,0.021,0.043
101,linear,,,frozen,qpsk,-6,0.008,0.003,0.014
101,linear,,,frozen,16qam,-6,0.228,0.202,0.2530249999999999
101,linear,,,frozen,32qam,-6,0.261,0.234,0.289
101,linear,,,recalibrated,bpsk,-6,0.032,0.021,0.043
101,linear,,,recalibrated,qpsk,-6,0.008,0.003,0.014
101,linear,,,recalibrated,16qam,-6,0.228,0.202,0.2530249999999999
101,linear,,,recalibrated,32qam,-6,0.261,0.234,0.289
101,linear,,,frozen,bpsk,-4,0.006,0.002,0.011
101,linear,,,frozen,qpsk,-4,0.0,0.0,0.0
101,linear,,,frozen,16qam,-4,0.074,0.057,0.091
101,linear,,,frozen,32qam,-4,0.07,0.054,0.08602499999999985
101,linear,,,recalibrated,bpsk,-4,0.006,0.002,0.011
101,linear,,,recalibrated,qpsk,-4,0.0,0.0,0.0
101,linear,,,recalibrated,16qam,-4,0.074,0.057,0.091
101,linear,,,recalibrated,32qam,-4,0.07,0.054,0.08602499999999985
101,linear,,,frozen,bpsk,-2,0.002,0.0,0.005
101,linear,,,frozen,qpsk,-2,0.0,0.0,0.0
101,linear,,,frozen,16qam,-2,0.017,0.01,0.026
101,linear,,,frozen,32qam,-2,0.018,0.01,0.027
101,linear,,,recalibrated,bpsk,-2,0.002,0.0,0.005
101,linear,,,recalibrated,qpsk,-2,0.0,0.0,0.0
101,linear,,,recalibrated,16qam,-2,0.017,0.01,0.026
101,linear,,,recalibrated,32qam,-2,0.018,0.01,0.027
101,linear,,,frozen,bpsk,0,0.0,0.0,0.0
101,linear,,,frozen,qpsk,0,0.0,0.0,0.0
101,linear,,,frozen,16qam,0,0.003,0.0,0.007
101,linear,,,frozen,32qam,0,0.005,0.001,0.01
101,linear,,,recalibrated,bpsk,0,0.0,0.0,0.0
101,linear,,,recalibrated,qpsk,0,0.0,0.0,0.0
101,linear,,,recalibrated,16qam,0,0.003,0.0,0.007
101,linear,,,recalibrated,32qam,0,0.005,0.001,0.01
101,linear,,,frozen,bpsk,2,0.0,0.0,0.0
101,linear,,,frozen,qpsk,2,0.0,0.0,0.0
101,linear,,,frozen,16qam,2,0.001,0.0,0.003
101,linear,,,frozen,32qam,2,0.001,0.0,0.003
101,linear,,,recalibrated,bpsk,2,0.0,0.0,0.0
101,linear,,,recalibrated,qpsk,2,0.0,0.0,0.0
101,linear,,,recalibrated,16qam,2,0.001,0.0,0.003
101,linear,,,recalibrated,32qam,2,0.001,0.0,0.003
101,linear,,,frozen,bpsk,4,0.0,0.0,0.0
101,linear,,,frozen,qpsk,4,0.0,0.0,0.0
101,linear,,,frozen,16qam,4,0.0,0.0,0.0
101,linear,,,frozen,32qam,4,0.0,0.0,0.0
101,linear,,,recalibrated,bpsk,4,0.0,0.0,0.0
101,linear,,,recalibrated,qpsk,4,0.0,0.0,0.0
101,linear,,,recalibrated,16qam,4,0.0,0.0,0.0
101,linear,,,recalibrated,32qam,4,0.0,0.0,0.0
101,linear,,,frozen,bpsk,6,0.0,0.0,0.0
101,linear,,,frozen,qpsk,6,0.0,0.0,0.0
101,linear,,,frozen,16qam,6,0.0,0.0,0.0
101,linear,,,frozen,32qam,6,0.0,0.0,0.0
101,linear,,,recalibrated,bpsk,6,0.0,0.0,0.0
101,linear,,,recalibrated,qpsk,6,0.0,0.0,0.0
101,linear,,,recalibrated,16qam,6,0.0,0.0,0.0
101,linear,,,recalibrated,32qam,6,0.0,0.0,0.0
101,linear,,,frozen,bpsk,8,0.0,0.0,0.0
101,linear,,,frozen,qpsk,8,0.0,0.0,0.0
101,linear,,,frozen,16qam,8,0.0,0.0,0.0
101,linear,,,frozen,32qam,8,0.0,0.0,0.0
101,linear,,,recalibrated,bpsk,8,0.0,0.0,0.0
101,linear,,,recalibrated,qpsk,8,0.0,0.0,0.0
101,linear,,,recalibrated,16qam,8,0.0,0.0,0.0
101,linear,,,recalibrated,32qam,8,0.0,0.0,0.0
101,linear,,,frozen,bpsk,10,0.0,0.0,0.0
101,linear,,,frozen,qpsk,10,0.0,0.0,0.0
101,linear,,,frozen,16qam,10,0.0,0.0,0.0
101,linear,,,frozen,32qam,10,0.0,0.0,0.0
101,linear,,,recalibrated,bpsk,10,0.0,0.0,0.0
101,linear,,,recalibrated,qpsk,10,0.0,0.0,0.0
101,linear,,,recalibrated,16qam,10,0.0,0.0,0.0
101,linear,,,recalibrated,32qam,10,0.0,0.0,0.0
101,tx_9dB,9.0,,frozen,bpsk,-10,0.345,0.315,0.374
101,tx_9dB,9.0,,frozen,qpsk,-10,0.132,0.108,0.157
101,tx_9dB,9.0,,frozen,16qam,-10,0.447,0.413975,0.479
101,tx_9dB,9.0,,frozen,32qam,-10,0.427,0.394,0.46
101,tx_9dB,9.0,,recalibrated,bpsk,-10,0.345,0.315,0.374
101,tx_9dB,9.0,,recalibrated,qpsk,-10,0.132,0.108,0.157
101,tx_9dB,9.0,,recalibrated,16qam,-10,0.447,0.413975,0.479
101,tx_9dB,9.0,,recalibrated,32qam,-10,0.427,0.394,0.46
101,tx_9dB,9.0,,frozen,bpsk,-8,0.135,0.114,0.156
101,tx_9dB,9.0,,frozen,qpsk,-8,0.046,0.033,0.06
101,tx_9dB,9.0,,frozen,16qam,-8,0.435,0.404,0.4650249999999999
101,tx_9dB,9.0,,frozen,32qam,-8,0.432,0.400975,0.461
101,tx_9dB,9.0,,recalibrated,bpsk,-8,0.135,0.114,0.156
101,tx_9dB,9.0,,recalibrated,qpsk,-8,0.046,0.033,0.06
101,tx_9dB,9.0,,recalibrated,16qam,-8,0.435,0.404,0.4650249999999999
101,tx_9dB,9.0,,recalibrated,32qam,-8,0.432,0.400975,0.461
101,tx_9dB,9.0,,frozen,bpsk,-6,0.032,0.021,0.043
101,tx_9dB,9.0,,frozen,qpsk,-6,0.008,0.003,0.014
101,tx_9dB,9.0,,frozen,16qam,-6,0.227,0.201,0.2520249999999999
101,tx_9dB,9.0,,frozen,32qam,-6,0.262,0.235,0.29
101,tx_9dB,9.0,,recalibrated,bpsk,-6,0.032,0.021,0.043
101,tx_9dB,9.0,,recalibrated,qpsk,-6,0.008,0.003,0.014
101,tx_9dB,9.0,,recalibrated,16qam,-6,0.227,0.201,0.2520249999999999
101,tx_9dB,9.0,,recalibrated,32qam,-6,0.262,0.235,0.29
101,tx_9dB,9.0,,frozen,bpsk,-4,0.006,0.002,0.011
101,tx_9dB,9.0,,frozen,qpsk,-4,0.0,0.0,0.0
101,tx_9dB,9.0,,frozen,16qam,-4,0.073,0.056,0.09
101,tx_9dB,9.0,,frozen,32qam,-4,0.07,0.054,0.08602499999999985
101,tx_9dB,9.0,,recalibrated,bpsk,-4,0.006,0.002,0.011
101,tx_9dB,9.0,,recalibrated,qpsk,-4,0.0,0.0,0.0
101,tx_9dB,9.0,,recalibrated,16qam,-4,0.073,0.056,0.09
101,tx_9dB,9.0,,recalibrated,32qam,-4,0.07,0.054,0.08602499999999985
101,tx_9dB,9.0,,frozen,bpsk,-2,0.002,0.0,0.005
101,tx_9dB,9.0,,frozen,qpsk,-2,0.0,0.0,0.0
101,tx_9dB,9.0,,frozen,16qam,-2,0.017,0.01,0.026
101,tx_9dB,9.0,,frozen,32qam,-2,0.018,0.01,0.027
101,tx_9dB,9.0,,recalibrated,bpsk,-2,0.002,0.0,0.005
101,tx_9dB,9.0,,recalibrated,qpsk,-2,0.0,0.0,0.0
101,tx_9dB,9.0,,recalibrated,16qam,-2,0.017,0.01,0.026
101,tx_9dB,9.0,,recalibrated,32qam,-2,0.018,0.01,0.027
101,tx_9dB,9.0,,frozen,bpsk,0,0.0,0.0,0.0
101,tx_9dB,9.0,,frozen,qpsk,0,0.0,0.0,0.0
101,tx_9dB,9.0,,frozen,16qam,0,0.003,0.0,0.007
101,tx_9dB,9.0,,frozen,32qam,0,0.005,0.001,0.01
101,tx_9dB,9.0,,recalibrated,bpsk,0,0.0,0.0,0.0
101,tx_9dB,9.0,,recalibrated,qpsk,0,0.0,0.0,0.0
101,tx_9dB,9.0,,recalibrated,16qam,0,0.003,0.0,0.007
101,tx_9dB,9.0,,recalibrated,32qam,0,0.005,0.001,0.01
101,tx_9dB,9.0,,frozen,bpsk,2,0.0,0.0,0.0
101,tx_9dB,9.0,,frozen,qpsk,2,0.0,0.0,0.0
101,tx_9dB,9.0,,frozen,16qam,2,0.001,0.0,0.003
101,tx_9dB,9.0,,frozen,32qam,2,0.001,0.0,0.003
101,tx_9dB,9.0,,recalibrated,bpsk,2,0.0,0.0,0.0
101,tx_9dB,9.0,,recalibrated,qpsk,2,0.0,0.0,0.0
101,tx_9dB,9.0,,recalibrated,16qam,2,0.001,0.0,0.003
101,tx_9dB,9.0,,recalibrated,32qam,2,0.001,0.0,0.003
101,tx_9dB,9.0,,frozen,bpsk,4,0.0,0.0,0.0
101,tx_9dB,9.0,,frozen,qpsk,4,0.0,0.0,0.0
101,tx_9dB,9.0,,frozen,16qam,4,0.0,0.0,0.0
101,tx_9dB,9.0,,frozen,32qam,4,0.0,0.0,0.0
101,tx_9dB,9.0,,recalibrated,bpsk,4,0.0,0.0,0.0
101,tx_9dB,9.0,,recalibrated,qpsk,4,0.0,0.0,0.0
101,tx_9dB,9.0,,recalibrated,16qam,4,0.0,0.0,0.0
101,tx_9dB,9.0,,recalibrated,32qam,4,0.0,0.0,0.0
101,tx_9dB,9.0,,frozen,bpsk,6,0.0,0.0,0.0
101,tx_9dB,9.0,,frozen,qpsk,6,0.0,0.0,0.0
101,tx_9dB,9.0,,frozen,16qam,6,0.0,0.0,0.0
101,tx_9dB,9.0,,frozen,32qam,6,0.0,0.0,0.0
101,tx_9dB,9.0,,recalibrated,bpsk,6,0.0,0.0,0.0
101,tx_9dB,9.0,,recalibrated,qpsk,6,0.0,0.0,0.0
101,tx_9dB,9.0,,recalibrated,16qam,6,0.0,0.0,0.0
101,tx_9dB,9.0,,recalibrated,32qam,6,0.0,0.0,0.0
101,tx_9dB,9.0,,frozen,bpsk,8,0.0,0.0,0.0
101,tx_9dB,9.0,,frozen,qpsk,8,0.0,0.0,0.0
101,tx_9dB,9.0,,frozen,16qam,8,0.0,0.0,0.0
101,tx_9dB,9.0,,frozen,32qam,8,0.0,0.0,0.0
101,tx_9dB,9.0,,recalibrated,bpsk,8,0.0,0.0,0.0
101,tx_9dB,9.0,,recalibrated,qpsk,8,0.0,0.0,0.0
101,tx_9dB,9.0,,recalibrated,16qam,8,0.0,0.0,0.0
101,tx_9dB,9.0,,recalibrated,32qam,8,0.0,0.0,0.0
101,tx_9dB,9.0,,frozen,bpsk,10,0.0,0.0,0.0
101,tx_9dB,9.0,,frozen,qpsk,10,0.0,0.0,0.0
101,tx_9dB,9.0,,frozen,16qam,10,0.0,0.0,0.0
101,tx_9dB,9.0,,frozen,32qam,10,0.0,0.0,0.0
101,tx_9dB,9.0,,recalibrated,bpsk,10,0.0,0.0,0.0
101,tx_9dB,9.0,,recalibrated,qpsk,10,0.0,0.0,0.0
101,tx_9dB,9.0,,recalibrated,16qam,10,0.0,0.0,0.0
101,tx_9dB,9.0,,recalibrated,32qam,10,0.0,0.0,0.0
101,tx_6dB,6.0,,frozen,bpsk,-10,0.343,0.313975,0.3720249999999999
101,tx_6dB,6.0,,frozen,qpsk,-10,0.133,0.108,0.157
101,tx_6dB,6.0,,frozen,16qam,-10,0.449,0.416,0.481
101,tx_6dB,6.0,,frozen,32qam,-10,0.43,0.397,0.464
101,tx_6dB,6.0,,recalibrated,bpsk,-10,0.343,0.313975,0.3720249999999999
101,tx_6dB,6.0,,recalibrated,qpsk,-10,0.133,0.108,0.157
101,tx_6dB,6.0,,recalibrated,16qam,-10,0.449,0.416,0.481
101,tx_6dB,6.0,,recalibrated,32qam,-10,0.43,0.397,0.464
101,tx_6dB,6.0,,frozen,bpsk,-8,0.136,0.115,0.157
101,tx_6dB,6.0,,frozen,qpsk,-8,0.045,0.033,0.059
101,tx_6dB,6.0,,frozen,16qam,-8,0.438,0.407,0.4680249999999999
101,tx_6dB,6.0,,frozen,32qam,-8,0.431,0.4,0.461
101,tx_6dB,6.0,,recalibrated,bpsk,-8,0.136,0.115,0.157
101,tx_6dB,6.0,,recalibrated,qpsk,-8,0.045,0.033,0.059
101,tx_6dB,6.0,,recalibrated,16qam,-8,0.438,0.407,0.4680249999999999
101,tx_6dB,6.0,,recalibrated,32qam,-8,0.431,0.4,0.461
101,tx_6dB,6.0,,frozen,bpsk,-6,0.033,0.022,0.044
101,tx_6dB,6.0,,frozen,qpsk,-6,0.008,0.003,0.014
101,tx_6dB,6.0,,frozen,16qam,-6,0.233,0.206975,0.259
101,tx_6dB,6.0,,frozen,32qam,-6,0.263,0.236,0.291
101,tx_6dB,6.0,,recalibrated,bpsk,-6,0.033,0.022,0.044
101,tx_6dB,6.0,,recalibrated,qpsk,-6,0.008,0.003,0.014
101,tx_6dB,6.0,,recalibrated,16qam,-6,0.233,0.206975,0.259
101,tx_6dB,6.0,,recalibrated,32qam,-6,0.263,0.236,0.291
101,tx_6dB,6.0,,frozen,bpsk,-4,0.007,0.002,0.012
101,tx_6dB,6.0,,frozen,qpsk,-4,0.0,0.0,0.0
101,tx_6dB,6.0,,frozen,16qam,-4,0.073,0.056,0.09
101,tx_6dB,6.0,,frozen,32qam,-4,0.071,0.055,0.08702499999999985
101,tx_6dB,6.0,,recalibrated,bpsk,-4,0.007,0.002,0.012
101,tx_6dB,6.0,,recalibrated,qpsk,-4,0.0,0.0,0.0
101,tx_6dB,6.0,,recalibrated,16qam,-4,0.073,0.056,0.09
101,tx_6dB,6.0,,recalibrated,32qam,-4,0.071,0.055,0.08702499999999985
101,tx_6dB,6.0,,frozen,bpsk,-2,0.002,0.0,0.005
101,tx_6dB,6.0,,frozen,qpsk,-2,0.0,0.0,0.0
101,tx_6dB,6.0,,frozen,16qam,-2,0.017,0.01,0.026
101,tx_6dB,6.0,,frozen,32qam,-2,0.018,0.01,0.027
101,tx_6dB,6.0,,recalibrated,bpsk,-2,0.002,0.0,0.005
101,tx_6dB,6.0,,recalibrated,qpsk,-2,0.0,0.0,0.0
101,tx_6dB,6.0,,recalibrated,16qam,-2,0.017,0.01,0.026
101,tx_6dB,6.0,,recalibrated,32qam,-2,0.018,0.01,0.027
101,tx_6dB,6.0,,frozen,bpsk,0,0.0,0.0,0.0
101,tx_6dB,6.0,,frozen,qpsk,0,0.0,0.0,0.0
101,tx_6dB,6.0,,frozen,16qam,0,0.003,0.0,0.007
101,tx_6dB,6.0,,frozen,32qam,0,0.005,0.001,0.01
101,tx_6dB,6.0,,recalibrated,bpsk,0,0.0,0.0,0.0
101,tx_6dB,6.0,,recalibrated,qpsk,0,0.0,0.0,0.0
101,tx_6dB,6.0,,recalibrated,16qam,0,0.003,0.0,0.007
101,tx_6dB,6.0,,recalibrated,32qam,0,0.005,0.001,0.01
101,tx_6dB,6.0,,frozen,bpsk,2,0.0,0.0,0.0
101,tx_6dB,6.0,,frozen,qpsk,2,0.0,0.0,0.0
101,tx_6dB,6.0,,frozen,16qam,2,0.001,0.0,0.003
101,tx_6dB,6.0,,frozen,32qam,2,0.001,0.0,0.003
101,tx_6dB,6.0,,recalibrated,bpsk,2,0.0,0.0,0.0
101,tx_6dB,6.0,,recalibrated,qpsk,2,0.0,0.0,0.0
101,tx_6dB,6.0,,recalibrated,16qam,2,0.001,0.0,0.003
101,tx_6dB,6.0,,recalibrated,32qam,2,0.001,0.0,0.003
101,tx_6dB,6.0,,frozen,bpsk,4,0.0,0.0,0.0
101,tx_6dB,6.0,,frozen,qpsk,4,0.0,0.0,0.0
101,tx_6dB,6.0,,frozen,16qam,4,0.0,0.0,0.0
101,tx_6dB,6.0,,frozen,32qam,4,0.0,0.0,0.0
101,tx_6dB,6.0,,recalibrated,bpsk,4,0.0,0.0,0.0
101,tx_6dB,6.0,,recalibrated,qpsk,4,0.0,0.0,0.0
101,tx_6dB,6.0,,recalibrated,16qam,4,0.0,0.0,0.0
101,tx_6dB,6.0,,recalibrated,32qam,4,0.0,0.0,0.0
101,tx_6dB,6.0,,frozen,bpsk,6,0.0,0.0,0.0
101,tx_6dB,6.0,,frozen,qpsk,6,0.0,0.0,0.0
101,tx_6dB,6.0,,frozen,16qam,6,0.0,0.0,0.0
101,tx_6dB,6.0,,frozen,32qam,6,0.0,0.0,0.0
101,tx_6dB,6.0,,recalibrated,bpsk,6,0.0,0.0,0.0
101,tx_6dB,6.0,,recalibrated,qpsk,6,0.0,0.0,0.0
101,tx_6dB,6.0,,recalibrated,16qam,6,0.0,0.0,0.0
101,tx_6dB,6.0,,recalibrated,32qam,6,0.0,0.0,0.0
101,tx_6dB,6.0,,frozen,bpsk,8,0.0,0.0,0.0
101,tx_6dB,6.0,,frozen,qpsk,8,0.0,0.0,0.0
101,tx_6dB,6.0,,frozen,16qam,8,0.0,0.0,0.0
101,tx_6dB,6.0,,frozen,32qam,8,0.0,0.0,0.0
101,tx_6dB,6.0,,recalibrated,bpsk,8,0.0,0.0,0.0
101,tx_6dB,6.0,,recalibrated,qpsk,8,0.0,0.0,0.0
101,tx_6dB,6.0,,recalibrated,16qam,8,0.0,0.0,0.0
101,tx_6dB,6.0,,recalibrated,32qam,8,0.0,0.0,0.0
101,tx_6dB,6.0,,frozen,bpsk,10,0.0,0.0,0.0
101,tx_6dB,6.0,,frozen,qpsk,10,0.0,0.0,0.0
101,tx_6dB,6.0,,frozen,16qam,10,0.0,0.0,0.0
101,tx_6dB,6.0,,frozen,32qam,10,0.0,0.0,0.0
101,tx_6dB,6.0,,recalibrated,bpsk,10,0.0,0.0,0.0
101,tx_6dB,6.0,,recalibrated,qpsk,10,0.0,0.0,0.0
101,tx_6dB,6.0,,recalibrated,16qam,10,0.0,0.0,0.0
101,tx_6dB,6.0,,recalibrated,32qam,10,0.0,0.0,0.0
101,tx_3dB,3.0,,frozen,bpsk,-10,0.347,0.317,0.376
101,tx_3dB,3.0,,frozen,qpsk,-10,0.139,0.114,0.164
101,tx_3dB,3.0,,frozen,16qam,-10,0.45,0.417,0.482
101,tx_3dB,3.0,,frozen,32qam,-10,0.434,0.401,0.468
101,tx_3dB,3.0,,recalibrated,bpsk,-10,0.347,0.317,0.376
101,tx_3dB,3.0,,recalibrated,qpsk,-10,0.139,0.114,0.164
101,tx_3dB,3.0,,recalibrated,16qam,-10,0.45,0.417,0.482
101,tx_3dB,3.0,,recalibrated,32qam,-10,0.434,0.401,0.468
101,tx_3dB,3.0,,frozen,bpsk,-8,0.144,0.123,0.166
101,tx_3dB,3.0,,frozen,qpsk,-8,0.048,0.035,0.062
101,tx_3dB,3.0,,frozen,16qam,-8,0.439,0.409,0.469
101,tx_3dB,3.0,,frozen,32qam,-8,0.43,0.399,0.4590249999999999
101,tx_3dB,3.0,,recalibrated,bpsk,-8,0.144,0.123,0.166
101,tx_3dB,3.0,,recalibrated,qpsk,-8,0.048,0.035,0.062
101,tx_3dB,3.0,,recalibrated,16qam,-8,0.439,0.409,0.469
101,tx_3dB,3.0,,recalibrated,32qam,-8,0.43,0.399,0.4590249999999999
101,tx_3dB,3.0,,frozen,bpsk,-6,0.035,0.024,0.047
101,tx_3dB,3.0,,frozen,qpsk,-6,0.008,0.003,0.014
101,tx_3dB,3.0,,frozen,16qam,-6,0.234,0.207975,0.261
101,tx_3dB,3.0,,frozen,32qam,-6,0.26,0.232,0.28602499999999986
101,tx_3dB,3.0,,recalibrated,bpsk,-6,0.035,0.024,0.047
101,tx_3dB,3.0,,recalibrated,qpsk,-6,0.008,0.003,0.014
101,tx_3dB,3.0,,recalibrated,16qam,-6,0.234,0.207975,0.261
101,tx_3dB,3.0,,recalibrated,32qam,-6,0.26,0.232,0.28602499999999986
101,tx_3dB,3.0,,frozen,bpsk,-4,0.009,0.004,0.015
101,tx_3dB,3.0,,frozen,qpsk,-4,0.0,0.0,0.0
101,tx_3dB,3.0,,frozen,16qam,-4,0.076,0.059,0.093
101,tx_3dB,3.0,,frozen,32qam,-4,0.074,0.058,0.09002499999999986
101,tx_3dB,3.0,,recalibrated,bpsk,-4,0.009,0.004,0.015
101,tx_3dB,3.0,,recalibrated,qpsk,-4,0.0,0.0,0.0
101,tx_3dB,3.0,,recalibrated,16qam,-4,0.076,0.059,0.093
101,tx_3dB,3.0,,recalibrated,32qam,-4,0.074,0.058,0.09002499999999986
101,tx_3dB,3.0,,frozen,bpsk,-2,0.002,0.0,0.005
101,tx_3dB,3.0,,frozen,qpsk,-2,0.0,0.0,0.0
101,tx_3dB,3.0,,frozen,16qam,-2,0.019,0.011,0.028
101,tx_3dB,3.0,,frozen,32qam,-2,0.019,0.011,0.028
101,tx_3dB,3.0,,recalibrated,bpsk,-2,0.002,0.0,0.005
101,tx_3dB,3.0,,recalibrated,qpsk,-2,0.0,0.0,0.0
101,tx_3dB,3.0,,recalibrated,16qam,-2,0.019,0.011,0.028
101,tx_3dB,3.0,,recalibrated,32qam,-2,0.019,0.011,0.028
101,tx_3dB,3.0,,frozen,bpsk,0,0.0,0.0,0.0
101,tx_3dB,3.0,,frozen,qpsk,0,0.0,0.0,0.0
101,tx_3dB,3.0,,frozen,16qam,0,0.002,0.0,0.005
101,tx_3dB,3.0,,frozen,32qam,0,0.003,0.0,0.007
101,tx_3dB,3.0,,recalibrated,bpsk,0,0.0,0.0,0.0
101,tx_3dB,3.0,,recalibrated,qpsk,0,0.0,0.0,0.0
101,tx_3dB,3.0,,recalibrated,16qam,0,0.002,0.0,0.005
101,tx_3dB,3.0,,recalibrated,32qam,0,0.003,0.0,0.007
101,tx_3dB,3.0,,frozen,bpsk,2,0.0,0.0,0.0
101,tx_3dB,3.0,,frozen,qpsk,2,0.0,0.0,0.0
101,tx_3dB,3.0,,frozen,16qam,2,0.001,0.0,0.003
101,tx_3dB,3.0,,frozen,32qam,2,0.001,0.0,0.003
101,tx_3dB,3.0,,recalibrated,bpsk,2,0.0,0.0,0.0
101,tx_3dB,3.0,,recalibrated,qpsk,2,0.0,0.0,0.0
101,tx_3dB,3.0,,recalibrated,16qam,2,0.001,0.0,0.003
101,tx_3dB,3.0,,recalibrated,32qam,2,0.001,0.0,0.003
101,tx_3dB,3.0,,frozen,bpsk,4,0.0,0.0,0.0
101,tx_3dB,3.0,,frozen,qpsk,4,0.0,0.0,0.0
101,tx_3dB,3.0,,frozen,16qam,4,0.0,0.0,0.0
101,tx_3dB,3.0,,frozen,32qam,4,0.0,0.0,0.0
101,tx_3dB,3.0,,recalibrated,bpsk,4,0.0,0.0,0.0
101,tx_3dB,3.0,,recalibrated,qpsk,4,0.0,0.0,0.0
101,tx_3dB,3.0,,recalibrated,16qam,4,0.0,0.0,0.0
101,tx_3dB,3.0,,recalibrated,32qam,4,0.0,0.0,0.0
101,tx_3dB,3.0,,frozen,bpsk,6,0.0,0.0,0.0
101,tx_3dB,3.0,,frozen,qpsk,6,0.0,0.0,0.0
101,tx_3dB,3.0,,frozen,16qam,6,0.0,0.0,0.0
101,tx_3dB,3.0,,frozen,32qam,6,0.0,0.0,0.0
101,tx_3dB,3.0,,recalibrated,bpsk,6,0.0,0.0,0.0
101,tx_3dB,3.0,,recalibrated,qpsk,6,0.0,0.0,0.0
101,tx_3dB,3.0,,recalibrated,16qam,6,0.0,0.0,0.0
101,tx_3dB,3.0,,recalibrated,32qam,6,0.0,0.0,0.0
101,tx_3dB,3.0,,frozen,bpsk,8,0.0,0.0,0.0
101,tx_3dB,3.0,,frozen,qpsk,8,0.0,0.0,0.0
101,tx_3dB,3.0,,frozen,16qam,8,0.0,0.0,0.0
101,tx_3dB,3.0,,frozen,32qam,8,0.0,0.0,0.0
101,tx_3dB,3.0,,recalibrated,bpsk,8,0.0,0.0,0.0
101,tx_3dB,3.0,,recalibrated,qpsk,8,0.0,0.0,0.0
101,tx_3dB,3.0,,recalibrated,16qam,8,0.0,0.0,0.0
101,tx_3dB,3.0,,recalibrated,32qam,8,0.0,0.0,0.0
101,tx_3dB,3.0,,frozen,bpsk,10,0.0,0.0,0.0
101,tx_3dB,3.0,,frozen,qpsk,10,0.0,0.0,0.0
101,tx_3dB,3.0,,frozen,16qam,10,0.0,0.0,0.0
101,tx_3dB,3.0,,frozen,32qam,10,0.0,0.0,0.0
101,tx_3dB,3.0,,recalibrated,bpsk,10,0.0,0.0,0.0
101,tx_3dB,3.0,,recalibrated,qpsk,10,0.0,0.0,0.0
101,tx_3dB,3.0,,recalibrated,16qam,10,0.0,0.0,0.0
101,tx_3dB,3.0,,recalibrated,32qam,10,0.0,0.0,0.0
101,tx_0dB,0.0,,frozen,bpsk,-10,0.394,0.364,0.424
101,tx_0dB,0.0,,frozen,qpsk,-10,0.147,0.121975,0.172
101,tx_0dB,0.0,,frozen,16qam,-10,0.451,0.417,0.48202499999999987
101,tx_0dB,0.0,,frozen,32qam,-10,0.433,0.4,0.466
101,tx_0dB,0.0,,recalibrated,bpsk,-10,0.394,0.364,0.424
101,tx_0dB,0.0,,recalibrated,qpsk,-10,0.147,0.121975,0.172
101,tx_0dB,0.0,,recalibrated,16qam,-10,0.451,0.417,0.48202499999999987
101,tx_0dB,0.0,,recalibrated,32qam,-10,0.433,0.4,0.466
101,tx_0dB,0.0,,frozen,bpsk,-8,0.175,0.152,0.199
101,tx_0dB,0.0,,frozen,qpsk,-8,0.056,0.042,0.071
101,tx_0dB,0.0,,frozen,16qam,-8,0.445,0.414975,0.475
101,tx_0dB,0.0,,frozen,32qam,-8,0.431,0.4,0.461
101,tx_0dB,0.0,,recalibrated,bpsk,-8,0.175,0.152,0.199
101,tx_0dB,0.0,,recalibrated,qpsk,-8,0.056,0.042,0.071
101,tx_0dB,0.0,,recalibrated,16qam,-8,0.445,0.414975,0.475
101,tx_0dB,0.0,,recalibrated,32qam,-8,0.431,0.4,0.461
101,tx_0dB,0.0,,frozen,bpsk,-6,0.05,0.037,0.063
101,tx_0dB,0.0,,frozen,qpsk,-6,0.009,0.003,0.015
101,tx_0dB,0.0,,frozen,16qam,-6,0.246,0.219,0.2720249999999999
101,tx_0dB,0.0,,frozen,32qam,-6,0.264,0.236,0.291
101,tx_0dB,0.0,,recalibrated,bpsk,-6,0.05,0.037,0.063
101,tx_0dB,0.0,,recalibrated,qpsk,-6,0.009,0.003,0.015
101,tx_0dB,0.0,,recalibrated,16qam,-6,0.246,0.219,0.2720249999999999
101,tx_0dB,0.0,,recalibrated,32qam,-6,0.264,0.236,0.291
101,tx_0dB,0.0,,frozen,bpsk,-4,0.013,0.006,0.02
101,tx_0dB,0.0,,frozen,qpsk,-4,0.0,0.0,0.0
101,tx_0dB,0.0,,frozen,16qam,-4,0.077,0.06,0.094
101,tx_0dB,0.0,,frozen,32qam,-4,0.072,0.056,0.088
101,tx_0dB,0.0,,recalibrated,bpsk,-4,0.013,0.006,0.02
101,tx_0dB,0.0,,recalibrated,qpsk,-4,0.0,0.0,0.0
101,tx_0dB,0.0,,recalibrated,16qam,-4,0.077,0.06,0.094
101,tx_0dB,0.0,,recalibrated,32qam,-4,0.072,0.056,0.088
101,tx_0dB,0.0,,frozen,bpsk,-2,0.003,0.0,0.007
101,tx_0dB,0.0,,frozen,qpsk,-2,0.0,0.0,0.0
101,tx_0dB,0.0,,frozen,16qam,-2,0.02,0.012,0.029
101,tx_0dB,0.0,,frozen,32qam,-2,0.023,0.014,0.033
101,tx_0dB,0.0,,recalibrated,bpsk,-2,0.003,0.0,0.007
101,tx_0dB,0.0,,recalibrated,qpsk,-2,0.0,0.0,0.0
101,tx_0dB,0.0,,recalibrated,16qam,-2,0.02,0.012,0.029
101,tx_0dB,0.0,,recalibrated,32qam,-2,0.023,0.014,0.033
101,tx_0dB,0.0,,frozen,bpsk,0,0.001,0.0,0.003
101,tx_0dB,0.0,,frozen,qpsk,0,0.0,0.0,0.0
101,tx_0dB,0.0,,frozen,16qam,0,0.002,0.0,0.005
101,tx_0dB,0.0,,frozen,32qam,0,0.003,0.0,0.007
101,tx_0dB,0.0,,recalibrated,bpsk,0,0.001,0.0,0.003
101,tx_0dB,0.0,,recalibrated,qpsk,0,0.0,0.0,0.0
101,tx_0dB,0.0,,recalibrated,16qam,0,0.002,0.0,0.005
101,tx_0dB,0.0,,recalibrated,32qam,0,0.003,0.0,0.007
101,tx_0dB,0.0,,frozen,bpsk,2,0.001,0.0,0.003
101,tx_0dB,0.0,,frozen,qpsk,2,0.0,0.0,0.0
101,tx_0dB,0.0,,frozen,16qam,2,0.0,0.0,0.0
101,tx_0dB,0.0,,frozen,32qam,2,0.001,0.0,0.003
101,tx_0dB,0.0,,recalibrated,bpsk,2,0.001,0.0,0.003
101,tx_0dB,0.0,,recalibrated,qpsk,2,0.0,0.0,0.0
101,tx_0dB,0.0,,recalibrated,16qam,2,0.0,0.0,0.0
101,tx_0dB,0.0,,recalibrated,32qam,2,0.001,0.0,0.003
101,tx_0dB,0.0,,frozen,bpsk,4,0.0,0.0,0.0
101,tx_0dB,0.0,,frozen,qpsk,4,0.0,0.0,0.0
101,tx_0dB,0.0,,frozen,16qam,4,0.0,0.0,0.0
101,tx_0dB,0.0,,frozen,32qam,4,0.0,0.0,0.0
101,tx_0dB,0.0,,recalibrated,bpsk,4,0.0,0.0,0.0
101,tx_0dB,0.0,,recalibrated,qpsk,4,0.0,0.0,0.0
101,tx_0dB,0.0,,recalibrated,16qam,4,0.0,0.0,0.0
101,tx_0dB,0.0,,recalibrated,32qam,4,0.0,0.0,0.0
101,tx_0dB,0.0,,frozen,bpsk,6,0.0,0.0,0.0
101,tx_0dB,0.0,,frozen,qpsk,6,0.0,0.0,0.0
101,tx_0dB,0.0,,frozen,16qam,6,0.0,0.0,0.0
101,tx_0dB,0.0,,frozen,32qam,6,0.0,0.0,0.0
101,tx_0dB,0.0,,recalibrated,bpsk,6,0.0,0.0,0.0
101,tx_0dB,0.0,,recalibrated,qpsk,6,0.0,0.0,0.0
101,tx_0dB,0.0,,recalibrated,16qam,6,0.0,0.0,0.0
101,tx_0dB,0.0,,recalibrated,32qam,6,0.0,0.0,0.0
101,tx_0dB,0.0,,frozen,bpsk,8,0.0,0.0,0.0
101,tx_0dB,0.0,,frozen,qpsk,8,0.0,0.0,0.0
101,tx_0dB,0.0,,frozen,16qam,8,0.0,0.0,0.0
101,tx_0dB,0.0,,frozen,32qam,8,0.0,0.0,0.0
101,tx_0dB,0.0,,recalibrated,bpsk,8,0.0,0.0,0.0
101,tx_0dB,0.0,,recalibrated,qpsk,8,0.0,0.0,0.0
101,tx_0dB,0.0,,recalibrated,16qam,8,0.0,0.0,0.0
101,tx_0dB,0.0,,recalibrated,32qam,8,0.0,0.0,0.0
101,tx_0dB,0.0,,frozen,bpsk,10,0.0,0.0,0.0
101,tx_0dB,0.0,,frozen,qpsk,10,0.0,0.0,0.0
101,tx_0dB,0.0,,frozen,16qam,10,0.0,0.0,0.0
101,tx_0dB,0.0,,frozen,32qam,10,0.0,0.0,0.0
101,tx_0dB,0.0,,recalibrated,bpsk,10,0.0,0.0,0.0
101,tx_0dB,0.0,,recalibrated,qpsk,10,0.0,0.0,0.0
101,tx_0dB,0.0,,recalibrated,16qam,10,0.0,0.0,0.0
101,tx_0dB,0.0,,recalibrated,32qam,10,0.0,0.0,0.0
101,rx_12dB,,12.0,frozen,bpsk,-10,0.344,0.314,0.3730249999999999
101,rx_12dB,,12.0,frozen,qpsk,-10,0.132,0.108,0.157
101,rx_12dB,,12.0,frozen,16qam,-10,0.452,0.419,0.484
101,rx_12dB,,12.0,frozen,32qam,-10,0.432,0.399,0.465
101,rx_12dB,,12.0,recalibrated,bpsk,-10,0.345,0.315,0.374
101,rx_12dB,,12.0,recalibrated,qpsk,-10,0.133,0.109,0.158
101,rx_12dB,,12.0,recalibrated,16qam,-10,0.448,0.414,0.47902499999999987
101,rx_12dB,,12.0,recalibrated,32qam,-10,0.431,0.398,0.4640249999999999
101,rx_12dB,,12.0,frozen,bpsk,-8,0.136,0.115,0.157
101,rx_12dB,,12.0,frozen,qpsk,-8,0.046,0.033,0.06
101,rx_12dB,,12.0,frozen,16qam,-8,0.433,0.403,0.4630249999999999
101,rx_12dB,,12.0,frozen,32qam,-8,0.433,0.401975,0.462
101,rx_12dB,,12.0,recalibrated,bpsk,-8,0.137,0.116,0.158
101,rx_12dB,,12.0,recalibrated,qpsk,-8,0.046,0.033,0.06
101,rx_12dB,,12.0,recalibrated,16qam,-8,0.434,0.40397500000000003,0.4640249999999999
101,rx_12dB,,12.0,recalibrated,32qam,-8,0.432,0.400975,0.461
101,rx_12dB,,12.0,frozen,bpsk,-6,0.032,0.021,0.043
101,rx_12dB,,12.0,frozen,qpsk,-6,0.008,0.003,0.014
101,rx_12dB,,12.0,frozen,16qam,-6,0.223,0.197,0.248
101,rx_12dB,,12.0,frozen,32qam,-6,0.259,0.231,0.287
101,rx_12dB,,12.0,recalibrated,bpsk,-6,0.032,0.021,0.043
101,rx_12dB,,12.0,recalibrated,qpsk,-6,0.008,0.003,0.014
101,rx_12dB,,12.0,recalibrated,16qam,-6,0.226,0.2,0.251
101,rx_12dB,,12.0,recalibrated,32qam,-6,0.259,0.231,0.287
101,rx_12dB,,12.0,frozen,bpsk,-4,0.006,0.002,0.011
101,rx_12dB,,12.0,frozen,qpsk,-4,0.0,0.0,0.0
101,rx_12dB,,12.0,frozen,16qam,-4,0.073,0.056,0.09
101,rx_12dB,,12.0,frozen,32qam,-4,0.07,0.054,0.08602499999999985
101,rx_12dB,,12.0,recalibrated,bpsk,-4,0.007,0.002,0.012
101,rx_12dB,,12.0,recalibrated,qpsk,-4,0.0,0.0,0.0
101,rx_12dB,,12.0,recalibrated,16qam,-4,0.073,0.056,0.09
101,rx_12dB,,12.0,recalibrated,32qam,-4,0.07,0.054,0.08602499999999985
101,rx_12dB,,12.0,frozen,bpsk,-2,0.002,0.0,0.005
101,rx_12dB,,12.0,frozen,qpsk,-2,0.0,0.0,0.0
101,rx_12dB,,12.0,frozen,16qam,-2,0.017,0.01,0.026
101,rx_12dB,,12.0,frozen,32qam,-2,0.018,0.01,0.027
101,rx_12dB,,12.0,recalibrated,bpsk,-2,0.002,0.0,0.005
101,rx_12dB,,12.0,recalibrated,qpsk,-2,0.0,0.0,0.0
101,rx_12dB,,12.0,recalibrated,16qam,-2,0.017,0.01,0.026
101,rx_12dB,,12.0,recalibrated,32qam,-2,0.018,0.01,0.027
101,rx_12dB,,12.0,frozen,bpsk,0,0.0,0.0,0.0
101,rx_12dB,,12.0,frozen,qpsk,0,0.0,0.0,0.0
101,rx_12dB,,12.0,frozen,16qam,0,0.003,0.0,0.007
101,rx_12dB,,12.0,frozen,32qam,0,0.005,0.001,0.01
101,rx_12dB,,12.0,recalibrated,bpsk,0,0.0,0.0,0.0
101,rx_12dB,,12.0,recalibrated,qpsk,0,0.0,0.0,0.0
101,rx_12dB,,12.0,recalibrated,16qam,0,0.003,0.0,0.007
101,rx_12dB,,12.0,recalibrated,32qam,0,0.005,0.001,0.01
101,rx_12dB,,12.0,frozen,bpsk,2,0.0,0.0,0.0
101,rx_12dB,,12.0,frozen,qpsk,2,0.0,0.0,0.0
101,rx_12dB,,12.0,frozen,16qam,2,0.002,0.0,0.005
101,rx_12dB,,12.0,frozen,32qam,2,0.001,0.0,0.003
101,rx_12dB,,12.0,recalibrated,bpsk,2,0.0,0.0,0.0
101,rx_12dB,,12.0,recalibrated,qpsk,2,0.0,0.0,0.0
101,rx_12dB,,12.0,recalibrated,16qam,2,0.002,0.0,0.005
101,rx_12dB,,12.0,recalibrated,32qam,2,0.001,0.0,0.003
101,rx_12dB,,12.0,frozen,bpsk,4,0.0,0.0,0.0
101,rx_12dB,,12.0,frozen,qpsk,4,0.0,0.0,0.0
101,rx_12dB,,12.0,frozen,16qam,4,0.0,0.0,0.0
101,rx_12dB,,12.0,frozen,32qam,4,0.0,0.0,0.0
101,rx_12dB,,12.0,recalibrated,bpsk,4,0.0,0.0,0.0
101,rx_12dB,,12.0,recalibrated,qpsk,4,0.0,0.0,0.0
101,rx_12dB,,12.0,recalibrated,16qam,4,0.0,0.0,0.0
101,rx_12dB,,12.0,recalibrated,32qam,4,0.0,0.0,0.0
101,rx_12dB,,12.0,frozen,bpsk,6,0.0,0.0,0.0
101,rx_12dB,,12.0,frozen,qpsk,6,0.0,0.0,0.0
101,rx_12dB,,12.0,frozen,16qam,6,0.0,0.0,0.0
101,rx_12dB,,12.0,frozen,32qam,6,0.0,0.0,0.0
101,rx_12dB,,12.0,recalibrated,bpsk,6,0.0,0.0,0.0
101,rx_12dB,,12.0,recalibrated,qpsk,6,0.0,0.0,0.0
101,rx_12dB,,12.0,recalibrated,16qam,6,0.0,0.0,0.0
101,rx_12dB,,12.0,recalibrated,32qam,6,0.0,0.0,0.0
101,rx_12dB,,12.0,frozen,bpsk,8,0.0,0.0,0.0
101,rx_12dB,,12.0,frozen,qpsk,8,0.0,0.0,0.0
101,rx_12dB,,12.0,frozen,16qam,8,0.0,0.0,0.0
101,rx_12dB,,12.0,frozen,32qam,8,0.0,0.0,0.0
101,rx_12dB,,12.0,recalibrated,bpsk,8,0.0,0.0,0.0
101,rx_12dB,,12.0,recalibrated,qpsk,8,0.0,0.0,0.0
101,rx_12dB,,12.0,recalibrated,16qam,8,0.0,0.0,0.0
101,rx_12dB,,12.0,recalibrated,32qam,8,0.0,0.0,0.0
101,rx_12dB,,12.0,frozen,bpsk,10,0.0,0.0,0.0
101,rx_12dB,,12.0,frozen,qpsk,10,0.0,0.0,0.0
101,rx_12dB,,12.0,frozen,16qam,10,0.0,0.0,0.0
101,rx_12dB,,12.0,frozen,32qam,10,0.0,0.0,0.0
101,rx_12dB,,12.0,recalibrated,bpsk,10,0.0,0.0,0.0
101,rx_12dB,,12.0,recalibrated,qpsk,10,0.0,0.0,0.0
101,rx_12dB,,12.0,recalibrated,16qam,10,0.0,0.0,0.0
101,rx_12dB,,12.0,recalibrated,32qam,10,0.0,0.0,0.0
101,rx_6dB,,6.0,frozen,bpsk,-10,0.341,0.311975,0.37
101,rx_6dB,,6.0,frozen,qpsk,-10,0.138,0.113,0.163
101,rx_6dB,,6.0,frozen,16qam,-10,0.449,0.415,0.48002499999999987
101,rx_6dB,,6.0,frozen,32qam,-10,0.434,0.401,0.468
101,rx_6dB,,6.0,recalibrated,bpsk,-10,0.343,0.313975,0.3720249999999999
101,rx_6dB,,6.0,recalibrated,qpsk,-10,0.138,0.113,0.163
101,rx_6dB,,6.0,recalibrated,16qam,-10,0.439,0.405,0.471
101,rx_6dB,,6.0,recalibrated,32qam,-10,0.43,0.397975,0.464
101,rx_6dB,,6.0,frozen,bpsk,-8,0.131,0.11,0.152
101,rx_6dB,,6.0,frozen,qpsk,-8,0.048,0.035,0.061
101,rx_6dB,,6.0,frozen,16qam,-8,0.447,0.417,0.47702499999999987
101,rx_6dB,,6.0,frozen,32qam,-8,0.438,0.406,0.467
101,rx_6dB,,6.0,recalibrated,bpsk,-8,0.133,0.112,0.154
101,rx_6dB,,6.0,recalibrated,qpsk,-8,0.051,0.037,0.065
101,rx_6dB,,6.0,recalibrated,16qam,-8,0.447,0.417,0.47702499999999987
101,rx_6dB,,6.0,recalibrated,32qam,-8,0.437,0.405,0.467
101,rx_6dB,,6.0,frozen,bpsk,-6,0.031,0.02,0.042
101,rx_6dB,,6.0,frozen,qpsk,-6,0.006,0.002,0.011
101,rx_6dB,,6.0,frozen,16qam,-6,0.22,0.194,0.245
101,rx_6dB,,6.0,frozen,32qam,-6,0.253,0.225975,0.28
101,rx_6dB,,6.0,recalibrated,bpsk,-6,0.032,0.021,0.043
101,rx_6dB,,6.0,recalibrated,qpsk,-6,0.007,0.002,0.013
101,rx_6dB,,6.0,recalibrated,16qam,-6,0.224,0.198,0.249
101,rx_6dB,,6.0,recalibrated,32qam,-6,0.258,0.23,0.28502499999999986
101,rx_6dB,,6.0,frozen,bpsk,-4,0.004,0.001,0.008
101,rx_6dB,,6.0,frozen,qpsk,-4,0.0,0.0,0.0
101,rx_6dB,,6.0,frozen,16qam,-4,0.074,0.057,0.091
101,rx_6dB,,6.0,frozen,32qam,-4,0.068,0.052975,0.085
101,rx_6dB,,6.0,recalibrated,bpsk,-4,0.004,0.001,0.008
101,rx_6dB,,6.0,recalibrated,qpsk,-4,0.0,0.0,0.0
101,rx_6dB,,6.0,recalibrated,16qam,-4,0.075,0.058,0.092
101,rx_6dB,,6.0,recalibrated,32qam,-4,0.07,0.054,0.08602499999999985
101,rx_6dB,,6.0,frozen,bpsk,-2,0.002,0.0,0.005
101,rx_6dB,,6.0,frozen,qpsk,-2,0.0,0.0,0.0
101,rx_6dB,,6.0,frozen,16qam,-2,0.018,0.01,0.027
101,rx_6dB,,6.0,frozen,32qam,-2,0.018,0.01,0.027
101,rx_6dB,,6.0,recalibrated,bpsk,-2,0.002,0.0,0.005
101,rx_6dB,,6.0,recalibrated,qpsk,-2,0.0,0.0,0.0
101,rx_6dB,,6.0,recalibrated,16qam,-2,0.019,0.011,0.028
101,rx_6dB,,6.0,recalibrated,32qam,-2,0.018,0.01,0.027
101,rx_6dB,,6.0,frozen,bpsk,0,0.0,0.0,0.0
101,rx_6dB,,6.0,frozen,qpsk,0,0.0,0.0,0.0
101,rx_6dB,,6.0,frozen,16qam,0,0.003,0.0,0.007
101,rx_6dB,,6.0,frozen,32qam,0,0.005,0.001,0.01
101,rx_6dB,,6.0,recalibrated,bpsk,0,0.0,0.0,0.0
101,rx_6dB,,6.0,recalibrated,qpsk,0,0.0,0.0,0.0
101,rx_6dB,,6.0,recalibrated,16qam,0,0.003,0.0,0.007
101,rx_6dB,,6.0,recalibrated,32qam,0,0.005,0.001,0.01
101,rx_6dB,,6.0,frozen,bpsk,2,0.0,0.0,0.0
101,rx_6dB,,6.0,frozen,qpsk,2,0.0,0.0,0.0
101,rx_6dB,,6.0,frozen,16qam,2,0.002,0.0,0.005
101,rx_6dB,,6.0,frozen,32qam,2,0.001,0.0,0.003
101,rx_6dB,,6.0,recalibrated,bpsk,2,0.0,0.0,0.0
101,rx_6dB,,6.0,recalibrated,qpsk,2,0.0,0.0,0.0
101,rx_6dB,,6.0,recalibrated,16qam,2,0.002,0.0,0.005
101,rx_6dB,,6.0,recalibrated,32qam,2,0.001,0.0,0.003
101,rx_6dB,,6.0,frozen,bpsk,4,0.0,0.0,0.0
101,rx_6dB,,6.0,frozen,qpsk,4,0.0,0.0,0.0
101,rx_6dB,,6.0,frozen,16qam,4,0.0,0.0,0.0
101,rx_6dB,,6.0,frozen,32qam,4,0.0,0.0,0.0
101,rx_6dB,,6.0,recalibrated,bpsk,4,0.0,0.0,0.0
101,rx_6dB,,6.0,recalibrated,qpsk,4,0.0,0.0,0.0
101,rx_6dB,,6.0,recalibrated,16qam,4,0.0,0.0,0.0
101,rx_6dB,,6.0,recalibrated,32qam,4,0.0,0.0,0.0
101,rx_6dB,,6.0,frozen,bpsk,6,0.0,0.0,0.0
101,rx_6dB,,6.0,frozen,qpsk,6,0.0,0.0,0.0
101,rx_6dB,,6.0,frozen,16qam,6,0.0,0.0,0.0
101,rx_6dB,,6.0,frozen,32qam,6,0.0,0.0,0.0
101,rx_6dB,,6.0,recalibrated,bpsk,6,0.0,0.0,0.0
101,rx_6dB,,6.0,recalibrated,qpsk,6,0.0,0.0,0.0
101,rx_6dB,,6.0,recalibrated,16qam,6,0.0,0.0,0.0
101,rx_6dB,,6.0,recalibrated,32qam,6,0.0,0.0,0.0
101,rx_6dB,,6.0,frozen,bpsk,8,0.0,0.0,0.0
101,rx_6dB,,6.0,frozen,qpsk,8,0.0,0.0,0.0
101,rx_6dB,,6.0,frozen,16qam,8,0.0,0.0,0.0
101,rx_6dB,,6.0,frozen,32qam,8,0.0,0.0,0.0
101,rx_6dB,,6.0,recalibrated,bpsk,8,0.0,0.0,0.0
101,rx_6dB,,6.0,recalibrated,qpsk,8,0.0,0.0,0.0
101,rx_6dB,,6.0,recalibrated,16qam,8,0.0,0.0,0.0
101,rx_6dB,,6.0,recalibrated,32qam,8,0.0,0.0,0.0
101,rx_6dB,,6.0,frozen,bpsk,10,0.0,0.0,0.0
101,rx_6dB,,6.0,frozen,qpsk,10,0.0,0.0,0.0
101,rx_6dB,,6.0,frozen,16qam,10,0.0,0.0,0.0
101,rx_6dB,,6.0,frozen,32qam,10,0.0,0.0,0.0
101,rx_6dB,,6.0,recalibrated,bpsk,10,0.0,0.0,0.0
101,rx_6dB,,6.0,recalibrated,qpsk,10,0.0,0.0,0.0
101,rx_6dB,,6.0,recalibrated,16qam,10,0.0,0.0,0.0
101,rx_6dB,,6.0,recalibrated,32qam,10,0.0,0.0,0.0
101,rx_0dB,,0.0,frozen,bpsk,-10,0.349,0.319,0.378
101,rx_0dB,,0.0,frozen,qpsk,-10,0.151,0.126,0.176
101,rx_0dB,,0.0,frozen,16qam,-10,0.445,0.412,0.477
101,rx_0dB,,0.0,frozen,32qam,-10,0.417,0.384,0.45
101,rx_0dB,,0.0,recalibrated,bpsk,-10,0.344,0.315,0.373
101,rx_0dB,,0.0,recalibrated,qpsk,-10,0.147,0.122,0.172
101,rx_0dB,,0.0,recalibrated,16qam,-10,0.433,0.4,0.465
101,rx_0dB,,0.0,recalibrated,32qam,-10,0.401,0.367,0.4340249999999999
101,rx_0dB,,0.0,frozen,bpsk,-8,0.142,0.122,0.164
101,rx_0dB,,0.0,frozen,qpsk,-8,0.053,0.039,0.068
101,rx_0dB,,0.0,frozen,16qam,-8,0.458,0.428,0.489
101,rx_0dB,,0.0,frozen,32qam,-8,0.45,0.42,0.48002499999999987
101,rx_0dB,,0.0,recalibrated,bpsk,-8,0.141,0.121,0.162
101,rx_0dB,,0.0,recalibrated,qpsk,-8,0.052,0.038,0.067
101,rx_0dB,,0.0,recalibrated,16qam,-8,0.454,0.424,0.48402499999999987
101,rx_0dB,,0.0,recalibrated,32qam,-8,0.442,0.410975,0.473
101,rx_0dB,,0.0,frozen,bpsk,-6,0.029,0.019975000000000003,0.039024999999999865
101,rx_0dB,,0.0,frozen,qpsk,-6,0.008,0.003,0.014
101,rx_0dB,,0.0,frozen,16qam,-6,0.249,0.222,0.275
101,rx_0dB,,0.0,frozen,32qam,-6,0.266,0.239,0.294
101,rx_0dB,,0.0,recalibrated,bpsk,-6,0.029,0.019975000000000003,0.039024999999999865
101,rx_0dB,,0.0,recalibrated,qpsk,-6,0.008,0.003,0.014
101,rx_0dB,,0.0,recalibrated,16qam,-6,0.248,0.221,0.2740249999999999
101,rx_0dB,,0.0,recalibrated,32qam,-6,0.265,0.238,0.293
101,rx_0dB,,0.0,frozen,bpsk,-4,0.004,0.001,0.008
101,rx_0dB,,0.0,frozen,qpsk,-4,0.0,0.0,0.0
101,rx_0dB,,0.0,frozen,16qam,-4,0.094,0.076,0.113
101,rx_0dB,,0.0,frozen,32qam,-4,0.078,0.062,0.095
101,rx_0dB,,0.0,recalibrated,bpsk,-4,0.004,0.001,0.008
101,rx_0dB,,0.0,recalibrated,qpsk,-4,0.0,0.0,0.0
101,rx_0dB,,0.0,recalibrated,16qam,-4,0.093,0.075,0.112
101,rx_0dB,,0.0,recalibrated,32qam,-4,0.078,0.062,0.095
101,rx_0dB,,0.0,frozen,bpsk,-2,0.002,0.0,0.005
101,rx_0dB,,0.0,frozen,qpsk,-2,0.0,0.0,0.0
101,rx_0dB,,0.0,frozen,16qam,-2,0.02,0.012,0.029
101,rx_0dB,,0.0,frozen,32qam,-2,0.018,0.01,0.027
101,rx_0dB,,0.0,recalibrated,bpsk,-2,0.002,0.0,0.005
101,rx_0dB,,0.0,recalibrated,qpsk,-2,0.0,0.0,0.0
101,rx_0dB,,0.0,recalibrated,16qam,-2,0.02,0.012,0.029
101,rx_0dB,,0.0,recalibrated,32qam,-2,0.018,0.01,0.027
101,rx_0dB,,0.0,frozen,bpsk,0,0.0,0.0,0.0
101,rx_0dB,,0.0,frozen,qpsk,0,0.0,0.0,0.0
101,rx_0dB,,0.0,frozen,16qam,0,0.004,0.001,0.009
101,rx_0dB,,0.0,frozen,32qam,0,0.005,0.001,0.01
101,rx_0dB,,0.0,recalibrated,bpsk,0,0.0,0.0,0.0
101,rx_0dB,,0.0,recalibrated,qpsk,0,0.0,0.0,0.0
101,rx_0dB,,0.0,recalibrated,16qam,0,0.004,0.001,0.009
101,rx_0dB,,0.0,recalibrated,32qam,0,0.005,0.001,0.01
101,rx_0dB,,0.0,frozen,bpsk,2,0.0,0.0,0.0
101,rx_0dB,,0.0,frozen,qpsk,2,0.0,0.0,0.0
101,rx_0dB,,0.0,frozen,16qam,2,0.002,0.0,0.005
101,rx_0dB,,0.0,frozen,32qam,2,0.002,0.0,0.005
101,rx_0dB,,0.0,recalibrated,bpsk,2,0.0,0.0,0.0
101,rx_0dB,,0.0,recalibrated,qpsk,2,0.0,0.0,0.0
101,rx_0dB,,0.0,recalibrated,16qam,2,0.002,0.0,0.005
101,rx_0dB,,0.0,recalibrated,32qam,2,0.001,0.0,0.003
101,rx_0dB,,0.0,frozen,bpsk,4,0.0,0.0,0.0
101,rx_0dB,,0.0,frozen,qpsk,4,0.0,0.0,0.0
101,rx_0dB,,0.0,frozen,16qam,4,0.0,0.0,0.0
101,rx_0dB,,0.0,frozen,32qam,4,0.0,0.0,0.0
101,rx_0dB,,0.0,recalibrated,bpsk,4,0.0,0.0,0.0
101,rx_0dB,,0.0,recalibrated,qpsk,4,0.0,0.0,0.0
101,rx_0dB,,0.0,recalibrated,16qam,4,0.0,0.0,0.0
101,rx_0dB,,0.0,recalibrated,32qam,4,0.0,0.0,0.0
101,rx_0dB,,0.0,frozen,bpsk,6,0.0,0.0,0.0
101,rx_0dB,,0.0,frozen,qpsk,6,0.0,0.0,0.0
101,rx_0dB,,0.0,frozen,16qam,6,0.0,0.0,0.0
101,rx_0dB,,0.0,frozen,32qam,6,0.0,0.0,0.0
101,rx_0dB,,0.0,recalibrated,bpsk,6,0.0,0.0,0.0
101,rx_0dB,,0.0,recalibrated,qpsk,6,0.0,0.0,0.0
101,rx_0dB,,0.0,recalibrated,16qam,6,0.0,0.0,0.0
101,rx_0dB,,0.0,recalibrated,32qam,6,0.0,0.0,0.0
101,rx_0dB,,0.0,frozen,bpsk,8,0.0,0.0,0.0
101,rx_0dB,,0.0,frozen,qpsk,8,0.0,0.0,0.0
101,rx_0dB,,0.0,frozen,16qam,8,0.0,0.0,0.0
101,rx_0dB,,0.0,frozen,32qam,8,0.0,0.0,0.0
101,rx_0dB,,0.0,recalibrated,bpsk,8,0.0,0.0,0.0
101,rx_0dB,,0.0,recalibrated,qpsk,8,0.0,0.0,0.0
101,rx_0dB,,0.0,recalibrated,16qam,8,0.0,0.0,0.0
101,rx_0dB,,0.0,recalibrated,32qam,8,0.0,0.0,0.0
101,rx_0dB,,0.0,frozen,bpsk,10,0.0,0.0,0.0
101,rx_0dB,,0.0,frozen,qpsk,10,0.0,0.0,0.0
101,rx_0dB,,0.0,frozen,16qam,10,0.0,0.0,0.0
101,rx_0dB,,0.0,frozen,32qam,10,0.0,0.0,0.0
101,rx_0dB,,0.0,recalibrated,bpsk,10,0.0,0.0,0.0
101,rx_0dB,,0.0,recalibrated,qpsk,10,0.0,0.0,0.0
101,rx_0dB,,0.0,recalibrated,16qam,10,0.0,0.0,0.0
101,rx_0dB,,0.0,recalibrated,32qam,10,0.0,0.0,0.0
101,tx_9_rx_12dB,9.0,12.0,frozen,bpsk,-10,0.343,0.313975,0.3720249999999999
101,tx_9_rx_12dB,9.0,12.0,frozen,qpsk,-10,0.132,0.108,0.157
101,tx_9_rx_12dB,9.0,12.0,frozen,16qam,-10,0.451,0.418,0.48202499999999987
101,tx_9_rx_12dB,9.0,12.0,frozen,32qam,-10,0.432,0.399,0.465
101,tx_9_rx_12dB,9.0,12.0,recalibrated,bpsk,-10,0.344,0.314,0.3730249999999999
101,tx_9_rx_12dB,9.0,12.0,recalibrated,qpsk,-10,0.133,0.109,0.158
101,tx_9_rx_12dB,9.0,12.0,recalibrated,16qam,-10,0.449,0.415,0.48002499999999987
101,tx_9_rx_12dB,9.0,12.0,recalibrated,32qam,-10,0.432,0.399,0.465
101,tx_9_rx_12dB,9.0,12.0,frozen,bpsk,-8,0.136,0.115,0.157
101,tx_9_rx_12dB,9.0,12.0,frozen,qpsk,-8,0.046,0.033,0.06
101,tx_9_rx_12dB,9.0,12.0,frozen,16qam,-8,0.435,0.404,0.4650249999999999
101,tx_9_rx_12dB,9.0,12.0,frozen,32qam,-8,0.434,0.402,0.463
101,tx_9_rx_12dB,9.0,12.0,recalibrated,bpsk,-8,0.136,0.115,0.157
101,tx_9_rx_12dB,9.0,12.0,recalibrated,qpsk,-8,0.046,0.033,0.06
101,tx_9_rx_12dB,9.0,12.0,recalibrated,16qam,-8,0.435,0.404,0.4650249999999999
101,tx_9_rx_12dB,9.0,12.0,recalibrated,32qam,-8,0.434,0.402,0.463
101,tx_9_rx_12dB,9.0,12.0,frozen,bpsk,-6,0.032,0.021,0.043
101,tx_9_rx_12dB,9.0,12.0,frozen,qpsk,-6,0.008,0.003,0.014
101,tx_9_rx_12dB,9.0,12.0,frozen,16qam,-6,0.224,0.198,0.249
101,tx_9_rx_12dB,9.0,12.0,frozen,32qam,-6,0.261,0.234,0.289
101,tx_9_rx_12dB,9.0,12.0,recalibrated,bpsk,-6,0.032,0.021,0.043
101,tx_9_rx_12dB,9.0,12.0,recalibrated,qpsk,-6,0.008,0.003,0.014
101,tx_9_rx_12dB,9.0,12.0,recalibrated,16qam,-6,0.226,0.2,0.251
101,tx_9_rx_12dB,9.0,12.0,recalibrated,32qam,-6,0.26,0.233,0.288
101,tx_9_rx_12dB,9.0,12.0,frozen,bpsk,-4,0.007,0.002,0.012
101,tx_9_rx_12dB,9.0,12.0,frozen,qpsk,-4,0.0,0.0,0.0
101,tx_9_rx_12dB,9.0,12.0,frozen,16qam,-4,0.072,0.056,0.089
101,tx_9_rx_12dB,9.0,12.0,frozen,32qam,-4,0.07,0.054,0.08602499999999985
101,tx_9_rx_12dB,9.0,12.0,recalibrated,bpsk,-4,0.007,0.002,0.012
101,tx_9_rx_12dB,9.0,12.0,recalibrated,qpsk,-4,0.0,0.0,0.0
101,tx_9_rx_12dB,9.0,12.0,recalibrated,16qam,-4,0.072,0.056,0.089
101,tx_9_rx_12dB,9.0,12.0,recalibrated,32qam,-4,0.07,0.054,0.08602499999999985
101,tx_9_rx_12dB,9.0,12.0,frozen,bpsk,-2,0.002,0.0,0.005
101,tx_9_rx_12dB,9.0,12.0,frozen,qpsk,-2,0.0,0.0,0.0
101,tx_9_rx_12dB,9.0,12.0,frozen,16qam,-2,0.017,0.01,0.026
101,tx_9_rx_12dB,9.0,12.0,frozen,32qam,-2,0.018,0.01,0.027
101,tx_9_rx_12dB,9.0,12.0,recalibrated,bpsk,-2,0.002,0.0,0.005
101,tx_9_rx_12dB,9.0,12.0,recalibrated,qpsk,-2,0.0,0.0,0.0
101,tx_9_rx_12dB,9.0,12.0,recalibrated,16qam,-2,0.017,0.01,0.026
101,tx_9_rx_12dB,9.0,12.0,recalibrated,32qam,-2,0.018,0.01,0.027
101,tx_9_rx_12dB,9.0,12.0,frozen,bpsk,0,0.0,0.0,0.0
101,tx_9_rx_12dB,9.0,12.0,frozen,qpsk,0,0.0,0.0,0.0
101,tx_9_rx_12dB,9.0,12.0,frozen,16qam,0,0.003,0.0,0.007
101,tx_9_rx_12dB,9.0,12.0,frozen,32qam,0,0.005,0.001,0.01
101,tx_9_rx_12dB,9.0,12.0,recalibrated,bpsk,0,0.0,0.0,0.0
101,tx_9_rx_12dB,9.0,12.0,recalibrated,qpsk,0,0.0,0.0,0.0
101,tx_9_rx_12dB,9.0,12.0,recalibrated,16qam,0,0.003,0.0,0.007
101,tx_9_rx_12dB,9.0,12.0,recalibrated,32qam,0,0.005,0.001,0.01
101,tx_9_rx_12dB,9.0,12.0,frozen,bpsk,2,0.0,0.0,0.0
101,tx_9_rx_12dB,9.0,12.0,frozen,qpsk,2,0.0,0.0,0.0
101,tx_9_rx_12dB,9.0,12.0,frozen,16qam,2,0.002,0.0,0.005
101,tx_9_rx_12dB,9.0,12.0,frozen,32qam,2,0.001,0.0,0.003
101,tx_9_rx_12dB,9.0,12.0,recalibrated,bpsk,2,0.0,0.0,0.0
101,tx_9_rx_12dB,9.0,12.0,recalibrated,qpsk,2,0.0,0.0,0.0
101,tx_9_rx_12dB,9.0,12.0,recalibrated,16qam,2,0.002,0.0,0.005
101,tx_9_rx_12dB,9.0,12.0,recalibrated,32qam,2,0.001,0.0,0.003
101,tx_9_rx_12dB,9.0,12.0,frozen,bpsk,4,0.0,0.0,0.0
101,tx_9_rx_12dB,9.0,12.0,frozen,qpsk,4,0.0,0.0,0.0
101,tx_9_rx_12dB,9.0,12.0,frozen,16qam,4,0.0,0.0,0.0
101,tx_9_rx_12dB,9.0,12.0,frozen,32qam,4,0.0,0.0,0.0
101,tx_9_rx_12dB,9.0,12.0,recalibrated,bpsk,4,0.0,0.0,0.0
101,tx_9_rx_12dB,9.0,12.0,recalibrated,qpsk,4,0.0,0.0,0.0
101,tx_9_rx_12dB,9.0,12.0,recalibrated,16qam,4,0.0,0.0,0.0
101,tx_9_rx_12dB,9.0,12.0,recalibrated,32qam,4,0.0,0.0,0.0
101,tx_9_rx_12dB,9.0,12.0,frozen,bpsk,6,0.0,0.0,0.0
101,tx_9_rx_12dB,9.0,12.0,frozen,qpsk,6,0.0,0.0,0.0
101,tx_9_rx_12dB,9.0,12.0,frozen,16qam,6,0.0,0.0,0.0
101,tx_9_rx_12dB,9.0,12.0,frozen,32qam,6,0.0,0.0,0.0
101,tx_9_rx_12dB,9.0,12.0,recalibrated,bpsk,6,0.0,0.0,0.0
101,tx_9_rx_12dB,9.0,12.0,recalibrated,qpsk,6,0.0,0.0,0.0
101,tx_9_rx_12dB,9.0,12.0,recalibrated,16qam,6,0.0,0.0,0.0
101,tx_9_rx_12dB,9.0,12.0,recalibrated,32qam,6,0.0,0.0,0.0
101,tx_9_rx_12dB,9.0,12.0,frozen,bpsk,8,0.0,0.0,0.0
101,tx_9_rx_12dB,9.0,12.0,frozen,qpsk,8,0.0,0.0,0.0
101,tx_9_rx_12dB,9.0,12.0,frozen,16qam,8,0.0,0.0,0.0
101,tx_9_rx_12dB,9.0,12.0,frozen,32qam,8,0.0,0.0,0.0
101,tx_9_rx_12dB,9.0,12.0,recalibrated,bpsk,8,0.0,0.0,0.0
101,tx_9_rx_12dB,9.0,12.0,recalibrated,qpsk,8,0.0,0.0,0.0
101,tx_9_rx_12dB,9.0,12.0,recalibrated,16qam,8,0.0,0.0,0.0
101,tx_9_rx_12dB,9.0,12.0,recalibrated,32qam,8,0.0,0.0,0.0
101,tx_9_rx_12dB,9.0,12.0,frozen,bpsk,10,0.0,0.0,0.0
101,tx_9_rx_12dB,9.0,12.0,frozen,qpsk,10,0.0,0.0,0.0
101,tx_9_rx_12dB,9.0,12.0,frozen,16qam,10,0.0,0.0,0.0
101,tx_9_rx_12dB,9.0,12.0,frozen,32qam,10,0.0,0.0,0.0
101,tx_9_rx_12dB,9.0,12.0,recalibrated,bpsk,10,0.0,0.0,0.0
101,tx_9_rx_12dB,9.0,12.0,recalibrated,qpsk,10,0.0,0.0,0.0
101,tx_9_rx_12dB,9.0,12.0,recalibrated,16qam,10,0.0,0.0,0.0
101,tx_9_rx_12dB,9.0,12.0,recalibrated,32qam,10,0.0,0.0,0.0
101,tx_9_rx_6dB,9.0,6.0,frozen,bpsk,-10,0.34,0.311,0.369
101,tx_9_rx_6dB,9.0,6.0,frozen,qpsk,-10,0.138,0.113,0.163
101,tx_9_rx_6dB,9.0,6.0,frozen,16qam,-10,0.449,0.415,0.48002499999999987
101,tx_9_rx_6dB,9.0,6.0,frozen,32qam,-10,0.434,0.401,0.468
101,tx_9_rx_6dB,9.0,6.0,recalibrated,bpsk,-10,0.342,0.312975,0.371
101,tx_9_rx_6dB,9.0,6.0,recalibrated,qpsk,-10,0.138,0.113,0.163
101,tx_9_rx_6dB,9.0,6.0,recalibrated,16qam,-10,0.436,0.402,0.468
101,tx_9_rx_6dB,9.0,6.0,recalibrated,32qam,-10,0.431,0.398975,0.465
101,tx_9_rx_6dB,9.0,6.0,frozen,bpsk,-8,0.131,0.11,0.152
101,tx_9_rx_6dB,9.0,6.0,frozen,qpsk,-8,0.048,0.035,0.061
101,tx_9_rx_6dB,9.0,6.0,frozen,16qam,-8,0.448,0.418,0.479
101,tx_9_rx_6dB,9.0,6.0,frozen,32qam,-8,0.441,0.41,0.471
101,tx_9_rx_6dB,9.0,6.0,recalibrated,bpsk,-8,0.134,0.114,0.155
101,tx_9_rx_6dB,9.0,6.0,recalibrated,qpsk,-8,0.051,0.037,0.065
101,tx_9_rx_6dB,9.0,6.0,recalibrated,16qam,-8,0.446,0.416,0.477
101,tx_9_rx_6dB,9.0,6.0,recalibrated,32qam,-8,0.437,0.405,0.467
101,tx_9_rx_6dB,9.0,6.0,frozen,bpsk,-6,0.031,0.02,0.042
101,tx_9_rx_6dB,9.0,6.0,frozen,qpsk,-6,0.007,0.002,0.013
101,tx_9_rx_6dB,9.0,6.0,frozen,16qam,-6,0.221,0.195,0.246
101,tx_9_rx_6dB,9.0,6.0,frozen,32qam,-6,0.254,0.226975,0.281
101,tx_9_rx_6dB,9.0,6.0,recalibrated,bpsk,-6,0.032,0.021,0.043
101,tx_9_rx_6dB,9.0,6.0,recalibrated,qpsk,-6,0.008,0.003,0.014
101,tx_9_rx_6dB,9.0,6.0,recalibrated,16qam,-6,0.223,0.197,0.248
101,tx_9_rx_6dB,9.0,6.0,recalibrated,32qam,-6,0.257,0.229975,0.284
101,tx_9_rx_6dB,9.0,6.0,frozen,bpsk,-4,0.004,0.001,0.008
101,tx_9_rx_6dB,9.0,6.0,frozen,qpsk,-4,0.0,0.0,0.0
101,tx_9_rx_6dB,9.0,6.0,frozen,16qam,-4,0.074,0.057,0.091
101,tx_9_rx_6dB,9.0,6.0,frozen,32qam,-4,0.068,0.052975,0.085
101,tx_9_rx_6dB,9.0,6.0,recalibrated,bpsk,-4,0.004,0.001,0.008
101,tx_9_rx_6dB,9.0,6.0,recalibrated,qpsk,-4,0.0,0.0,0.0
101,tx_9_rx_6dB,9.0,6.0,recalibrated,16qam,-4,0.074,0.057,0.091
101,tx_9_rx_6dB,9.0,6.0,recalibrated,32qam,-4,0.07,0.054,0.08602499999999985
101,tx_9_rx_6dB,9.0,6.0,frozen,bpsk,-2,0.002,0.0,0.005
101,tx_9_rx_6dB,9.0,6.0,frozen,qpsk,-2,0.0,0.0,0.0
101,tx_9_rx_6dB,9.0,6.0,frozen,16qam,-2,0.018,0.01,0.027
101,tx_9_rx_6dB,9.0,6.0,frozen,32qam,-2,0.017,0.009,0.026
101,tx_9_rx_6dB,9.0,6.0,recalibrated,bpsk,-2,0.002,0.0,0.005
101,tx_9_rx_6dB,9.0,6.0,recalibrated,qpsk,-2,0.0,0.0,0.0
101,tx_9_rx_6dB,9.0,6.0,recalibrated,16qam,-2,0.019,0.011,0.028
101,tx_9_rx_6dB,9.0,6.0,recalibrated,32qam,-2,0.018,0.01,0.027
101,tx_9_rx_6dB,9.0,6.0,frozen,bpsk,0,0.0,0.0,0.0
101,tx_9_rx_6dB,9.0,6.0,frozen,qpsk,0,0.0,0.0,0.0
101,tx_9_rx_6dB,9.0,6.0,frozen,16qam,0,0.003,0.0,0.007
101,tx_9_rx_6dB,9.0,6.0,frozen,32qam,0,0.005,0.001,0.01
101,tx_9_rx_6dB,9.0,6.0,recalibrated,bpsk,0,0.0,0.0,0.0
101,tx_9_rx_6dB,9.0,6.0,recalibrated,qpsk,0,0.0,0.0,0.0
101,tx_9_rx_6dB,9.0,6.0,recalibrated,16qam,0,0.003,0.0,0.007
101,tx_9_rx_6dB,9.0,6.0,recalibrated,32qam,0,0.005,0.001,0.01
101,tx_9_rx_6dB,9.0,6.0,frozen,bpsk,2,0.0,0.0,0.0
101,tx_9_rx_6dB,9.0,6.0,frozen,qpsk,2,0.0,0.0,0.0
101,tx_9_rx_6dB,9.0,6.0,frozen,16qam,2,0.002,0.0,0.005
101,tx_9_rx_6dB,9.0,6.0,frozen,32qam,2,0.001,0.0,0.003
101,tx_9_rx_6dB,9.0,6.0,recalibrated,bpsk,2,0.0,0.0,0.0
101,tx_9_rx_6dB,9.0,6.0,recalibrated,qpsk,2,0.0,0.0,0.0
101,tx_9_rx_6dB,9.0,6.0,recalibrated,16qam,2,0.002,0.0,0.005
101,tx_9_rx_6dB,9.0,6.0,recalibrated,32qam,2,0.001,0.0,0.003
101,tx_9_rx_6dB,9.0,6.0,frozen,bpsk,4,0.0,0.0,0.0
101,tx_9_rx_6dB,9.0,6.0,frozen,qpsk,4,0.0,0.0,0.0
101,tx_9_rx_6dB,9.0,6.0,frozen,16qam,4,0.0,0.0,0.0
101,tx_9_rx_6dB,9.0,6.0,frozen,32qam,4,0.0,0.0,0.0
101,tx_9_rx_6dB,9.0,6.0,recalibrated,bpsk,4,0.0,0.0,0.0
101,tx_9_rx_6dB,9.0,6.0,recalibrated,qpsk,4,0.0,0.0,0.0
101,tx_9_rx_6dB,9.0,6.0,recalibrated,16qam,4,0.0,0.0,0.0
101,tx_9_rx_6dB,9.0,6.0,recalibrated,32qam,4,0.0,0.0,0.0
101,tx_9_rx_6dB,9.0,6.0,frozen,bpsk,6,0.0,0.0,0.0
101,tx_9_rx_6dB,9.0,6.0,frozen,qpsk,6,0.0,0.0,0.0
101,tx_9_rx_6dB,9.0,6.0,frozen,16qam,6,0.0,0.0,0.0
101,tx_9_rx_6dB,9.0,6.0,frozen,32qam,6,0.0,0.0,0.0
101,tx_9_rx_6dB,9.0,6.0,recalibrated,bpsk,6,0.0,0.0,0.0
101,tx_9_rx_6dB,9.0,6.0,recalibrated,qpsk,6,0.0,0.0,0.0
101,tx_9_rx_6dB,9.0,6.0,recalibrated,16qam,6,0.0,0.0,0.0
101,tx_9_rx_6dB,9.0,6.0,recalibrated,32qam,6,0.0,0.0,0.0
101,tx_9_rx_6dB,9.0,6.0,frozen,bpsk,8,0.0,0.0,0.0
101,tx_9_rx_6dB,9.0,6.0,frozen,qpsk,8,0.0,0.0,0.0
101,tx_9_rx_6dB,9.0,6.0,frozen,16qam,8,0.0,0.0,0.0
101,tx_9_rx_6dB,9.0,6.0,frozen,32qam,8,0.0,0.0,0.0
101,tx_9_rx_6dB,9.0,6.0,recalibrated,bpsk,8,0.0,0.0,0.0
101,tx_9_rx_6dB,9.0,6.0,recalibrated,qpsk,8,0.0,0.0,0.0
101,tx_9_rx_6dB,9.0,6.0,recalibrated,16qam,8,0.0,0.0,0.0
101,tx_9_rx_6dB,9.0,6.0,recalibrated,32qam,8,0.0,0.0,0.0
101,tx_9_rx_6dB,9.0,6.0,frozen,bpsk,10,0.0,0.0,0.0
101,tx_9_rx_6dB,9.0,6.0,frozen,qpsk,10,0.0,0.0,0.0
101,tx_9_rx_6dB,9.0,6.0,frozen,16qam,10,0.0,0.0,0.0
101,tx_9_rx_6dB,9.0,6.0,frozen,32qam,10,0.0,0.0,0.0
101,tx_9_rx_6dB,9.0,6.0,recalibrated,bpsk,10,0.0,0.0,0.0
101,tx_9_rx_6dB,9.0,6.0,recalibrated,qpsk,10,0.0,0.0,0.0
101,tx_9_rx_6dB,9.0,6.0,recalibrated,16qam,10,0.0,0.0,0.0
101,tx_9_rx_6dB,9.0,6.0,recalibrated,32qam,10,0.0,0.0,0.0
101,tx_9_rx_0dB,9.0,0.0,frozen,bpsk,-10,0.35,0.32,0.379
101,tx_9_rx_0dB,9.0,0.0,frozen,qpsk,-10,0.151,0.126,0.176
101,tx_9_rx_0dB,9.0,0.0,frozen,16qam,-10,0.444,0.411,0.476
101,tx_9_rx_0dB,9.0,0.0,frozen,32qam,-10,0.416,0.382975,0.449
101,tx_9_rx_0dB,9.0,0.0,recalibrated,bpsk,-10,0.344,0.315,0.373
101,tx_9_rx_0dB,9.0,0.0,recalibrated,qpsk,-10,0.147,0.122,0.172
101,tx_9_rx_0dB,9.0,0.0,recalibrated,16qam,-10,0.433,0.4,0.465
101,tx_9_rx_0dB,9.0,0.0,recalibrated,32qam,-10,0.401,0.367,0.435
101,tx_9_rx_0dB,9.0,0.0,frozen,bpsk,-8,0.143,0.123,0.165
101,tx_9_rx_0dB,9.0,0.0,frozen,qpsk,-8,0.053,0.039,0.068
101,tx_9_rx_0dB,9.0,0.0,frozen,16qam,-8,0.458,0.428,0.489
101,tx_9_rx_0dB,9.0,0.0,frozen,32qam,-8,0.448,0.418,0.479
101,tx_9_rx_0dB,9.0,0.0,recalibrated,bpsk,-8,0.142,0.122,0.164
101,tx_9_rx_0dB,9.0,0.0,recalibrated,qpsk,-8,0.052,0.038,0.067
101,tx_9_rx_0dB,9.0,0.0,recalibrated,16qam,-8,0.456,0.426,0.487
101,tx_9_rx_0dB,9.0,0.0,recalibrated,32qam,-8,0.443,0.412,0.47302499999999986
101,tx_9_rx_0dB,9.0,0.0,frozen,bpsk,-6,0.029,0.019975000000000003,0.039024999999999865
101,tx_9_rx_0dB,9.0,0.0,frozen,qpsk,-6,0.008,0.003,0.014
101,tx_9_rx_0dB,9.0,0.0,frozen,16qam,-6,0.248,0.221,0.2740249999999999
101,tx_9_rx_0dB,9.0,0.0,frozen,32qam,-6,0.267,0.24,0.295
101,tx_9_rx_0dB,9.0,0.0,recalibrated,bpsk,-6,0.029,0.019975000000000003,0.039024999999999865
101,tx_9_rx_0dB,9.0,0.0,recalibrated,qpsk,-6,0.008,0.003,0.014
101,tx_9_rx_0dB,9.0,0.0,recalibrated,16qam,-6,0.248,0.221,0.2740249999999999
101,tx_9_rx_0dB,9.0,0.0,recalibrated,32qam,-6,0.265,0.238,0.293
101,tx_9_rx_0dB,9.0,0.0,frozen,bpsk,-4,0.004,0.001,0.008
101,tx_9_rx_0dB,9.0,0.0,frozen,qpsk,-4,0.0,0.0,0.0
101,tx_9_rx_0dB,9.0,0.0,frozen,16qam,-4,0.094,0.076,0.113
101,tx_9_rx_0dB,9.0,0.0,frozen,32qam,-4,0.078,0.062,0.095
101,tx_9_rx_0dB,9.0,0.0,recalibrated,bpsk,-4,0.004,0.001,0.008
101,tx_9_rx_0dB,9.0,0.0,recalibrated,qpsk,-4,0.0,0.0,0.0
101,tx_9_rx_0dB,9.0,0.0,recalibrated,16qam,-4,0.094,0.076,0.113
101,tx_9_rx_0dB,9.0,0.0,recalibrated,32qam,-4,0.078,0.062,0.095
101,tx_9_rx_0dB,9.0,0.0,frozen,bpsk,-2,0.002,0.0,0.005
101,tx_9_rx_0dB,9.0,0.0,frozen,qpsk,-2,0.0,0.0,0.0
101,tx_9_rx_0dB,9.0,0.0,frozen,16qam,-2,0.02,0.012,0.029
101,tx_9_rx_0dB,9.0,0.0,frozen,32qam,-2,0.018,0.01,0.027
101,tx_9_rx_0dB,9.0,0.0,recalibrated,bpsk,-2,0.002,0.0,0.005
101,tx_9_rx_0dB,9.0,0.0,recalibrated,qpsk,-2,0.0,0.0,0.0
101,tx_9_rx_0dB,9.0,0.0,recalibrated,16qam,-2,0.02,0.012,0.029
101,tx_9_rx_0dB,9.0,0.0,recalibrated,32qam,-2,0.018,0.01,0.027
101,tx_9_rx_0dB,9.0,0.0,frozen,bpsk,0,0.0,0.0,0.0
101,tx_9_rx_0dB,9.0,0.0,frozen,qpsk,0,0.0,0.0,0.0
101,tx_9_rx_0dB,9.0,0.0,frozen,16qam,0,0.004,0.001,0.009
101,tx_9_rx_0dB,9.0,0.0,frozen,32qam,0,0.005,0.001,0.01
101,tx_9_rx_0dB,9.0,0.0,recalibrated,bpsk,0,0.0,0.0,0.0
101,tx_9_rx_0dB,9.0,0.0,recalibrated,qpsk,0,0.0,0.0,0.0
101,tx_9_rx_0dB,9.0,0.0,recalibrated,16qam,0,0.004,0.001,0.009
101,tx_9_rx_0dB,9.0,0.0,recalibrated,32qam,0,0.005,0.001,0.01
101,tx_9_rx_0dB,9.0,0.0,frozen,bpsk,2,0.0,0.0,0.0
101,tx_9_rx_0dB,9.0,0.0,frozen,qpsk,2,0.0,0.0,0.0
101,tx_9_rx_0dB,9.0,0.0,frozen,16qam,2,0.002,0.0,0.005
101,tx_9_rx_0dB,9.0,0.0,frozen,32qam,2,0.002,0.0,0.005
101,tx_9_rx_0dB,9.0,0.0,recalibrated,bpsk,2,0.0,0.0,0.0
101,tx_9_rx_0dB,9.0,0.0,recalibrated,qpsk,2,0.0,0.0,0.0
101,tx_9_rx_0dB,9.0,0.0,recalibrated,16qam,2,0.002,0.0,0.005
101,tx_9_rx_0dB,9.0,0.0,recalibrated,32qam,2,0.002,0.0,0.005
101,tx_9_rx_0dB,9.0,0.0,frozen,bpsk,4,0.0,0.0,0.0
101,tx_9_rx_0dB,9.0,0.0,frozen,qpsk,4,0.0,0.0,0.0
101,tx_9_rx_0dB,9.0,0.0,frozen,16qam,4,0.0,0.0,0.0
101,tx_9_rx_0dB,9.0,0.0,frozen,32qam,4,0.0,0.0,0.0
101,tx_9_rx_0dB,9.0,0.0,recalibrated,bpsk,4,0.0,0.0,0.0
101,tx_9_rx_0dB,9.0,0.0,recalibrated,qpsk,4,0.0,0.0,0.0
101,tx_9_rx_0dB,9.0,0.0,recalibrated,16qam,4,0.0,0.0,0.0
101,tx_9_rx_0dB,9.0,0.0,recalibrated,32qam,4,0.0,0.0,0.0
101,tx_9_rx_0dB,9.0,0.0,frozen,bpsk,6,0.0,0.0,0.0
101,tx_9_rx_0dB,9.0,0.0,frozen,qpsk,6,0.0,0.0,0.0
101,tx_9_rx_0dB,9.0,0.0,frozen,16qam,6,0.0,0.0,0.0
101,tx_9_rx_0dB,9.0,0.0,frozen,32qam,6,0.0,0.0,0.0
101,tx_9_rx_0dB,9.0,0.0,recalibrated,bpsk,6,0.0,0.0,0.0
101,tx_9_rx_0dB,9.0,0.0,recalibrated,qpsk,6,0.0,0.0,0.0
101,tx_9_rx_0dB,9.0,0.0,recalibrated,16qam,6,0.0,0.0,0.0
101,tx_9_rx_0dB,9.0,0.0,recalibrated,32qam,6,0.0,0.0,0.0
101,tx_9_rx_0dB,9.0,0.0,frozen,bpsk,8,0.0,0.0,0.0
101,tx_9_rx_0dB,9.0,0.0,frozen,qpsk,8,0.0,0.0,0.0
101,tx_9_rx_0dB,9.0,0.0,frozen,16qam,8,0.0,0.0,0.0
101,tx_9_rx_0dB,9.0,0.0,frozen,32qam,8,0.0,0.0,0.0
101,tx_9_rx_0dB,9.0,0.0,recalibrated,bpsk,8,0.0,0.0,0.0
101,tx_9_rx_0dB,9.0,0.0,recalibrated,qpsk,8,0.0,0.0,0.0
101,tx_9_rx_0dB,9.0,0.0,recalibrated,16qam,8,0.0,0.0,0.0
101,tx_9_rx_0dB,9.0,0.0,recalibrated,32qam,8,0.0,0.0,0.0
101,tx_9_rx_0dB,9.0,0.0,frozen,bpsk,10,0.0,0.0,0.0
101,tx_9_rx_0dB,9.0,0.0,frozen,qpsk,10,0.0,0.0,0.0
101,tx_9_rx_0dB,9.0,0.0,frozen,16qam,10,0.0,0.0,0.0
101,tx_9_rx_0dB,9.0,0.0,frozen,32qam,10,0.0,0.0,0.0
101,tx_9_rx_0dB,9.0,0.0,recalibrated,bpsk,10,0.0,0.0,0.0
101,tx_9_rx_0dB,9.0,0.0,recalibrated,qpsk,10,0.0,0.0,0.0
101,tx_9_rx_0dB,9.0,0.0,recalibrated,16qam,10,0.0,0.0,0.0
101,tx_9_rx_0dB,9.0,0.0,recalibrated,32qam,10,0.0,0.0,0.0
101,tx_6_rx_12dB,6.0,12.0,frozen,bpsk,-10,0.343,0.313975,0.3720249999999999
101,tx_6_rx_12dB,6.0,12.0,frozen,qpsk,-10,0.134,0.109,0.15802499999999986
101,tx_6_rx_12dB,6.0,12.0,frozen,16qam,-10,0.45,0.417,0.482
101,tx_6_rx_12dB,6.0,12.0,frozen,32qam,-10,0.432,0.399,0.466
101,tx_6_rx_12dB,6.0,12.0,recalibrated,bpsk,-10,0.343,0.313975,0.3720249999999999
101,tx_6_rx_12dB,6.0,12.0,recalibrated,qpsk,-10,0.135,0.110975,0.15902499999999986
101,tx_6_rx_12dB,6.0,12.0,recalibrated,16qam,-10,0.448,0.414,0.47902499999999987
101,tx_6_rx_12dB,6.0,12.0,recalibrated,32qam,-10,0.433,0.4,0.467
101,tx_6_rx_12dB,6.0,12.0,frozen,bpsk,-8,0.136,0.115,0.157
101,tx_6_rx_12dB,6.0,12.0,frozen,qpsk,-8,0.045,0.033,0.059
101,tx_6_rx_12dB,6.0,12.0,frozen,16qam,-8,0.436,0.405,0.466
101,tx_6_rx_12dB,6.0,12.0,frozen,32qam,-8,0.429,0.398,0.4580249999999999
101,tx_6_rx_12dB,6.0,12.0,recalibrated,bpsk,-8,0.136,0.115,0.157
101,tx_6_rx_12dB,6.0,12.0,recalibrated,qpsk,-8,0.046,0.033,0.06
101,tx_6_rx_12dB,6.0,12.0,recalibrated,16qam,-8,0.435,0.405,0.465
101,tx_6_rx_12dB,6.0,12.0,recalibrated,32qam,-8,0.43,0.399,0.4590249999999999
101,tx_6_rx_12dB,6.0,12.0,frozen,bpsk,-6,0.033,0.022,0.044
101,tx_6_rx_12dB,6.0,12.0,frozen,qpsk,-6,0.008,0.003,0.014
101,tx_6_rx_12dB,6.0,12.0,frozen,16qam,-6,0.231,0.204975,0.257
101,tx_6_rx_12dB,6.0,12.0,frozen,32qam,-6,0.26,0.233,0.288
101,tx_6_rx_12dB,6.0,12.0,recalibrated,bpsk,-6,0.033,0.022,0.044
101,tx_6_rx_12dB,6.0,12.0,recalibrated,qpsk,-6,0.008,0.003,0.014
101,tx_6_rx_12dB,6.0,12.0,recalibrated,16qam,-6,0.232,0.205975,0.258
101,tx_6_rx_12dB,6.0,12.0,recalibrated,32qam,-6,0.261,0.234,0.289
101,tx_6_rx_12dB,6.0,12.0,frozen,bpsk,-4,0.007,0.002,0.012
101,tx_6_rx_12dB,6.0,12.0,frozen,qpsk,-4,0.0,0.0,0.0
101,tx_6_rx_12dB,6.0,12.0,frozen,16qam,-4,0.074,0.057,0.091
101,tx_6_rx_12dB,6.0,12.0,frozen,32qam,-4,0.071,0.055,0.08702499999999985
101,tx_6_rx_12dB,6.0,12.0,recalibrated,bpsk,-4,0.007,0.002,0.012
101,tx_6_rx_12dB,6.0,12.0,recalibrated,qpsk,-4,0.0,0.0,0.0
101,tx_6_rx_12dB,6.0,12.0,recalibrated,16qam,-4,0.074,0.057,0.091
101,tx_6_rx_12dB,6.0,12.0,recalibrated,32qam,-4,0.071,0.055,0.08702499999999985
101,tx_6_rx_12dB,6.0,12.0,frozen,bpsk,-2,0.002,0.0,0.005
101,tx_6_rx_12dB,6.0,12.0,frozen,qpsk,-2,0.0,0.0,0.0
101,tx_6_rx_12dB,6.0,12.0,frozen,16qam,-2,0.017,0.01,0.026
101,tx_6_rx_12dB,6.0,12.0,frozen,32qam,-2,0.018,0.01,0.027
101,tx_6_rx_12dB,6.0,12.0,recalibrated,bpsk,-2,0.002,0.0,0.005
101,tx_6_rx_12dB,6.0,12.0,recalibrated,qpsk,-2,0.0,0.0,0.0
101,tx_6_rx_12dB,6.0,12.0,recalibrated,16qam,-2,0.017,0.01,0.026
101,tx_6_rx_12dB,6.0,12.0,recalibrated,32qam,-2,0.018,0.01,0.027
101,tx_6_rx_12dB,6.0,12.0,frozen,bpsk,0,0.0,0.0,0.0
101,tx_6_rx_12dB,6.0,12.0,frozen,qpsk,0,0.0,0.0,0.0
101,tx_6_rx_12dB,6.0,12.0,frozen,16qam,0,0.003,0.0,0.007
101,tx_6_rx_12dB,6.0,12.0,frozen,32qam,0,0.005,0.001,0.01
101,tx_6_rx_12dB,6.0,12.0,recalibrated,bpsk,0,0.0,0.0,0.0
101,tx_6_rx_12dB,6.0,12.0,recalibrated,qpsk,0,0.0,0.0,0.0
101,tx_6_rx_12dB,6.0,12.0,recalibrated,16qam,0,0.003,0.0,0.007
101,tx_6_rx_12dB,6.0,12.0,recalibrated,32qam,0,0.005,0.001,0.01
101,tx_6_rx_12dB,6.0,12.0,frozen,bpsk,2,0.0,0.0,0.0
101,tx_6_rx_12dB,6.0,12.0,frozen,qpsk,2,0.0,0.0,0.0
101,tx_6_rx_12dB,6.0,12.0,frozen,16qam,2,0.002,0.0,0.005
101,tx_6_rx_12dB,6.0,12.0,frozen,32qam,2,0.001,0.0,0.003
101,tx_6_rx_12dB,6.0,12.0,recalibrated,bpsk,2,0.0,0.0,0.0
101,tx_6_rx_12dB,6.0,12.0,recalibrated,qpsk,2,0.0,0.0,0.0
101,tx_6_rx_12dB,6.0,12.0,recalibrated,16qam,2,0.002,0.0,0.005
101,tx_6_rx_12dB,6.0,12.0,recalibrated,32qam,2,0.001,0.0,0.003
101,tx_6_rx_12dB,6.0,12.0,frozen,bpsk,4,0.0,0.0,0.0
101,tx_6_rx_12dB,6.0,12.0,frozen,qpsk,4,0.0,0.0,0.0
101,tx_6_rx_12dB,6.0,12.0,frozen,16qam,4,0.0,0.0,0.0
101,tx_6_rx_12dB,6.0,12.0,frozen,32qam,4,0.0,0.0,0.0
101,tx_6_rx_12dB,6.0,12.0,recalibrated,bpsk,4,0.0,0.0,0.0
101,tx_6_rx_12dB,6.0,12.0,recalibrated,qpsk,4,0.0,0.0,0.0
101,tx_6_rx_12dB,6.0,12.0,recalibrated,16qam,4,0.0,0.0,0.0
101,tx_6_rx_12dB,6.0,12.0,recalibrated,32qam,4,0.0,0.0,0.0
101,tx_6_rx_12dB,6.0,12.0,frozen,bpsk,6,0.0,0.0,0.0
101,tx_6_rx_12dB,6.0,12.0,frozen,qpsk,6,0.0,0.0,0.0
101,tx_6_rx_12dB,6.0,12.0,frozen,16qam,6,0.0,0.0,0.0
101,tx_6_rx_12dB,6.0,12.0,frozen,32qam,6,0.0,0.0,0.0
101,tx_6_rx_12dB,6.0,12.0,recalibrated,bpsk,6,0.0,0.0,0.0
101,tx_6_rx_12dB,6.0,12.0,recalibrated,qpsk,6,0.0,0.0,0.0
101,tx_6_rx_12dB,6.0,12.0,recalibrated,16qam,6,0.0,0.0,0.0
101,tx_6_rx_12dB,6.0,12.0,recalibrated,32qam,6,0.0,0.0,0.0
101,tx_6_rx_12dB,6.0,12.0,frozen,bpsk,8,0.0,0.0,0.0
101,tx_6_rx_12dB,6.0,12.0,frozen,qpsk,8,0.0,0.0,0.0
101,tx_6_rx_12dB,6.0,12.0,frozen,16qam,8,0.0,0.0,0.0
101,tx_6_rx_12dB,6.0,12.0,frozen,32qam,8,0.0,0.0,0.0
101,tx_6_rx_12dB,6.0,12.0,recalibrated,bpsk,8,0.0,0.0,0.0
101,tx_6_rx_12dB,6.0,12.0,recalibrated,qpsk,8,0.0,0.0,0.0
101,tx_6_rx_12dB,6.0,12.0,recalibrated,16qam,8,0.0,0.0,0.0
101,tx_6_rx_12dB,6.0,12.0,recalibrated,32qam,8,0.0,0.0,0.0
101,tx_6_rx_12dB,6.0,12.0,frozen,bpsk,10,0.0,0.0,0.0
101,tx_6_rx_12dB,6.0,12.0,frozen,qpsk,10,0.0,0.0,0.0
101,tx_6_rx_12dB,6.0,12.0,frozen,16qam,10,0.0,0.0,0.0
101,tx_6_rx_12dB,6.0,12.0,frozen,32qam,10,0.0,0.0,0.0
101,tx_6_rx_12dB,6.0,12.0,recalibrated,bpsk,10,0.0,0.0,0.0
101,tx_6_rx_12dB,6.0,12.0,recalibrated,qpsk,10,0.0,0.0,0.0
101,tx_6_rx_12dB,6.0,12.0,recalibrated,16qam,10,0.0,0.0,0.0
101,tx_6_rx_12dB,6.0,12.0,recalibrated,32qam,10,0.0,0.0,0.0
101,tx_6_rx_6dB,6.0,6.0,frozen,bpsk,-10,0.341,0.311975,0.37
101,tx_6_rx_6dB,6.0,6.0,frozen,qpsk,-10,0.134,0.11,0.158
101,tx_6_rx_6dB,6.0,6.0,frozen,16qam,-10,0.449,0.415,0.48002499999999987
101,tx_6_rx_6dB,6.0,6.0,frozen,32qam,-10,0.434,0.401,0.468
101,tx_6_rx_6dB,6.0,6.0,recalibrated,bpsk,-10,0.344,0.314,0.3730249999999999
101,tx_6_rx_6dB,6.0,6.0,recalibrated,qpsk,-10,0.139,0.114,0.164
101,tx_6_rx_6dB,6.0,6.0,recalibrated,16qam,-10,0.436,0.402,0.468
101,tx_6_rx_6dB,6.0,6.0,recalibrated,32qam,-10,0.427,0.394,0.46
101,tx_6_rx_6dB,6.0,6.0,frozen,bpsk,-8,0.134,0.114,0.155
101,tx_6_rx_6dB,6.0,6.0,frozen,qpsk,-8,0.049,0.036,0.063
101,tx_6_rx_6dB,6.0,6.0,frozen,16qam,-8,0.448,0.418,0.479
101,tx_6_rx_6dB,6.0,6.0,frozen,32qam,-8,0.439,0.407,0.469
101,tx_6_rx_6dB,6.0,6.0,recalibrated,bpsk,-8,0.134,0.114,0.155
101,tx_6_rx_6dB,6.0,6.0,recalibrated,qpsk,-8,0.049,0.036,0.063
101,tx_6_rx_6dB,6.0,6.0,recalibrated,16qam,-8,0.448,0.418,0.479
101,tx_6_rx_6dB,6.0,6.0,recalibrated,32qam,-8,0.439,0.407,0.469
101,tx_6_rx_6dB,6.0,6.0,frozen,bpsk,-6,0.03,0.02,0.04
101,tx_6_rx_6dB,6.0,6.0,frozen,qpsk,-6,0.008,0.003,0.014
101,tx_6_rx_6dB,6.0,6.0,frozen,16qam,-6,0.221,0.195,0.246
101,tx_6_rx_6dB,6.0,6.0,frozen,32qam,-6,0.252,0.225,0.279
101,tx_6_rx_6dB,6.0,6.0,recalibrated,bpsk,-6,0.031,0.02,0.042
101,tx_6_rx_6dB,6.0,6.0,recalibrated,qpsk,-6,0.008,0.003,0.014
101,tx_6_rx_6dB,6.0,6.0,recalibrated,16qam,-6,0.224,0.198,0.249
101,tx_6_rx_6dB,6.0,6.0,recalibrated,32qam,-6,0.256,0.228,0.283
101,tx_6_rx_6dB,6.0,6.0,frozen,bpsk,-4,0.004,0.001,0.008
101,tx_6_rx_6dB,6.0,6.0,frozen,qpsk,-4,0.0,0.0,0.0
101,tx_6_rx_6dB,6.0,6.0,frozen,16qam,-4,0.075,0.058,0.092
101,tx_6_rx_6dB,6.0,6.0,frozen,32qam,-4,0.066,0.051,0.082
101,tx_6_rx_6dB,6.0,6.0,recalibrated,bpsk,-4,0.004,0.001,0.008
101,tx_6_rx_6dB,6.0,6.0,recalibrated,qpsk,-4,0.0,0.0,0.0
101,tx_6_rx_6dB,6.0,6.0,recalibrated,16qam,-4,0.075,0.058,0.092
101,tx_6_rx_6dB,6.0,6.0,recalibrated,32qam,-4,0.067,0.052,0.083
101,tx_6_rx_6dB,6.0,6.0,frozen,bpsk,-2,0.002,0.0,0.005
101,tx_6_rx_6dB,6.0,6.0,frozen,qpsk,-2,0.0,0.0,0.0
101,tx_6_rx_6dB,6.0,6.0,frozen,16qam,-2,0.017,0.01,0.026
101,tx_6_rx_6dB,6.0,6.0,frozen,32qam,-2,0.016,0.009,0.024
101,tx_6_rx_6dB,6.0,6.0,recalibrated,bpsk,-2,0.002,0.0,0.005
101,tx_6_rx_6dB,6.0,6.0,recalibrated,qpsk,-2,0.0,0.0,0.0
101,tx_6_rx_6dB,6.0,6.0,recalibrated,16qam,-2,0.019,0.011,0.028
101,tx_6_rx_6dB,6.0,6.0,recalibrated,32qam,-2,0.016,0.009,0.024
101,tx_6_rx_6dB,6.0,6.0,frozen,bpsk,0,0.0,0.0,0.0
101,tx_6_rx_6dB,6.0,6.0,frozen,qpsk,0,0.0,0.0,0.0
101,tx_6_rx_6dB,6.0,6.0,frozen,16qam,0,0.003,0.0,0.007
101,tx_6_rx_6dB,6.0,6.0,frozen,32qam,0,0.005,0.001,0.01
101,tx_6_rx_6dB,6.0,6.0,recalibrated,bpsk,0,0.0,0.0,0.0
101,tx_6_rx_6dB,6.0,6.0,recalibrated,qpsk,0,0.0,0.0,0.0
101,tx_6_rx_6dB,6.0,6.0,recalibrated,16qam,0,0.003,0.0,0.007
101,tx_6_rx_6dB,6.0,6.0,recalibrated,32qam,0,0.005,0.001,0.01
101,tx_6_rx_6dB,6.0,6.0,frozen,bpsk,2,0.0,0.0,0.0
101,tx_6_rx_6dB,6.0,6.0,frozen,qpsk,2,0.0,0.0,0.0
101,tx_6_rx_6dB,6.0,6.0,frozen,16qam,2,0.002,0.0,0.005
101,tx_6_rx_6dB,6.0,6.0,frozen,32qam,2,0.001,0.0,0.003
101,tx_6_rx_6dB,6.0,6.0,recalibrated,bpsk,2,0.0,0.0,0.0
101,tx_6_rx_6dB,6.0,6.0,recalibrated,qpsk,2,0.0,0.0,0.0
101,tx_6_rx_6dB,6.0,6.0,recalibrated,16qam,2,0.002,0.0,0.005
101,tx_6_rx_6dB,6.0,6.0,recalibrated,32qam,2,0.001,0.0,0.003
101,tx_6_rx_6dB,6.0,6.0,frozen,bpsk,4,0.0,0.0,0.0
101,tx_6_rx_6dB,6.0,6.0,frozen,qpsk,4,0.0,0.0,0.0
101,tx_6_rx_6dB,6.0,6.0,frozen,16qam,4,0.0,0.0,0.0
101,tx_6_rx_6dB,6.0,6.0,frozen,32qam,4,0.0,0.0,0.0
101,tx_6_rx_6dB,6.0,6.0,recalibrated,bpsk,4,0.0,0.0,0.0
101,tx_6_rx_6dB,6.0,6.0,recalibrated,qpsk,4,0.0,0.0,0.0
101,tx_6_rx_6dB,6.0,6.0,recalibrated,16qam,4,0.0,0.0,0.0
101,tx_6_rx_6dB,6.0,6.0,recalibrated,32qam,4,0.0,0.0,0.0
101,tx_6_rx_6dB,6.0,6.0,frozen,bpsk,6,0.0,0.0,0.0
101,tx_6_rx_6dB,6.0,6.0,frozen,qpsk,6,0.0,0.0,0.0
101,tx_6_rx_6dB,6.0,6.0,frozen,16qam,6,0.0,0.0,0.0
101,tx_6_rx_6dB,6.0,6.0,frozen,32qam,6,0.0,0.0,0.0
101,tx_6_rx_6dB,6.0,6.0,recalibrated,bpsk,6,0.0,0.0,0.0
101,tx_6_rx_6dB,6.0,6.0,recalibrated,qpsk,6,0.0,0.0,0.0
101,tx_6_rx_6dB,6.0,6.0,recalibrated,16qam,6,0.0,0.0,0.0
101,tx_6_rx_6dB,6.0,6.0,recalibrated,32qam,6,0.0,0.0,0.0
101,tx_6_rx_6dB,6.0,6.0,frozen,bpsk,8,0.0,0.0,0.0
101,tx_6_rx_6dB,6.0,6.0,frozen,qpsk,8,0.0,0.0,0.0
101,tx_6_rx_6dB,6.0,6.0,frozen,16qam,8,0.0,0.0,0.0
101,tx_6_rx_6dB,6.0,6.0,frozen,32qam,8,0.0,0.0,0.0
101,tx_6_rx_6dB,6.0,6.0,recalibrated,bpsk,8,0.0,0.0,0.0
101,tx_6_rx_6dB,6.0,6.0,recalibrated,qpsk,8,0.0,0.0,0.0
101,tx_6_rx_6dB,6.0,6.0,recalibrated,16qam,8,0.0,0.0,0.0
101,tx_6_rx_6dB,6.0,6.0,recalibrated,32qam,8,0.0,0.0,0.0
101,tx_6_rx_6dB,6.0,6.0,frozen,bpsk,10,0.0,0.0,0.0
101,tx_6_rx_6dB,6.0,6.0,frozen,qpsk,10,0.0,0.0,0.0
101,tx_6_rx_6dB,6.0,6.0,frozen,16qam,10,0.0,0.0,0.0
101,tx_6_rx_6dB,6.0,6.0,frozen,32qam,10,0.0,0.0,0.0
101,tx_6_rx_6dB,6.0,6.0,recalibrated,bpsk,10,0.0,0.0,0.0
101,tx_6_rx_6dB,6.0,6.0,recalibrated,qpsk,10,0.0,0.0,0.0
101,tx_6_rx_6dB,6.0,6.0,recalibrated,16qam,10,0.0,0.0,0.0
101,tx_6_rx_6dB,6.0,6.0,recalibrated,32qam,10,0.0,0.0,0.0
101,tx_6_rx_0dB,6.0,0.0,frozen,bpsk,-10,0.351,0.321,0.38
101,tx_6_rx_0dB,6.0,0.0,frozen,qpsk,-10,0.155,0.13,0.18
101,tx_6_rx_0dB,6.0,0.0,frozen,16qam,-10,0.444,0.411,0.476
101,tx_6_rx_0dB,6.0,0.0,frozen,32qam,-10,0.42,0.387,0.453
101,tx_6_rx_0dB,6.0,0.0,recalibrated,bpsk,-10,0.345,0.315,0.3740249999999999
101,tx_6_rx_0dB,6.0,0.0,recalibrated,qpsk,-10,0.151,0.125975,0.176
101,tx_6_rx_0dB,6.0,0.0,recalibrated,16qam,-10,0.434,0.401,0.466
101,tx_6_rx_0dB,6.0,0.0,recalibrated,32qam,-10,0.402,0.368,0.4350249999999999
101,tx_6_rx_0dB,6.0,0.0,frozen,bpsk,-8,0.144,0.124,0.166
101,tx_6_rx_0dB,6.0,0.0,frozen,qpsk,-8,0.054,0.04,0.069
101,tx_6_rx_0dB,6.0,0.0,frozen,16qam,-8,0.454,0.424,0.48402499999999987
101,tx_6_rx_0dB,6.0,0.0,frozen,32qam,-8,0.448,0.417,0.478
101,tx_6_rx_0dB,6.0,0.0,recalibrated,bpsk,-8,0.142,0.122,0.164
101,tx_6_rx_0dB,6.0,0.0,recalibrated,qpsk,-8,0.053,0.039,0.068
101,tx_6_rx_0dB,6.0,0.0,recalibrated,16qam,-8,0.451,0.421,0.481
101,tx_6_rx_0dB,6.0,0.0,recalibrated,32qam,-8,0.442,0.409975,0.473
101,tx_6_rx_0dB,6.0,0.0,frozen,bpsk,-6,0.029,0.019975000000000003,0.039024999999999865
101,tx_6_rx_0dB,6.0,0.0,frozen,qpsk,-6,0.009,0.003,0.015
101,tx_6_rx_0dB,6.0,0.0,frozen,16qam,-6,0.249,0.222,0.275
101,tx_6_rx_0dB,6.0,0.0,frozen,32qam,-6,0.268,0.241,0.296
101,tx_6_rx_0dB,6.0,0.0,recalibrated,bpsk,-6,0.029,0.019975000000000003,0.039024999999999865
101,tx_6_rx_0dB,6.0,0.0,recalibrated,qpsk,-6,0.008,0.003,0.014
101,tx_6_rx_0dB,6.0,0.0,recalibrated,16qam,-6,0.248,0.221,0.2740249999999999
101,tx_6_rx_0dB,6.0,0.0,recalibrated,32qam,-6,0.266,0.239,0.294
101,tx_6_rx_0dB,6.0,0.0,frozen,bpsk,-4,0.004,0.001,0.008
101,tx_6_rx_0dB,6.0,0.0,frozen,qpsk,-4,0.0,0.0,0.0
101,tx_6_rx_0dB,6.0,0.0,frozen,16qam,-4,0.094,0.076,0.113
101,tx_6_rx_0dB,6.0,0.0,frozen,32qam,-4,0.077,0.061,0.09302499999999986
101,tx_6_rx_0dB,6.0,0.0,recalibrated,bpsk,-4,0.004,0.001,0.008
101,tx_6_rx_0dB,6.0,0.0,recalibrated,qpsk,-4,0.0,0.0,0.0
101,tx_6_rx_0dB,6.0,0.0,recalibrated,16qam,-4,0.093,0.075,0.112
101,tx_6_rx_0dB,6.0,0.0,recalibrated,32qam,-4,0.076,0.06,0.092
101,tx_6_rx_0dB,6.0,0.0,frozen,bpsk,-2,0.002,0.0,0.005
101,tx_6_rx_0dB,6.0,0.0,frozen,qpsk,-2,0.0,0.0,0.0
101,tx_6_rx_0dB,6.0,0.0,frozen,16qam,-2,0.02,0.012,0.029
101,tx_6_rx_0dB,6.0,0.0,frozen,32qam,-2,0.018,0.01,0.027
101,tx_6_rx_0dB,6.0,0.0,recalibrated,bpsk,-2,0.002,0.0,0.005
101,tx_6_rx_0dB,6.0,0.0,recalibrated,qpsk,-2,0.0,0.0,0.0
101,tx_6_rx_0dB,6.0,0.0,recalibrated,16qam,-2,0.02,0.012,0.029
101,tx_6_rx_0dB,6.0,0.0,recalibrated,32qam,-2,0.017,0.009,0.026
101,tx_6_rx_0dB,6.0,0.0,frozen,bpsk,0,0.0,0.0,0.0
101,tx_6_rx_0dB,6.0,0.0,frozen,qpsk,0,0.0,0.0,0.0
101,tx_6_rx_0dB,6.0,0.0,frozen,16qam,0,0.003,0.0,0.007
101,tx_6_rx_0dB,6.0,0.0,frozen,32qam,0,0.005,0.001,0.01
101,tx_6_rx_0dB,6.0,0.0,recalibrated,bpsk,0,0.0,0.0,0.0
101,tx_6_rx_0dB,6.0,0.0,recalibrated,qpsk,0,0.0,0.0,0.0
101,tx_6_rx_0dB,6.0,0.0,recalibrated,16qam,0,0.003,0.0,0.007
101,tx_6_rx_0dB,6.0,0.0,recalibrated,32qam,0,0.005,0.001,0.01
101,tx_6_rx_0dB,6.0,0.0,frozen,bpsk,2,0.0,0.0,0.0
101,tx_6_rx_0dB,6.0,0.0,frozen,qpsk,2,0.0,0.0,0.0
101,tx_6_rx_0dB,6.0,0.0,frozen,16qam,2,0.002,0.0,0.005
101,tx_6_rx_0dB,6.0,0.0,frozen,32qam,2,0.002,0.0,0.005
101,tx_6_rx_0dB,6.0,0.0,recalibrated,bpsk,2,0.0,0.0,0.0
101,tx_6_rx_0dB,6.0,0.0,recalibrated,qpsk,2,0.0,0.0,0.0
101,tx_6_rx_0dB,6.0,0.0,recalibrated,16qam,2,0.002,0.0,0.005
101,tx_6_rx_0dB,6.0,0.0,recalibrated,32qam,2,0.002,0.0,0.005
101,tx_6_rx_0dB,6.0,0.0,frozen,bpsk,4,0.0,0.0,0.0
101,tx_6_rx_0dB,6.0,0.0,frozen,qpsk,4,0.0,0.0,0.0
101,tx_6_rx_0dB,6.0,0.0,frozen,16qam,4,0.0,0.0,0.0
101,tx_6_rx_0dB,6.0,0.0,frozen,32qam,4,0.0,0.0,0.0
101,tx_6_rx_0dB,6.0,0.0,recalibrated,bpsk,4,0.0,0.0,0.0
101,tx_6_rx_0dB,6.0,0.0,recalibrated,qpsk,4,0.0,0.0,0.0
101,tx_6_rx_0dB,6.0,0.0,recalibrated,16qam,4,0.0,0.0,0.0
101,tx_6_rx_0dB,6.0,0.0,recalibrated,32qam,4,0.0,0.0,0.0
101,tx_6_rx_0dB,6.0,0.0,frozen,bpsk,6,0.0,0.0,0.0
101,tx_6_rx_0dB,6.0,0.0,frozen,qpsk,6,0.0,0.0,0.0
101,tx_6_rx_0dB,6.0,0.0,frozen,16qam,6,0.0,0.0,0.0
101,tx_6_rx_0dB,6.0,0.0,frozen,32qam,6,0.0,0.0,0.0
101,tx_6_rx_0dB,6.0,0.0,recalibrated,bpsk,6,0.0,0.0,0.0
101,tx_6_rx_0dB,6.0,0.0,recalibrated,qpsk,6,0.0,0.0,0.0
101,tx_6_rx_0dB,6.0,0.0,recalibrated,16qam,6,0.0,0.0,0.0
101,tx_6_rx_0dB,6.0,0.0,recalibrated,32qam,6,0.0,0.0,0.0
101,tx_6_rx_0dB,6.0,0.0,frozen,bpsk,8,0.0,0.0,0.0
101,tx_6_rx_0dB,6.0,0.0,frozen,qpsk,8,0.0,0.0,0.0
101,tx_6_rx_0dB,6.0,0.0,frozen,16qam,8,0.0,0.0,0.0
101,tx_6_rx_0dB,6.0,0.0,frozen,32qam,8,0.0,0.0,0.0
101,tx_6_rx_0dB,6.0,0.0,recalibrated,bpsk,8,0.0,0.0,0.0
101,tx_6_rx_0dB,6.0,0.0,recalibrated,qpsk,8,0.0,0.0,0.0
101,tx_6_rx_0dB,6.0,0.0,recalibrated,16qam,8,0.0,0.0,0.0
101,tx_6_rx_0dB,6.0,0.0,recalibrated,32qam,8,0.0,0.0,0.0
101,tx_6_rx_0dB,6.0,0.0,frozen,bpsk,10,0.0,0.0,0.0
101,tx_6_rx_0dB,6.0,0.0,frozen,qpsk,10,0.0,0.0,0.0
101,tx_6_rx_0dB,6.0,0.0,frozen,16qam,10,0.0,0.0,0.0
101,tx_6_rx_0dB,6.0,0.0,frozen,32qam,10,0.0,0.0,0.0
101,tx_6_rx_0dB,6.0,0.0,recalibrated,bpsk,10,0.0,0.0,0.0
101,tx_6_rx_0dB,6.0,0.0,recalibrated,qpsk,10,0.0,0.0,0.0
101,tx_6_rx_0dB,6.0,0.0,recalibrated,16qam,10,0.0,0.0,0.0
101,tx_6_rx_0dB,6.0,0.0,recalibrated,32qam,10,0.0,0.0,0.0
101,tx_3_rx_12dB,3.0,12.0,frozen,bpsk,-10,0.345,0.315,0.374
101,tx_3_rx_12dB,3.0,12.0,frozen,qpsk,-10,0.141,0.116,0.166
101,tx_3_rx_12dB,3.0,12.0,frozen,16qam,-10,0.451,0.417,0.48202499999999987
101,tx_3_rx_12dB,3.0,12.0,frozen,32qam,-10,0.435,0.402,0.468
101,tx_3_rx_12dB,3.0,12.0,recalibrated,bpsk,-10,0.345,0.315,0.374
101,tx_3_rx_12dB,3.0,12.0,recalibrated,qpsk,-10,0.141,0.116,0.166
101,tx_3_rx_12dB,3.0,12.0,recalibrated,16qam,-10,0.447,0.414,0.479
101,tx_3_rx_12dB,3.0,12.0,recalibrated,32qam,-10,0.432,0.399,0.465
101,tx_3_rx_12dB,3.0,12.0,frozen,bpsk,-8,0.142,0.121,0.164
101,tx_3_rx_12dB,3.0,12.0,frozen,qpsk,-8,0.048,0.035,0.062
101,tx_3_rx_12dB,3.0,12.0,frozen,16qam,-8,0.441,0.410975,0.471
101,tx_3_rx_12dB,3.0,12.0,frozen,32qam,-8,0.429,0.398,0.4580249999999999
101,tx_3_rx_12dB,3.0,12.0,recalibrated,bpsk,-8,0.142,0.121,0.164
101,tx_3_rx_12dB,3.0,12.0,recalibrated,qpsk,-8,0.048,0.035,0.062
101,tx_3_rx_12dB,3.0,12.0,recalibrated,16qam,-8,0.442,0.412,0.473
101,tx_3_rx_12dB,3.0,12.0,recalibrated,32qam,-8,0.431,0.4,0.461
101,tx_3_rx_12dB,3.0,12.0,frozen,bpsk,-6,0.034,0.023,0.045024999999999864
101,tx_3_rx_12dB,3.0,12.0,frozen,qpsk,-6,0.008,0.003,0.014
101,tx_3_rx_12dB,3.0,12.0,frozen,16qam,-6,0.231,0.204975,0.257
101,tx_3_rx_12dB,3.0,12.0,frozen,32qam,-6,0.26,0.233,0.288
101,tx_3_rx_12dB,3.0,12.0,recalibrated,bpsk,-6,0.034,0.023,0.045024999999999864
101,tx_3_rx_12dB,3.0,12.0,recalibrated,qpsk,-6,0.008,0.003,0.014
101,tx_3_rx_12dB,3.0,12.0,recalibrated,16qam,-6,0.232,0.205975,0.258
101,tx_3_rx_12dB,3.0,12.0,recalibrated,32qam,-6,0.261,0.234,0.289
101,tx_3_rx_12dB,3.0,12.0,frozen,bpsk,-4,0.009,0.004,0.015
101,tx_3_rx_12dB,3.0,12.0,frozen,qpsk,-4,0.0,0.0,0.0
101,tx_3_rx_12dB,3.0,12.0,frozen,16qam,-4,0.076,0.059,0.093
101,tx_3_rx_12dB,3.0,12.0,frozen,32qam,-4,0.073,0.057,0.089
101,tx_3_rx_12dB,3.0,12.0,recalibrated,bpsk,-4,0.009,0.004,0.015
101,tx_3_rx_12dB,3.0,12.0,recalibrated,qpsk,-4,0.0,0.0,0.0
101,tx_3_rx_12dB,3.0,12.0,recalibrated,16qam,-4,0.076,0.059,0.093
101,tx_3_rx_12dB,3.0,12.0,recalibrated,32qam,-4,0.073,0.057,0.089
101,tx_3_rx_12dB,3.0,12.0,frozen,bpsk,-2,0.002,0.0,0.005
101,tx_3_rx_12dB,3.0,12.0,frozen,qpsk,-2,0.0,0.0,0.0
101,tx_3_rx_12dB,3.0,12.0,frozen,16qam,-2,0.018,0.01,0.027
101,tx_3_rx_12dB,3.0,12.0,frozen,32qam,-2,0.019,0.011,0.028
101,tx_3_rx_12dB,3.0,12.0,recalibrated,bpsk,-2,0.002,0.0,0.005
101,tx_3_rx_12dB,3.0,12.0,recalibrated,qpsk,-2,0.0,0.0,0.0
101,tx_3_rx_12dB,3.0,12.0,recalibrated,16qam,-2,0.018,0.01,0.027
101,tx_3_rx_12dB,3.0,12.0,recalibrated,32qam,-2,0.019,0.011,0.028
101,tx_3_rx_12dB,3.0,12.0,frozen,bpsk,0,0.0,0.0,0.0
101,tx_3_rx_12dB,3.0,12.0,frozen,qpsk,0,0.0,0.0,0.0
101,tx_3_rx_12dB,3.0,12.0,frozen,16qam,0,0.002,0.0,0.005
101,tx_3_rx_12dB,3.0,12.0,frozen,32qam,0,0.003,0.0,0.007
101,tx_3_rx_12dB,3.0,12.0,recalibrated,bpsk,0,0.0,0.0,0.0
101,tx_3_rx_12dB,3.0,12.0,recalibrated,qpsk,0,0.0,0.0,0.0
101,tx_3_rx_12dB,3.0,12.0,recalibrated,16qam,0,0.002,0.0,0.005
101,tx_3_rx_12dB,3.0,12.0,recalibrated,32qam,0,0.003,0.0,0.007
101,tx_3_rx_12dB,3.0,12.0,frozen,bpsk,2,0.001,0.0,0.003
101,tx_3_rx_12dB,3.0,12.0,frozen,qpsk,2,0.0,0.0,0.0
101,tx_3_rx_12dB,3.0,12.0,frozen,16qam,2,0.002,0.0,0.005
101,tx_3_rx_12dB,3.0,12.0,frozen,32qam,2,0.001,0.0,0.003
101,tx_3_rx_12dB,3.0,12.0,recalibrated,bpsk,2,0.001,0.0,0.003
101,tx_3_rx_12dB,3.0,12.0,recalibrated,qpsk,2,0.0,0.0,0.0
101,tx_3_rx_12dB,3.0,12.0,recalibrated,16qam,2,0.002,0.0,0.005
101,tx_3_rx_12dB,3.0,12.0,recalibrated,32qam,2,0.001,0.0,0.003
101,tx_3_rx_12dB,3.0,12.0,frozen,bpsk,4,0.0,0.0,0.0
101,tx_3_rx_12dB,3.0,12.0,frozen,qpsk,4,0.0,0.0,0.0
101,tx_3_rx_12dB,3.0,12.0,frozen,16qam,4,0.0,0.0,0.0
101,tx_3_rx_12dB,3.0,12.0,frozen,32qam,4,0.0,0.0,0.0
101,tx_3_rx_12dB,3.0,12.0,recalibrated,bpsk,4,0.0,0.0,0.0
101,tx_3_rx_12dB,3.0,12.0,recalibrated,qpsk,4,0.0,0.0,0.0
101,tx_3_rx_12dB,3.0,12.0,recalibrated,16qam,4,0.0,0.0,0.0
101,tx_3_rx_12dB,3.0,12.0,recalibrated,32qam,4,0.0,0.0,0.0
101,tx_3_rx_12dB,3.0,12.0,frozen,bpsk,6,0.0,0.0,0.0
101,tx_3_rx_12dB,3.0,12.0,frozen,qpsk,6,0.0,0.0,0.0
101,tx_3_rx_12dB,3.0,12.0,frozen,16qam,6,0.0,0.0,0.0
101,tx_3_rx_12dB,3.0,12.0,frozen,32qam,6,0.0,0.0,0.0
101,tx_3_rx_12dB,3.0,12.0,recalibrated,bpsk,6,0.0,0.0,0.0
101,tx_3_rx_12dB,3.0,12.0,recalibrated,qpsk,6,0.0,0.0,0.0
101,tx_3_rx_12dB,3.0,12.0,recalibrated,16qam,6,0.0,0.0,0.0
101,tx_3_rx_12dB,3.0,12.0,recalibrated,32qam,6,0.0,0.0,0.0
101,tx_3_rx_12dB,3.0,12.0,frozen,bpsk,8,0.0,0.0,0.0
101,tx_3_rx_12dB,3.0,12.0,frozen,qpsk,8,0.0,0.0,0.0
101,tx_3_rx_12dB,3.0,12.0,frozen,16qam,8,0.0,0.0,0.0
101,tx_3_rx_12dB,3.0,12.0,frozen,32qam,8,0.0,0.0,0.0
101,tx_3_rx_12dB,3.0,12.0,recalibrated,bpsk,8,0.0,0.0,0.0
101,tx_3_rx_12dB,3.0,12.0,recalibrated,qpsk,8,0.0,0.0,0.0
101,tx_3_rx_12dB,3.0,12.0,recalibrated,16qam,8,0.0,0.0,0.0
101,tx_3_rx_12dB,3.0,12.0,recalibrated,32qam,8,0.0,0.0,0.0
101,tx_3_rx_12dB,3.0,12.0,frozen,bpsk,10,0.0,0.0,0.0
101,tx_3_rx_12dB,3.0,12.0,frozen,qpsk,10,0.0,0.0,0.0
101,tx_3_rx_12dB,3.0,12.0,frozen,16qam,10,0.0,0.0,0.0
101,tx_3_rx_12dB,3.0,12.0,frozen,32qam,10,0.0,0.0,0.0
101,tx_3_rx_12dB,3.0,12.0,recalibrated,bpsk,10,0.0,0.0,0.0
101,tx_3_rx_12dB,3.0,12.0,recalibrated,qpsk,10,0.0,0.0,0.0
101,tx_3_rx_12dB,3.0,12.0,recalibrated,16qam,10,0.0,0.0,0.0
101,tx_3_rx_12dB,3.0,12.0,recalibrated,32qam,10,0.0,0.0,0.0
101,tx_3_rx_6dB,3.0,6.0,frozen,bpsk,-10,0.351,0.321,0.38
101,tx_3_rx_6dB,3.0,6.0,frozen,qpsk,-10,0.14,0.115,0.165
101,tx_3_rx_6dB,3.0,6.0,frozen,16qam,-10,0.447,0.413,0.479
101,tx_3_rx_6dB,3.0,6.0,frozen,32qam,-10,0.429,0.396975,0.463
101,tx_3_rx_6dB,3.0,6.0,recalibrated,bpsk,-10,0.352,0.322,0.381
101,tx_3_rx_6dB,3.0,6.0,recalibrated,qpsk,-10,0.139,0.114,0.165
101,tx_3_rx_6dB,3.0,6.0,recalibrated,16qam,-10,0.44,0.407,0.472
101,tx_3_rx_6dB,3.0,6.0,recalibrated,32qam,-10,0.427,0.394,0.461
101,tx_3_rx_6dB,3.0,6.0,frozen,bpsk,-8,0.141,0.12,0.163
101,tx_3_rx_6dB,3.0,6.0,frozen,qpsk,-8,0.051,0.037,0.065
101,tx_3_rx_6dB,3.0,6.0,frozen,16qam,-8,0.449,0.419,0.48
101,tx_3_rx_6dB,3.0,6.0,frozen,32qam,-8,0.441,0.409,0.47102499999999986
101,tx_3_rx_6dB,3.0,6.0,recalibrated,bpsk,-8,0.143,0.122,0.165
101,tx_3_rx_6dB,3.0,6.0,recalibrated,qpsk,-8,0.051,0.037,0.065
101,tx_3_rx_6dB,3.0,6.0,recalibrated,16qam,-8,0.448,0.418,0.479
101,tx_3_rx_6dB,3.0,6.0,recalibrated,32qam,-8,0.439,0.407,0.469
101,tx_3_rx_6dB,3.0,6.0,frozen,bpsk,-6,0.034,0.023,0.045024999999999864
101,tx_3_rx_6dB,3.0,6.0,frozen,qpsk,-6,0.009,0.003,0.015
101,tx_3_rx_6dB,3.0,6.0,frozen,16qam,-6,0.224,0.198,0.249
101,tx_3_rx_6dB,3.0,6.0,frozen,32qam,-6,0.253,0.225975,0.28
101,tx_3_rx_6dB,3.0,6.0,recalibrated,bpsk,-6,0.035,0.024,0.047
101,tx_3_rx_6dB,3.0,6.0,recalibrated,qpsk,-6,0.009,0.003,0.015
101,tx_3_rx_6dB,3.0,6.0,recalibrated,16qam,-6,0.234,0.207975,0.261
101,tx_3_rx_6dB,3.0,6.0,recalibrated,32qam,-6,0.256,0.228,0.283
101,tx_3_rx_6dB,3.0,6.0,frozen,bpsk,-4,0.005,0.001,0.009
101,tx_3_rx_6dB,3.0,6.0,frozen,qpsk,-4,0.0,0.0,0.0
101,tx_3_rx_6dB,3.0,6.0,frozen,16qam,-4,0.078,0.061,0.095
101,tx_3_rx_6dB,3.0,6.0,frozen,32qam,-4,0.065,0.05,0.081
101,tx_3_rx_6dB,3.0,6.0,recalibrated,bpsk,-4,0.005,0.001,0.009
101,tx_3_rx_6dB,3.0,6.0,recalibrated,qpsk,-4,0.0,0.0,0.0
101,tx_3_rx_6dB,3.0,6.0,recalibrated,16qam,-4,0.079,0.062,0.097
101,tx_3_rx_6dB,3.0,6.0,recalibrated,32qam,-4,0.065,0.05,0.081
101,tx_3_rx_6dB,3.0,6.0,frozen,bpsk,-2,0.002,0.0,0.005
101,tx_3_rx_6dB,3.0,6.0,frozen,qpsk,-2,0.0,0.0,0.0
101,tx_3_rx_6dB,3.0,6.0,frozen,16qam,-2,0.017,0.01,0.026
101,tx_3_rx_6dB,3.0,6.0,frozen,32qam,-2,0.016,0.009,0.024
101,tx_3_rx_6dB,3.0,6.0,recalibrated,bpsk,-2,0.002,0.0,0.005
101,tx_3_rx_6dB,3.0,6.0,recalibrated,qpsk,-2,0.0,0.0,0.0
101,tx_3_rx_6dB,3.0,6.0,recalibrated,16qam,-2,0.019,0.011,0.028
101,tx_3_rx_6dB,3.0,6.0,recalibrated,32qam,-2,0.016,0.009,0.024
101,tx_3_rx_6dB,3.0,6.0,frozen,bpsk,0,0.0,0.0,0.0
101,tx_3_rx_6dB,3.0,6.0,frozen,qpsk,0,0.0,0.0,0.0
101,tx_3_rx_6dB,3.0,6.0,frozen,16qam,0,0.003,0.0,0.007
101,tx_3_rx_6dB,3.0,6.0,frozen,32qam,0,0.004,0.001,0.008
101,tx_3_rx_6dB,3.0,6.0,recalibrated,bpsk,0,0.0,0.0,0.0
101,tx_3_rx_6dB,3.0,6.0,recalibrated,qpsk,0,0.0,0.0,0.0
101,tx_3_rx_6dB,3.0,6.0,recalibrated,16qam,0,0.003,0.0,0.007
101,tx_3_rx_6dB,3.0,6.0,recalibrated,32qam,0,0.004,0.001,0.008
101,tx_3_rx_6dB,3.0,6.0,frozen,bpsk,2,0.001,0.0,0.003
101,tx_3_rx_6dB,3.0,6.0,frozen,qpsk,2,0.0,0.0,0.0
101,tx_3_rx_6dB,3.0,6.0,frozen,16qam,2,0.002,0.0,0.005
101,tx_3_rx_6dB,3.0,6.0,frozen,32qam,2,0.001,0.0,0.003
101,tx_3_rx_6dB,3.0,6.0,recalibrated,bpsk,2,0.001,0.0,0.003
101,tx_3_rx_6dB,3.0,6.0,recalibrated,qpsk,2,0.0,0.0,0.0
101,tx_3_rx_6dB,3.0,6.0,recalibrated,16qam,2,0.002,0.0,0.005
101,tx_3_rx_6dB,3.0,6.0,recalibrated,32qam,2,0.001,0.0,0.003
101,tx_3_rx_6dB,3.0,6.0,frozen,bpsk,4,0.0,0.0,0.0
101,tx_3_rx_6dB,3.0,6.0,frozen,qpsk,4,0.0,0.0,0.0
101,tx_3_rx_6dB,3.0,6.0,frozen,16qam,4,0.0,0.0,0.0
101,tx_3_rx_6dB,3.0,6.0,frozen,32qam,4,0.0,0.0,0.0
101,tx_3_rx_6dB,3.0,6.0,recalibrated,bpsk,4,0.0,0.0,0.0
101,tx_3_rx_6dB,3.0,6.0,recalibrated,qpsk,4,0.0,0.0,0.0
101,tx_3_rx_6dB,3.0,6.0,recalibrated,16qam,4,0.0,0.0,0.0
101,tx_3_rx_6dB,3.0,6.0,recalibrated,32qam,4,0.0,0.0,0.0
101,tx_3_rx_6dB,3.0,6.0,frozen,bpsk,6,0.0,0.0,0.0
101,tx_3_rx_6dB,3.0,6.0,frozen,qpsk,6,0.0,0.0,0.0
101,tx_3_rx_6dB,3.0,6.0,frozen,16qam,6,0.0,0.0,0.0
101,tx_3_rx_6dB,3.0,6.0,frozen,32qam,6,0.0,0.0,0.0
101,tx_3_rx_6dB,3.0,6.0,recalibrated,bpsk,6,0.0,0.0,0.0
101,tx_3_rx_6dB,3.0,6.0,recalibrated,qpsk,6,0.0,0.0,0.0
101,tx_3_rx_6dB,3.0,6.0,recalibrated,16qam,6,0.0,0.0,0.0
101,tx_3_rx_6dB,3.0,6.0,recalibrated,32qam,6,0.0,0.0,0.0
101,tx_3_rx_6dB,3.0,6.0,frozen,bpsk,8,0.0,0.0,0.0
101,tx_3_rx_6dB,3.0,6.0,frozen,qpsk,8,0.0,0.0,0.0
101,tx_3_rx_6dB,3.0,6.0,frozen,16qam,8,0.0,0.0,0.0
101,tx_3_rx_6dB,3.0,6.0,frozen,32qam,8,0.0,0.0,0.0
101,tx_3_rx_6dB,3.0,6.0,recalibrated,bpsk,8,0.0,0.0,0.0
101,tx_3_rx_6dB,3.0,6.0,recalibrated,qpsk,8,0.0,0.0,0.0
101,tx_3_rx_6dB,3.0,6.0,recalibrated,16qam,8,0.0,0.0,0.0
101,tx_3_rx_6dB,3.0,6.0,recalibrated,32qam,8,0.0,0.0,0.0
101,tx_3_rx_6dB,3.0,6.0,frozen,bpsk,10,0.0,0.0,0.0
101,tx_3_rx_6dB,3.0,6.0,frozen,qpsk,10,0.0,0.0,0.0
101,tx_3_rx_6dB,3.0,6.0,frozen,16qam,10,0.0,0.0,0.0
101,tx_3_rx_6dB,3.0,6.0,frozen,32qam,10,0.0,0.0,0.0
101,tx_3_rx_6dB,3.0,6.0,recalibrated,bpsk,10,0.0,0.0,0.0
101,tx_3_rx_6dB,3.0,6.0,recalibrated,qpsk,10,0.0,0.0,0.0
101,tx_3_rx_6dB,3.0,6.0,recalibrated,16qam,10,0.0,0.0,0.0
101,tx_3_rx_6dB,3.0,6.0,recalibrated,32qam,10,0.0,0.0,0.0
101,tx_3_rx_0dB,3.0,0.0,frozen,bpsk,-10,0.357,0.327,0.386
101,tx_3_rx_0dB,3.0,0.0,frozen,qpsk,-10,0.162,0.136,0.188
101,tx_3_rx_0dB,3.0,0.0,frozen,16qam,-10,0.443,0.41,0.475
101,tx_3_rx_0dB,3.0,0.0,frozen,32qam,-10,0.42,0.387,0.4530249999999999
101,tx_3_rx_0dB,3.0,0.0,recalibrated,bpsk,-10,0.352,0.321,0.38
101,tx_3_rx_0dB,3.0,0.0,recalibrated,qpsk,-10,0.155,0.129975,0.18
101,tx_3_rx_0dB,3.0,0.0,recalibrated,16qam,-10,0.436,0.403,0.4670249999999999
101,tx_3_rx_0dB,3.0,0.0,recalibrated,32qam,-10,0.404,0.37,0.438
101,tx_3_rx_0dB,3.0,0.0,frozen,bpsk,-8,0.146,0.126,0.168
101,tx_3_rx_0dB,3.0,0.0,frozen,qpsk,-8,0.055,0.041,0.07
101,tx_3_rx_0dB,3.0,0.0,frozen,16qam,-8,0.451,0.421,0.481
101,tx_3_rx_0dB,3.0,0.0,frozen,32qam,-8,0.441,0.409,0.472
101,tx_3_rx_0dB,3.0,0.0,recalibrated,bpsk,-8,0.145,0.125,0.167
101,tx_3_rx_0dB,3.0,0.0,recalibrated,qpsk,-8,0.054,0.04,0.069
101,tx_3_rx_0dB,3.0,0.0,recalibrated,16qam,-8,0.448,0.418,0.479
101,tx_3_rx_0dB,3.0,0.0,recalibrated,32qam,-8,0.435,0.403,0.466
101,tx_3_rx_0dB,3.0,0.0,frozen,bpsk,-6,0.034,0.023,0.045024999999999864
101,tx_3_rx_0dB,3.0,0.0,frozen,qpsk,-6,0.009,0.003,0.015
101,tx_3_rx_0dB,3.0,0.0,frozen,16qam,-6,0.253,0.226,0.28
101,tx_3_rx_0dB,3.0,0.0,frozen,32qam,-6,0.262,0.235,0.29
101,tx_3_rx_0dB,3.0,0.0,recalibrated,bpsk,-6,0.034,0.023,0.045024999999999864
101,tx_3_rx_0dB,3.0,0.0,recalibrated,qpsk,-6,0.009,0.003,0.015
101,tx_3_rx_0dB,3.0,0.0,recalibrated,16qam,-6,0.251,0.224,0.2770249999999999
101,tx_3_rx_0dB,3.0,0.0,recalibrated,32qam,-6,0.261,0.234,0.289
101,tx_3_rx_0dB,3.0,0.0,frozen,bpsk,-4,0.004,0.001,0.008
101,tx_3_rx_0dB,3.0,0.0,frozen,qpsk,-4,0.0,0.0,0.0
101,tx_3_rx_0dB,3.0,0.0,frozen,16qam,-4,0.093,0.075,0.112
101,tx_3_rx_0dB,3.0,0.0,frozen,32qam,-4,0.073,0.057,0.089
101,tx_3_rx_0dB,3.0,0.0,recalibrated,bpsk,-4,0.004,0.001,0.008
101,tx_3_rx_0dB,3.0,0.0,recalibrated,qpsk,-4,0.0,0.0,0.0
101,tx_3_rx_0dB,3.0,0.0,recalibrated,16qam,-4,0.093,0.075,0.112
101,tx_3_rx_0dB,3.0,0.0,recalibrated,32qam,-4,0.073,0.057,0.089
101,tx_3_rx_0dB,3.0,0.0,frozen,bpsk,-2,0.003,0.0,0.007
101,tx_3_rx_0dB,3.0,0.0,frozen,qpsk,-2,0.0,0.0,0.0
101,tx_3_rx_0dB,3.0,0.0,frozen,16qam,-2,0.019,0.011,0.028
101,tx_3_rx_0dB,3.0,0.0,frozen,32qam,-2,0.017,0.009,0.026
101,tx_3_rx_0dB,3.0,0.0,recalibrated,bpsk,-2,0.003,0.0,0.007
101,tx_3_rx_0dB,3.0,0.0,recalibrated,qpsk,-2,0.0,0.0,0.0
101,tx_3_rx_0dB,3.0,0.0,recalibrated,16qam,-2,0.019,0.011,0.028
101,tx_3_rx_0dB,3.0,0.0,recalibrated,32qam,-2,0.017,0.009,0.026
101,tx_3_rx_0dB,3.0,0.0,frozen,bpsk,0,0.0,0.0,0.0
101,tx_3_rx_0dB,3.0,0.0,frozen,qpsk,0,0.0,0.0,0.0
101,tx_3_rx_0dB,3.0,0.0,frozen,16qam,0,0.003,0.0,0.007
101,tx_3_rx_0dB,3.0,0.0,frozen,32qam,0,0.006,0.002,0.011
101,tx_3_rx_0dB,3.0,0.0,recalibrated,bpsk,0,0.0,0.0,0.0
101,tx_3_rx_0dB,3.0,0.0,recalibrated,qpsk,0,0.0,0.0,0.0
101,tx_3_rx_0dB,3.0,0.0,recalibrated,16qam,0,0.003,0.0,0.007
101,tx_3_rx_0dB,3.0,0.0,recalibrated,32qam,0,0.006,0.002,0.011
101,tx_3_rx_0dB,3.0,0.0,frozen,bpsk,2,0.001,0.0,0.003
101,tx_3_rx_0dB,3.0,0.0,frozen,qpsk,2,0.0,0.0,0.0
101,tx_3_rx_0dB,3.0,0.0,frozen,16qam,2,0.002,0.0,0.005
101,tx_3_rx_0dB,3.0,0.0,frozen,32qam,2,0.002,0.0,0.005
101,tx_3_rx_0dB,3.0,0.0,recalibrated,bpsk,2,0.001,0.0,0.003
101,tx_3_rx_0dB,3.0,0.0,recalibrated,qpsk,2,0.0,0.0,0.0
101,tx_3_rx_0dB,3.0,0.0,recalibrated,16qam,2,0.002,0.0,0.005
101,tx_3_rx_0dB,3.0,0.0,recalibrated,32qam,2,0.002,0.0,0.005
101,tx_3_rx_0dB,3.0,0.0,frozen,bpsk,4,0.0,0.0,0.0
101,tx_3_rx_0dB,3.0,0.0,frozen,qpsk,4,0.0,0.0,0.0
101,tx_3_rx_0dB,3.0,0.0,frozen,16qam,4,0.0,0.0,0.0
101,tx_3_rx_0dB,3.0,0.0,frozen,32qam,4,0.0,0.0,0.0
101,tx_3_rx_0dB,3.0,0.0,recalibrated,bpsk,4,0.0,0.0,0.0
101,tx_3_rx_0dB,3.0,0.0,recalibrated,qpsk,4,0.0,0.0,0.0
101,tx_3_rx_0dB,3.0,0.0,recalibrated,16qam,4,0.0,0.0,0.0
101,tx_3_rx_0dB,3.0,0.0,recalibrated,32qam,4,0.0,0.0,0.0
101,tx_3_rx_0dB,3.0,0.0,frozen,bpsk,6,0.0,0.0,0.0
101,tx_3_rx_0dB,3.0,0.0,frozen,qpsk,6,0.0,0.0,0.0
101,tx_3_rx_0dB,3.0,0.0,frozen,16qam,6,0.0,0.0,0.0
101,tx_3_rx_0dB,3.0,0.0,frozen,32qam,6,0.0,0.0,0.0
101,tx_3_rx_0dB,3.0,0.0,recalibrated,bpsk,6,0.0,0.0,0.0
101,tx_3_rx_0dB,3.0,0.0,recalibrated,qpsk,6,0.0,0.0,0.0
101,tx_3_rx_0dB,3.0,0.0,recalibrated,16qam,6,0.0,0.0,0.0
101,tx_3_rx_0dB,3.0,0.0,recalibrated,32qam,6,0.0,0.0,0.0
101,tx_3_rx_0dB,3.0,0.0,frozen,bpsk,8,0.0,0.0,0.0
101,tx_3_rx_0dB,3.0,0.0,frozen,qpsk,8,0.0,0.0,0.0
101,tx_3_rx_0dB,3.0,0.0,frozen,16qam,8,0.0,0.0,0.0
101,tx_3_rx_0dB,3.0,0.0,frozen,32qam,8,0.0,0.0,0.0
101,tx_3_rx_0dB,3.0,0.0,recalibrated,bpsk,8,0.0,0.0,0.0
101,tx_3_rx_0dB,3.0,0.0,recalibrated,qpsk,8,0.0,0.0,0.0
101,tx_3_rx_0dB,3.0,0.0,recalibrated,16qam,8,0.0,0.0,0.0
101,tx_3_rx_0dB,3.0,0.0,recalibrated,32qam,8,0.0,0.0,0.0
101,tx_3_rx_0dB,3.0,0.0,frozen,bpsk,10,0.0,0.0,0.0
101,tx_3_rx_0dB,3.0,0.0,frozen,qpsk,10,0.0,0.0,0.0
101,tx_3_rx_0dB,3.0,0.0,frozen,16qam,10,0.0,0.0,0.0
101,tx_3_rx_0dB,3.0,0.0,frozen,32qam,10,0.0,0.0,0.0
101,tx_3_rx_0dB,3.0,0.0,recalibrated,bpsk,10,0.0,0.0,0.0
101,tx_3_rx_0dB,3.0,0.0,recalibrated,qpsk,10,0.0,0.0,0.0
101,tx_3_rx_0dB,3.0,0.0,recalibrated,16qam,10,0.0,0.0,0.0
101,tx_3_rx_0dB,3.0,0.0,recalibrated,32qam,10,0.0,0.0,0.0
101,tx_0_rx_12dB,0.0,12.0,frozen,bpsk,-10,0.39,0.360975,0.42
101,tx_0_rx_12dB,0.0,12.0,frozen,qpsk,-10,0.146,0.120975,0.171
101,tx_0_rx_12dB,0.0,12.0,frozen,16qam,-10,0.451,0.417,0.48202499999999987
101,tx_0_rx_12dB,0.0,12.0,frozen,32qam,-10,0.432,0.399,0.465
101,tx_0_rx_12dB,0.0,12.0,recalibrated,bpsk,-10,0.39,0.360975,0.42
101,tx_0_rx_12dB,0.0,12.0,recalibrated,qpsk,-10,0.146,0.120975,0.171
101,tx_0_rx_12dB,0.0,12.0,recalibrated,16qam,-10,0.451,0.418,0.48202499999999987
101,tx_0_rx_12dB,0.0,12.0,recalibrated,32qam,-10,0.428,0.395,0.461
101,tx_0_rx_12dB,0.0,12.0,frozen,bpsk,-8,0.175,0.152,0.199
101,tx_0_rx_12dB,0.0,12.0,frozen,qpsk,-8,0.054,0.04,0.069
101,tx_0_rx_12dB,0.0,12.0,frozen,16qam,-8,0.443,0.412975,0.473
101,tx_0_rx_12dB,0.0,12.0,frozen,32qam,-8,0.434,0.402,0.463
101,tx_0_rx_12dB,0.0,12.0,recalibrated,bpsk,-8,0.175,0.152,0.199
101,tx_0_rx_12dB,0.0,12.0,recalibrated,qpsk,-8,0.054,0.04,0.069
101,tx_0_rx_12dB,0.0,12.0,recalibrated,16qam,-8,0.444,0.413975,0.474
101,tx_0_rx_12dB,0.0,12.0,recalibrated,32qam,-8,0.438,0.406,0.467
101,tx_0_rx_12dB,0.0,12.0,frozen,bpsk,-6,0.052,0.039,0.065
101,tx_0_rx_12dB,0.0,12.0,frozen,qpsk,-6,0.009,0.003,0.015
101,tx_0_rx_12dB,0.0,12.0,frozen,16qam,-6,0.245,0.218,0.271
101,tx_0_rx_12dB,0.0,12.0,frozen,32qam,-6,0.266,0.239,0.293
101,tx_0_rx_12dB,0.0,12.0,recalibrated,bpsk,-6,0.052,0.039,0.065
101,tx_0_rx_12dB,0.0,12.0,recalibrated,qpsk,-6,0.009,0.003,0.015
101,tx_0_rx_12dB,0.0,12.0,recalibrated,16qam,-6,0.245,0.218,0.271
101,tx_0_rx_12dB,0.0,12.0,recalibrated,32qam,-6,0.266,0.239,0.293
101,tx_0_rx_12dB,0.0,12.0,frozen,bpsk,-4,0.013,0.006,0.02
101,tx_0_rx_12dB,0.0,12.0,frozen,qpsk,-4,0.0,0.0,0.0
101,tx_0_rx_12dB,0.0,12.0,frozen,16qam,-4,0.078,0.061,0.095
101,tx_0_rx_12dB,0.0,12.0,frozen,32qam,-4,0.071,0.055,0.08702499999999985
101,tx_0_rx_12dB,0.0,12.0,recalibrated,bpsk,-4,0.013,0.006,0.02
101,tx_0_rx_12dB,0.0,12.0,recalibrated,qpsk,-4,0.0,0.0,0.0
101,tx_0_rx_12dB,0.0,12.0,recalibrated,16qam,-4,0.078,0.061,0.095
101,tx_0_rx_12dB,0.0,12.0,recalibrated,32qam,-4,0.071,0.055,0.08702499999999985
101,tx_0_rx_12dB,0.0,12.0,frozen,bpsk,-2,0.003,0.0,0.007
101,tx_0_rx_12dB,0.0,12.0,frozen,qpsk,-2,0.0,0.0,0.0
101,tx_0_rx_12dB,0.0,12.0,frozen,16qam,-2,0.019,0.011,0.028
101,tx_0_rx_12dB,0.0,12.0,frozen,32qam,-2,0.022,0.013,0.032
101,tx_0_rx_12dB,0.0,12.0,recalibrated,bpsk,-2,0.003,0.0,0.007
101,tx_0_rx_12dB,0.0,12.0,recalibrated,qpsk,-2,0.0,0.0,0.0
101,tx_0_rx_12dB,0.0,12.0,recalibrated,16qam,-2,0.021,0.013,0.03
101,tx_0_rx_12dB,0.0,12.0,recalibrated,32qam,-2,0.022,0.013,0.032
101,tx_0_rx_12dB,0.0,12.0,frozen,bpsk,0,0.001,0.0,0.003
101,tx_0_rx_12dB,0.0,12.0,frozen,qpsk,0,0.0,0.0,0.0
101,tx_0_rx_12dB,0.0,12.0,frozen,16qam,0,0.002,0.0,0.005
101,tx_0_rx_12dB,0.0,12.0,frozen,32qam,0,0.003,0.0,0.007
101,tx_0_rx_12dB,0.0,12.0,recalibrated,bpsk,0,0.001,0.0,0.003
101,tx_0_rx_12dB,0.0,12.0,recalibrated,qpsk,0,0.0,0.0,0.0
101,tx_0_rx_12dB,0.0,12.0,recalibrated,16qam,0,0.002,0.0,0.005
101,tx_0_rx_12dB,0.0,12.0,recalibrated,32qam,0,0.003,0.0,0.007
101,tx_0_rx_12dB,0.0,12.0,frozen,bpsk,2,0.001,0.0,0.003
101,tx_0_rx_12dB,0.0,12.0,frozen,qpsk,2,0.0,0.0,0.0
101,tx_0_rx_12dB,0.0,12.0,frozen,16qam,2,0.001,0.0,0.003
101,tx_0_rx_12dB,0.0,12.0,frozen,32qam,2,0.001,0.0,0.003
101,tx_0_rx_12dB,0.0,12.0,recalibrated,bpsk,2,0.001,0.0,0.003
101,tx_0_rx_12dB,0.0,12.0,recalibrated,qpsk,2,0.0,0.0,0.0
101,tx_0_rx_12dB,0.0,12.0,recalibrated,16qam,2,0.001,0.0,0.003
101,tx_0_rx_12dB,0.0,12.0,recalibrated,32qam,2,0.001,0.0,0.003
101,tx_0_rx_12dB,0.0,12.0,frozen,bpsk,4,0.0,0.0,0.0
101,tx_0_rx_12dB,0.0,12.0,frozen,qpsk,4,0.0,0.0,0.0
101,tx_0_rx_12dB,0.0,12.0,frozen,16qam,4,0.0,0.0,0.0
101,tx_0_rx_12dB,0.0,12.0,frozen,32qam,4,0.0,0.0,0.0
101,tx_0_rx_12dB,0.0,12.0,recalibrated,bpsk,4,0.0,0.0,0.0
101,tx_0_rx_12dB,0.0,12.0,recalibrated,qpsk,4,0.0,0.0,0.0
101,tx_0_rx_12dB,0.0,12.0,recalibrated,16qam,4,0.0,0.0,0.0
101,tx_0_rx_12dB,0.0,12.0,recalibrated,32qam,4,0.0,0.0,0.0
101,tx_0_rx_12dB,0.0,12.0,frozen,bpsk,6,0.0,0.0,0.0
101,tx_0_rx_12dB,0.0,12.0,frozen,qpsk,6,0.0,0.0,0.0
101,tx_0_rx_12dB,0.0,12.0,frozen,16qam,6,0.0,0.0,0.0
101,tx_0_rx_12dB,0.0,12.0,frozen,32qam,6,0.0,0.0,0.0
101,tx_0_rx_12dB,0.0,12.0,recalibrated,bpsk,6,0.0,0.0,0.0
101,tx_0_rx_12dB,0.0,12.0,recalibrated,qpsk,6,0.0,0.0,0.0
101,tx_0_rx_12dB,0.0,12.0,recalibrated,16qam,6,0.0,0.0,0.0
101,tx_0_rx_12dB,0.0,12.0,recalibrated,32qam,6,0.0,0.0,0.0
101,tx_0_rx_12dB,0.0,12.0,frozen,bpsk,8,0.0,0.0,0.0
101,tx_0_rx_12dB,0.0,12.0,frozen,qpsk,8,0.0,0.0,0.0
101,tx_0_rx_12dB,0.0,12.0,frozen,16qam,8,0.0,0.0,0.0
101,tx_0_rx_12dB,0.0,12.0,frozen,32qam,8,0.0,0.0,0.0
101,tx_0_rx_12dB,0.0,12.0,recalibrated,bpsk,8,0.0,0.0,0.0
101,tx_0_rx_12dB,0.0,12.0,recalibrated,qpsk,8,0.0,0.0,0.0
101,tx_0_rx_12dB,0.0,12.0,recalibrated,16qam,8,0.0,0.0,0.0
101,tx_0_rx_12dB,0.0,12.0,recalibrated,32qam,8,0.0,0.0,0.0
101,tx_0_rx_12dB,0.0,12.0,frozen,bpsk,10,0.0,0.0,0.0
101,tx_0_rx_12dB,0.0,12.0,frozen,qpsk,10,0.0,0.0,0.0
101,tx_0_rx_12dB,0.0,12.0,frozen,16qam,10,0.0,0.0,0.0
101,tx_0_rx_12dB,0.0,12.0,frozen,32qam,10,0.0,0.0,0.0
101,tx_0_rx_12dB,0.0,12.0,recalibrated,bpsk,10,0.0,0.0,0.0
101,tx_0_rx_12dB,0.0,12.0,recalibrated,qpsk,10,0.0,0.0,0.0
101,tx_0_rx_12dB,0.0,12.0,recalibrated,16qam,10,0.0,0.0,0.0
101,tx_0_rx_12dB,0.0,12.0,recalibrated,32qam,10,0.0,0.0,0.0
101,tx_0_rx_6dB,0.0,6.0,frozen,bpsk,-10,0.38,0.35,0.41
101,tx_0_rx_6dB,0.0,6.0,frozen,qpsk,-10,0.148,0.122,0.173
101,tx_0_rx_6dB,0.0,6.0,frozen,16qam,-10,0.454,0.421,0.486
101,tx_0_rx_6dB,0.0,6.0,frozen,32qam,-10,0.424,0.391,0.4560249999999999
101,tx_0_rx_6dB,0.0,6.0,recalibrated,bpsk,-10,0.383,0.353,0.412
101,tx_0_rx_6dB,0.0,6.0,recalibrated,qpsk,-10,0.15,0.124,0.175
101,tx_0_rx_6dB,0.0,6.0,recalibrated,16qam,-10,0.446,0.412,0.478
101,tx_0_rx_6dB,0.0,6.0,recalibrated,32qam,-10,0.418,0.384975,0.451
101,tx_0_rx_6dB,0.0,6.0,frozen,bpsk,-8,0.166,0.143975,0.189
101,tx_0_rx_6dB,0.0,6.0,frozen,qpsk,-8,0.052,0.038,0.066
101,tx_0_rx_6dB,0.0,6.0,frozen,16qam,-8,0.447,0.417,0.477
101,tx_0_rx_6dB,0.0,6.0,frozen,32qam,-8,0.438,0.407,0.468
101,tx_0_rx_6dB,0.0,6.0,recalibrated,bpsk,-8,0.168,0.146975,0.191
101,tx_0_rx_6dB,0.0,6.0,recalibrated,qpsk,-8,0.056,0.042,0.071
101,tx_0_rx_6dB,0.0,6.0,recalibrated,16qam,-8,0.449,0.419,0.48
101,tx_0_rx_6dB,0.0,6.0,recalibrated,32qam,-8,0.444,0.413,0.474
101,tx_0_rx_6dB,0.0,6.0,frozen,bpsk,-6,0.043,0.031,0.056
101,tx_0_rx_6dB,0.0,6.0,frozen,qpsk,-6,0.01,0.004,0.017
101,tx_0_rx_6dB,0.0,6.0,frozen,16qam,-6,0.24,0.214,0.266
101,tx_0_rx_6dB,0.0,6.0,frozen,32qam,-6,0.258,0.23,0.28502499999999986
101,tx_0_rx_6dB,0.0,6.0,recalibrated,bpsk,-6,0.043,0.031,0.056
101,tx_0_rx_6dB,0.0,6.0,recalibrated,qpsk,-6,0.01,0.004,0.017
101,tx_0_rx_6dB,0.0,6.0,recalibrated,16qam,-6,0.242,0.215,0.268
101,tx_0_rx_6dB,0.0,6.0,recalibrated,32qam,-6,0.258,0.232,0.285
101,tx_0_rx_6dB,0.0,6.0,frozen,bpsk,-4,0.012,0.006,0.019
101,tx_0_rx_6dB,0.0,6.0,frozen,qpsk,-4,0.0,0.0,0.0
101,tx_0_rx_6dB,0.0,6.0,frozen,16qam,-4,0.08,0.063,0.098
101,tx_0_rx_6dB,0.0,6.0,frozen,32qam,-4,0.067,0.052,0.083
101,tx_0_rx_6dB,0.0,6.0,recalibrated,bpsk,-4,0.012,0.006,0.019
101,tx_0_rx_6dB,0.0,6.0,recalibrated,qpsk,-4,0.0,0.0,0.0
101,tx_0_rx_6dB,0.0,6.0,recalibrated,16qam,-4,0.082,0.065,0.1
101,tx_0_rx_6dB,0.0,6.0,recalibrated,32qam,-4,0.067,0.052,0.083
101,tx_0_rx_6dB,0.0,6.0,frozen,bpsk,-2,0.003,0.0,0.007
101,tx_0_rx_6dB,0.0,6.0,frozen,qpsk,-2,0.0,0.0,0.0
101,tx_0_rx_6dB,0.0,6.0,frozen,16qam,-2,0.017,0.01,0.026
101,tx_0_rx_6dB,0.0,6.0,frozen,32qam,-2,0.016,0.009,0.024
101,tx_0_rx_6dB,0.0,6.0,recalibrated,bpsk,-2,0.003,0.0,0.007
101,tx_0_rx_6dB,0.0,6.0,recalibrated,qpsk,-2,0.0,0.0,0.0
101,tx_0_rx_6dB,0.0,6.0,recalibrated,16qam,-2,0.018,0.01,0.027
101,tx_0_rx_6dB,0.0,6.0,recalibrated,32qam,-2,0.017,0.009,0.026
101,tx_0_rx_6dB,0.0,6.0,frozen,bpsk,0,0.0,0.0,0.0
101,tx_0_rx_6dB,0.0,6.0,frozen,qpsk,0,0.0,0.0,0.0
101,tx_0_rx_6dB,0.0,6.0,frozen,16qam,0,0.002,0.0,0.005
101,tx_0_rx_6dB,0.0,6.0,frozen,32qam,0,0.003,0.0,0.007
101,tx_0_rx_6dB,0.0,6.0,recalibrated,bpsk,0,0.0,0.0,0.0
101,tx_0_rx_6dB,0.0,6.0,recalibrated,qpsk,0,0.0,0.0,0.0
101,tx_0_rx_6dB,0.0,6.0,recalibrated,16qam,0,0.002,0.0,0.005
101,tx_0_rx_6dB,0.0,6.0,recalibrated,32qam,0,0.004,0.001,0.008
101,tx_0_rx_6dB,0.0,6.0,frozen,bpsk,2,0.001,0.0,0.003
101,tx_0_rx_6dB,0.0,6.0,frozen,qpsk,2,0.0,0.0,0.0
101,tx_0_rx_6dB,0.0,6.0,frozen,16qam,2,0.001,0.0,0.003
101,tx_0_rx_6dB,0.0,6.0,frozen,32qam,2,0.001,0.0,0.003
101,tx_0_rx_6dB,0.0,6.0,recalibrated,bpsk,2,0.001,0.0,0.003
101,tx_0_rx_6dB,0.0,6.0,recalibrated,qpsk,2,0.0,0.0,0.0
101,tx_0_rx_6dB,0.0,6.0,recalibrated,16qam,2,0.001,0.0,0.003
101,tx_0_rx_6dB,0.0,6.0,recalibrated,32qam,2,0.001,0.0,0.003
101,tx_0_rx_6dB,0.0,6.0,frozen,bpsk,4,0.0,0.0,0.0
101,tx_0_rx_6dB,0.0,6.0,frozen,qpsk,4,0.0,0.0,0.0
101,tx_0_rx_6dB,0.0,6.0,frozen,16qam,4,0.0,0.0,0.0
101,tx_0_rx_6dB,0.0,6.0,frozen,32qam,4,0.0,0.0,0.0
101,tx_0_rx_6dB,0.0,6.0,recalibrated,bpsk,4,0.0,0.0,0.0
101,tx_0_rx_6dB,0.0,6.0,recalibrated,qpsk,4,0.0,0.0,0.0
101,tx_0_rx_6dB,0.0,6.0,recalibrated,16qam,4,0.0,0.0,0.0
101,tx_0_rx_6dB,0.0,6.0,recalibrated,32qam,4,0.0,0.0,0.0
101,tx_0_rx_6dB,0.0,6.0,frozen,bpsk,6,0.0,0.0,0.0
101,tx_0_rx_6dB,0.0,6.0,frozen,qpsk,6,0.0,0.0,0.0
101,tx_0_rx_6dB,0.0,6.0,frozen,16qam,6,0.0,0.0,0.0
101,tx_0_rx_6dB,0.0,6.0,frozen,32qam,6,0.0,0.0,0.0
101,tx_0_rx_6dB,0.0,6.0,recalibrated,bpsk,6,0.0,0.0,0.0
101,tx_0_rx_6dB,0.0,6.0,recalibrated,qpsk,6,0.0,0.0,0.0
101,tx_0_rx_6dB,0.0,6.0,recalibrated,16qam,6,0.0,0.0,0.0
101,tx_0_rx_6dB,0.0,6.0,recalibrated,32qam,6,0.0,0.0,0.0
101,tx_0_rx_6dB,0.0,6.0,frozen,bpsk,8,0.0,0.0,0.0
101,tx_0_rx_6dB,0.0,6.0,frozen,qpsk,8,0.0,0.0,0.0
101,tx_0_rx_6dB,0.0,6.0,frozen,16qam,8,0.0,0.0,0.0
101,tx_0_rx_6dB,0.0,6.0,frozen,32qam,8,0.0,0.0,0.0
101,tx_0_rx_6dB,0.0,6.0,recalibrated,bpsk,8,0.0,0.0,0.0
101,tx_0_rx_6dB,0.0,6.0,recalibrated,qpsk,8,0.0,0.0,0.0
101,tx_0_rx_6dB,0.0,6.0,recalibrated,16qam,8,0.0,0.0,0.0
101,tx_0_rx_6dB,0.0,6.0,recalibrated,32qam,8,0.0,0.0,0.0
101,tx_0_rx_6dB,0.0,6.0,frozen,bpsk,10,0.0,0.0,0.0
101,tx_0_rx_6dB,0.0,6.0,frozen,qpsk,10,0.0,0.0,0.0
101,tx_0_rx_6dB,0.0,6.0,frozen,16qam,10,0.0,0.0,0.0
101,tx_0_rx_6dB,0.0,6.0,frozen,32qam,10,0.0,0.0,0.0
101,tx_0_rx_6dB,0.0,6.0,recalibrated,bpsk,10,0.0,0.0,0.0
101,tx_0_rx_6dB,0.0,6.0,recalibrated,qpsk,10,0.0,0.0,0.0
101,tx_0_rx_6dB,0.0,6.0,recalibrated,16qam,10,0.0,0.0,0.0
101,tx_0_rx_6dB,0.0,6.0,recalibrated,32qam,10,0.0,0.0,0.0
101,tx_0_rx_0dB,0.0,0.0,frozen,bpsk,-10,0.386,0.355,0.416
101,tx_0_rx_0dB,0.0,0.0,frozen,qpsk,-10,0.172,0.147,0.198
101,tx_0_rx_0dB,0.0,0.0,frozen,16qam,-10,0.444,0.411975,0.475
101,tx_0_rx_0dB,0.0,0.0,frozen,32qam,-10,0.416,0.382,0.449
101,tx_0_rx_0dB,0.0,0.0,recalibrated,bpsk,-10,0.381,0.350975,0.41
101,tx_0_rx_0dB,0.0,0.0,recalibrated,qpsk,-10,0.166,0.139,0.193
101,tx_0_rx_0dB,0.0,0.0,recalibrated,16qam,-10,0.43,0.397,0.4610249999999999
101,tx_0_rx_0dB,0.0,0.0,recalibrated,32qam,-10,0.404,0.37,0.438
101,tx_0_rx_0dB,0.0,0.0,frozen,bpsk,-8,0.175,0.152,0.199
101,tx_0_rx_0dB,0.0,0.0,frozen,qpsk,-8,0.06,0.045,0.075
101,tx_0_rx_0dB,0.0,0.0,frozen,16qam,-8,0.46,0.43,0.491
101,tx_0_rx_0dB,0.0,0.0,frozen,32qam,-8,0.444,0.413,0.47402499999999986
101,tx_0_rx_0dB,0.0,0.0,recalibrated,bpsk,-8,0.174,0.151,0.198
101,tx_0_rx_0dB,0.0,0.0,recalibrated,qpsk,-8,0.059,0.043,0.075
101,tx_0_rx_0dB,0.0,0.0,recalibrated,16qam,-8,0.455,0.425,0.486
101,tx_0_rx_0dB,0.0,0.0,recalibrated,32qam,-8,0.434,0.402,0.4650249999999999
101,tx_0_rx_0dB,0.0,0.0,frozen,bpsk,-6,0.051,0.038,0.064
101,tx_0_rx_0dB,0.0,0.0,frozen,qpsk,-6,0.01,0.004,0.017
101,tx_0_rx_0dB,0.0,0.0,frozen,16qam,-6,0.258,0.231,0.285
101,tx_0_rx_0dB,0.0,0.0,frozen,32qam,-6,0.265,0.238,0.293
101,tx_0_rx_0dB,0.0,0.0,recalibrated,bpsk,-6,0.049,0.036,0.062
101,tx_0_rx_0dB,0.0,0.0,recalibrated,qpsk,-6,0.01,0.004,0.017
101,tx_0_rx_0dB,0.0,0.0,recalibrated,16qam,-6,0.257,0.23,0.284
101,tx_0_rx_0dB,0.0,0.0,recalibrated,32qam,-6,0.263,0.236,0.291
101,tx_0_rx_0dB,0.0,0.0,frozen,bpsk,-4,0.009,0.004,0.015
101,tx_0_rx_0dB,0.0,0.0,frozen,qpsk,-4,0.0,0.0,0.0
101,tx_0_rx_0dB,0.0,0.0,frozen,16qam,-4,0.095,0.077,0.114
101,tx_0_rx_0dB,0.0,0.0,frozen,32qam,-4,0.074,0.058,0.09002499999999986
101,tx_0_rx_0dB,0.0,0.0,recalibrated,bpsk,-4,0.009,0.004,0.015
101,tx_0_rx_0dB,0.0,0.0,recalibrated,qpsk,-4,0.0,0.0,0.0
101,tx_0_rx_0dB,0.0,0.0,recalibrated,16qam,-4,0.091,0.073,0.11
101,tx_0_rx_0dB,0.0,0.0,recalibrated,32qam,-4,0.073,0.057,0.089
101,tx_0_rx_0dB,0.0,0.0,frozen,bpsk,-2,0.004,0.001,0.008
101,tx_0_rx_0dB,0.0,0.0,frozen,qpsk,-2,0.0,0.0,0.0
101,tx_0_rx_0dB,0.0,0.0,frozen,16qam,-2,0.019,0.011,0.028
101,tx_0_rx_0dB,0.0,0.0,frozen,32qam,-2,0.015,0.008,0.023
101,tx_0_rx_0dB,0.0,0.0,recalibrated,bpsk,-2,0.004,0.001,0.008
101,tx_0_rx_0dB,0.0,0.0,recalibrated,qpsk,-2,0.0,0.0,0.0
101,tx_0_rx_0dB,0.0,0.0,recalibrated,16qam,-2,0.019,0.011,0.028
101,tx_0_rx_0dB,0.0,0.0,recalibrated,32qam,-2,0.015,0.008,0.023
101,tx_0_rx_0dB,0.0,0.0,frozen,bpsk,0,0.001,0.0,0.003
101,tx_0_rx_0dB,0.0,0.0,frozen,qpsk,0,0.0,0.0,0.0
101,tx_0_rx_0dB,0.0,0.0,frozen,16qam,0,0.003,0.0,0.007
101,tx_0_rx_0dB,0.0,0.0,frozen,32qam,0,0.005,0.001,0.01
101,tx_0_rx_0dB,0.0,0.0,recalibrated,bpsk,0,0.001,0.0,0.003
101,tx_0_rx_0dB,0.0,0.0,recalibrated,qpsk,0,0.0,0.0,0.0
101,tx_0_rx_0dB,0.0,0.0,recalibrated,16qam,0,0.003,0.0,0.007
101,tx_0_rx_0dB,0.0,0.0,recalibrated,32qam,0,0.005,0.001,0.01
101,tx_0_rx_0dB,0.0,0.0,frozen,bpsk,2,0.001,0.0,0.003
101,tx_0_rx_0dB,0.0,0.0,frozen,qpsk,2,0.0,0.0,0.0
101,tx_0_rx_0dB,0.0,0.0,frozen,16qam,2,0.002,0.0,0.005
101,tx_0_rx_0dB,0.0,0.0,frozen,32qam,2,0.002,0.0,0.005
101,tx_0_rx_0dB,0.0,0.0,recalibrated,bpsk,2,0.001,0.0,0.003
101,tx_0_rx_0dB,0.0,0.0,recalibrated,qpsk,2,0.0,0.0,0.0
101,tx_0_rx_0dB,0.0,0.0,recalibrated,16qam,2,0.002,0.0,0.005
101,tx_0_rx_0dB,0.0,0.0,recalibrated,32qam,2,0.002,0.0,0.005
101,tx_0_rx_0dB,0.0,0.0,frozen,bpsk,4,0.0,0.0,0.0
101,tx_0_rx_0dB,0.0,0.0,frozen,qpsk,4,0.0,0.0,0.0
101,tx_0_rx_0dB,0.0,0.0,frozen,16qam,4,0.0,0.0,0.0
101,tx_0_rx_0dB,0.0,0.0,frozen,32qam,4,0.0,0.0,0.0
101,tx_0_rx_0dB,0.0,0.0,recalibrated,bpsk,4,0.0,0.0,0.0
101,tx_0_rx_0dB,0.0,0.0,recalibrated,qpsk,4,0.0,0.0,0.0
101,tx_0_rx_0dB,0.0,0.0,recalibrated,16qam,4,0.0,0.0,0.0
101,tx_0_rx_0dB,0.0,0.0,recalibrated,32qam,4,0.0,0.0,0.0
101,tx_0_rx_0dB,0.0,0.0,frozen,bpsk,6,0.0,0.0,0.0
101,tx_0_rx_0dB,0.0,0.0,frozen,qpsk,6,0.0,0.0,0.0
101,tx_0_rx_0dB,0.0,0.0,frozen,16qam,6,0.0,0.0,0.0
101,tx_0_rx_0dB,0.0,0.0,frozen,32qam,6,0.0,0.0,0.0
101,tx_0_rx_0dB,0.0,0.0,recalibrated,bpsk,6,0.0,0.0,0.0
101,tx_0_rx_0dB,0.0,0.0,recalibrated,qpsk,6,0.0,0.0,0.0
101,tx_0_rx_0dB,0.0,0.0,recalibrated,16qam,6,0.0,0.0,0.0
101,tx_0_rx_0dB,0.0,0.0,recalibrated,32qam,6,0.0,0.0,0.0
101,tx_0_rx_0dB,0.0,0.0,frozen,bpsk,8,0.0,0.0,0.0
101,tx_0_rx_0dB,0.0,0.0,frozen,qpsk,8,0.0,0.0,0.0
101,tx_0_rx_0dB,0.0,0.0,frozen,16qam,8,0.0,0.0,0.0
101,tx_0_rx_0dB,0.0,0.0,frozen,32qam,8,0.0,0.0,0.0
101,tx_0_rx_0dB,0.0,0.0,recalibrated,bpsk,8,0.0,0.0,0.0
101,tx_0_rx_0dB,0.0,0.0,recalibrated,qpsk,8,0.0,0.0,0.0
101,tx_0_rx_0dB,0.0,0.0,recalibrated,16qam,8,0.0,0.0,0.0
101,tx_0_rx_0dB,0.0,0.0,recalibrated,32qam,8,0.0,0.0,0.0
101,tx_0_rx_0dB,0.0,0.0,frozen,bpsk,10,0.0,0.0,0.0
101,tx_0_rx_0dB,0.0,0.0,frozen,qpsk,10,0.0,0.0,0.0
101,tx_0_rx_0dB,0.0,0.0,frozen,16qam,10,0.0,0.0,0.0
101,tx_0_rx_0dB,0.0,0.0,frozen,32qam,10,0.0,0.0,0.0
101,tx_0_rx_0dB,0.0,0.0,recalibrated,bpsk,10,0.0,0.0,0.0
101,tx_0_rx_0dB,0.0,0.0,recalibrated,qpsk,10,0.0,0.0,0.0
101,tx_0_rx_0dB,0.0,0.0,recalibrated,16qam,10,0.0,0.0,0.0
101,tx_0_rx_0dB,0.0,0.0,recalibrated,32qam,10,0.0,0.0,0.0
202,linear,,,frozen,bpsk,-10,0.301,0.273,0.329
202,linear,,,frozen,qpsk,-10,0.137,0.112,0.163
202,linear,,,frozen,16qam,-10,0.441,0.405,0.47402499999999986
202,linear,,,frozen,32qam,-10,0.438,0.407,0.469
202,linear,,,recalibrated,bpsk,-10,0.301,0.273,0.329
202,linear,,,recalibrated,qpsk,-10,0.137,0.112,0.163
202,linear,,,recalibrated,16qam,-10,0.441,0.405,0.47402499999999986
202,linear,,,recalibrated,32qam,-10,0.438,0.407,0.469
202,linear,,,frozen,bpsk,-8,0.132,0.112,0.153
202,linear,,,frozen,qpsk,-8,0.044,0.031,0.058
202,linear,,,frozen,16qam,-8,0.388,0.358,0.419
202,linear,,,frozen,32qam,-8,0.432,0.399,0.464
202,linear,,,recalibrated,bpsk,-8,0.132,0.112,0.153
202,linear,,,recalibrated,qpsk,-8,0.044,0.031,0.058
202,linear,,,recalibrated,16qam,-8,0.388,0.358,0.419
202,linear,,,recalibrated,32qam,-8,0.432,0.399,0.464
202,linear,,,frozen,bpsk,-6,0.031,0.021,0.042
202,linear,,,frozen,qpsk,-6,0.004,0.001,0.009
202,linear,,,frozen,16qam,-6,0.203,0.179,0.22902499999999987
202,linear,,,frozen,32qam,-6,0.23,0.204,0.256
202,linear,,,recalibrated,bpsk,-6,0.031,0.021,0.042
202,linear,,,recalibrated,qpsk,-6,0.004,0.001,0.009
202,linear,,,recalibrated,16qam,-6,0.203,0.179,0.22902499999999987
202,linear,,,recalibrated,32qam,-6,0.23,0.204,0.256
202,linear,,,frozen,bpsk,-4,0.001,0.0,0.003
202,linear,,,frozen,qpsk,-4,0.002,0.0,0.005
202,linear,,,frozen,16qam,-4,0.07,0.055,0.086
202,linear,,,frozen,32qam,-4,0.082,0.065,0.1
202,linear,,,recalibrated,bpsk,-4,0.001,0.0,0.003
202,linear,,,recalibrated,qpsk,-4,0.002,0.0,0.005
202,linear,,,recalibrated,16qam,-4,0.07,0.055,0.086
202,linear,,,recalibrated,32qam,-4,0.082,0.065,0.1
202,linear,,,frozen,bpsk,-2,0.001,0.0,0.003
202,linear,,,frozen,qpsk,-2,0.0,0.0,0.0
202,linear,,,frozen,16qam,-2,0.008,0.003,0.014
202,linear,,,frozen,32qam,-2,0.026,0.017,0.037
202,linear,,,recalibrated,bpsk,-2,0.001,0.0,0.003
202,linear,,,recalibrated,qpsk,-2,0.0,0.0,0.0
202,linear,,,recalibrated,16qam,-2,0.008,0.003,0.014
202,linear,,,recalibrated,32qam,-2,0.026,0.017,0.037
202,linear,,,frozen,bpsk,0,0.0,0.0,0.0
202,linear,,,frozen,qpsk,0,0.0,0.0,0.0
202,linear,,,frozen,16qam,0,0.0,0.0,0.0
202,linear,,,frozen,32qam,0,0.003,0.0,0.007
202,linear,,,recalibrated,bpsk,0,0.0,0.0,0.0
202,linear,,,recalibrated,qpsk,0,0.0,0.0,0.0
202,linear,,,recalibrated,16qam,0,0.0,0.0,0.0
202,linear,,,recalibrated,32qam,0,0.003,0.0,0.007
202,linear,,,frozen,bpsk,2,0.0,0.0,0.0
202,linear,,,frozen,qpsk,2,0.0,0.0,0.0
202,linear,,,frozen,16qam,2,0.001,0.0,0.003
202,linear,,,frozen,32qam,2,0.001,0.0,0.003
202,linear,,,recalibrated,bpsk,2,0.0,0.0,0.0
202,linear,,,recalibrated,qpsk,2,0.0,0.0,0.0
202,linear,,,recalibrated,16qam,2,0.001,0.0,0.003
202,linear,,,recalibrated,32qam,2,0.001,0.0,0.003
202,linear,,,frozen,bpsk,4,0.0,0.0,0.0
202,linear,,,frozen,qpsk,4,0.0,0.0,0.0
202,linear,,,frozen,16qam,4,0.001,0.0,0.003
202,linear,,,frozen,32qam,4,0.0,0.0,0.0
202,linear,,,recalibrated,bpsk,4,0.0,0.0,0.0
202,linear,,,recalibrated,qpsk,4,0.0,0.0,0.0
202,linear,,,recalibrated,16qam,4,0.001,0.0,0.003
202,linear,,,recalibrated,32qam,4,0.0,0.0,0.0
202,linear,,,frozen,bpsk,6,0.0,0.0,0.0
202,linear,,,frozen,qpsk,6,0.0,0.0,0.0
202,linear,,,frozen,16qam,6,0.0,0.0,0.0
202,linear,,,frozen,32qam,6,0.0,0.0,0.0
202,linear,,,recalibrated,bpsk,6,0.0,0.0,0.0
202,linear,,,recalibrated,qpsk,6,0.0,0.0,0.0
202,linear,,,recalibrated,16qam,6,0.0,0.0,0.0
202,linear,,,recalibrated,32qam,6,0.0,0.0,0.0
202,linear,,,frozen,bpsk,8,0.0,0.0,0.0
202,linear,,,frozen,qpsk,8,0.0,0.0,0.0
202,linear,,,frozen,16qam,8,0.0,0.0,0.0
202,linear,,,frozen,32qam,8,0.0,0.0,0.0
202,linear,,,recalibrated,bpsk,8,0.0,0.0,0.0
202,linear,,,recalibrated,qpsk,8,0.0,0.0,0.0
202,linear,,,recalibrated,16qam,8,0.0,0.0,0.0
202,linear,,,recalibrated,32qam,8,0.0,0.0,0.0
202,linear,,,frozen,bpsk,10,0.0,0.0,0.0
202,linear,,,frozen,qpsk,10,0.0,0.0,0.0
202,linear,,,frozen,16qam,10,0.0,0.0,0.0
202,linear,,,frozen,32qam,10,0.0,0.0,0.0
202,linear,,,recalibrated,bpsk,10,0.0,0.0,0.0
202,linear,,,recalibrated,qpsk,10,0.0,0.0,0.0
202,linear,,,recalibrated,16qam,10,0.0,0.0,0.0
202,linear,,,recalibrated,32qam,10,0.0,0.0,0.0
202,tx_9dB,9.0,,frozen,bpsk,-10,0.302,0.273975,0.33
202,tx_9dB,9.0,,frozen,qpsk,-10,0.138,0.113,0.164
202,tx_9dB,9.0,,frozen,16qam,-10,0.441,0.405,0.47402499999999986
202,tx_9dB,9.0,,frozen,32qam,-10,0.439,0.407,0.47
202,tx_9dB,9.0,,recalibrated,bpsk,-10,0.302,0.273975,0.33
202,tx_9dB,9.0,,recalibrated,qpsk,-10,0.138,0.113,0.164
202,tx_9dB,9.0,,recalibrated,16qam,-10,0.441,0.405,0.47402499999999986
202,tx_9dB,9.0,,recalibrated,32qam,-10,0.439,0.407,0.47
202,tx_9dB,9.0,,frozen,bpsk,-8,0.133,0.113,0.154
202,tx_9dB,9.0,,frozen,qpsk,-8,0.045,0.032,0.059
202,tx_9dB,9.0,,frozen,16qam,-8,0.389,0.359,0.42
202,tx_9dB,9.0,,frozen,32qam,-8,0.434,0.401,0.466
202,tx_9dB,9.0,,recalibrated,bpsk,-8,0.133,0.113,0.154
202,tx_9dB,9.0,,recalibrated,qpsk,-8,0.045,0.032,0.059
202,tx_9dB,9.0,,recalibrated,16qam,-8,0.389,0.359,0.42
202,tx_9dB,9.0,,recalibrated,32qam,-8,0.434,0.401,0.466
202,tx_9dB,9.0,,frozen,bpsk,-6,0.032,0.021975,0.043
202,tx_9dB,9.0,,frozen,qpsk,-6,0.004,0.001,0.009
202,tx_9dB,9.0,,frozen,16qam,-6,0.204,0.18,0.23
202,tx_9dB,9.0,,frozen,32qam,-6,0.229,0.203975,0.2550249999999999
202,tx_9dB,9.0,,recalibrated,bpsk,-6,0.032,0.021975,0.043
202,tx_9dB,9.0,,recalibrated,qpsk,-6,0.004,0.001,0.009
202,tx_9dB,9.0,,recalibrated,16qam,-6,0.204,0.18,0.23
202,tx_9dB,9.0,,recalibrated,32qam,-6,0.229,0.203975,0.2550249999999999
202,tx_9dB,9.0,,frozen,bpsk,-4,0.001,0.0,0.003
202,tx_9dB,9.0,,frozen,qpsk,-4,0.002,0.0,0.005
202,tx_9dB,9.0,,frozen,16qam,-4,0.069,0.054,0.085
202,tx_9dB,9.0,,frozen,32qam,-4,0.082,0.065,0.1
202,tx_9dB,9.0,,recalibrated,bpsk,-4,0.001,0.0,0.003
202,tx_9dB,9.0,,recalibrated,qpsk,-4,0.002,0.0,0.005
202,tx_9dB,9.0,,recalibrated,16qam,-4,0.069,0.054,0.085
202,tx_9dB,9.0,,recalibrated,32qam,-4,0.082,0.065,0.1
202,tx_9dB,9.0,,frozen,bpsk,-2,0.001,0.0,0.003
202,tx_9dB,9.0,,frozen,qpsk,-2,0.0,0.0,0.0
202,tx_9dB,9.0,,frozen,16qam,-2,0.008,0.003,0.014
202,tx_9dB,9.0,,frozen,32qam,-2,0.026,0.017,0.037
202,tx_9dB,9.0,,recalibrated,bpsk,-2,0.001,0.0,0.003
202,tx_9dB,9.0,,recalibrated,qpsk,-2,0.0,0.0,0.0
202,tx_9dB,9.0,,recalibrated,16qam,-2,0.008,0.003,0.014
202,tx_9dB,9.0,,recalibrated,32qam,-2,0.026,0.017,0.037
202,tx_9dB,9.0,,frozen,bpsk,0,0.0,0.0,0.0
202,tx_9dB,9.0,,frozen,qpsk,0,0.0,0.0,0.0
202,tx_9dB,9.0,,frozen,16qam,0,0.0,0.0,0.0
202,tx_9dB,9.0,,frozen,32qam,0,0.003,0.0,0.007
202,tx_9dB,9.0,,recalibrated,bpsk,0,0.0,0.0,0.0
202,tx_9dB,9.0,,recalibrated,qpsk,0,0.0,0.0,0.0
202,tx_9dB,9.0,,recalibrated,16qam,0,0.0,0.0,0.0
202,tx_9dB,9.0,,recalibrated,32qam,0,0.003,0.0,0.007
202,tx_9dB,9.0,,frozen,bpsk,2,0.0,0.0,0.0
202,tx_9dB,9.0,,frozen,qpsk,2,0.0,0.0,0.0
202,tx_9dB,9.0,,frozen,16qam,2,0.0,0.0,0.0
202,tx_9dB,9.0,,frozen,32qam,2,0.001,0.0,0.003
202,tx_9dB,9.0,,recalibrated,bpsk,2,0.0,0.0,0.0
202,tx_9dB,9.0,,recalibrated,qpsk,2,0.0,0.0,0.0
202,tx_9dB,9.0,,recalibrated,16qam,2,0.0,0.0,0.0
202,tx_9dB,9.0,,recalibrated,32qam,2,0.001,0.0,0.003
202,tx_9dB,9.0,,frozen,bpsk,4,0.0,0.0,0.0
202,tx_9dB,9.0,,frozen,qpsk,4,0.0,0.0,0.0
202,tx_9dB,9.0,,frozen,16qam,4,0.001,0.0,0.003
202,tx_9dB,9.0,,frozen,32qam,4,0.0,0.0,0.0
202,tx_9dB,9.0,,recalibrated,bpsk,4,0.0,0.0,0.0
202,tx_9dB,9.0,,recalibrated,qpsk,4,0.0,0.0,0.0
202,tx_9dB,9.0,,recalibrated,16qam,4,0.001,0.0,0.003
202,tx_9dB,9.0,,recalibrated,32qam,4,0.0,0.0,0.0
202,tx_9dB,9.0,,frozen,bpsk,6,0.0,0.0,0.0
202,tx_9dB,9.0,,frozen,qpsk,6,0.0,0.0,0.0
202,tx_9dB,9.0,,frozen,16qam,6,0.0,0.0,0.0
202,tx_9dB,9.0,,frozen,32qam,6,0.0,0.0,0.0
202,tx_9dB,9.0,,recalibrated,bpsk,6,0.0,0.0,0.0
202,tx_9dB,9.0,,recalibrated,qpsk,6,0.0,0.0,0.0
202,tx_9dB,9.0,,recalibrated,16qam,6,0.0,0.0,0.0
202,tx_9dB,9.0,,recalibrated,32qam,6,0.0,0.0,0.0
202,tx_9dB,9.0,,frozen,bpsk,8,0.0,0.0,0.0
202,tx_9dB,9.0,,frozen,qpsk,8,0.0,0.0,0.0
202,tx_9dB,9.0,,frozen,16qam,8,0.0,0.0,0.0
202,tx_9dB,9.0,,frozen,32qam,8,0.0,0.0,0.0
202,tx_9dB,9.0,,recalibrated,bpsk,8,0.0,0.0,0.0
202,tx_9dB,9.0,,recalibrated,qpsk,8,0.0,0.0,0.0
202,tx_9dB,9.0,,recalibrated,16qam,8,0.0,0.0,0.0
202,tx_9dB,9.0,,recalibrated,32qam,8,0.0,0.0,0.0
202,tx_9dB,9.0,,frozen,bpsk,10,0.0,0.0,0.0
202,tx_9dB,9.0,,frozen,qpsk,10,0.0,0.0,0.0
202,tx_9dB,9.0,,frozen,16qam,10,0.0,0.0,0.0
202,tx_9dB,9.0,,frozen,32qam,10,0.0,0.0,0.0
202,tx_9dB,9.0,,recalibrated,bpsk,10,0.0,0.0,0.0
202,tx_9dB,9.0,,recalibrated,qpsk,10,0.0,0.0,0.0
202,tx_9dB,9.0,,recalibrated,16qam,10,0.0,0.0,0.0
202,tx_9dB,9.0,,recalibrated,32qam,10,0.0,0.0,0.0
202,tx_6dB,6.0,,frozen,bpsk,-10,0.303,0.274,0.331
202,tx_6dB,6.0,,frozen,qpsk,-10,0.139,0.113,0.166
202,tx_6dB,6.0,,frozen,16qam,-10,0.437,0.400975,0.47
202,tx_6dB,6.0,,frozen,32qam,-10,0.436,0.404,0.467
202,tx_6dB,6.0,,recalibrated,bpsk,-10,0.303,0.274,0.331
202,tx_6dB,6.0,,recalibrated,qpsk,-10,0.139,0.113,0.166
202,tx_6dB,6.0,,recalibrated,16qam,-10,0.437,0.400975,0.47
202,tx_6dB,6.0,,recalibrated,32qam,-10,0.436,0.404,0.467
202,tx_6dB,6.0,,frozen,bpsk,-8,0.136,0.116,0.158
202,tx_6dB,6.0,,frozen,qpsk,-8,0.046,0.033,0.06
202,tx_6dB,6.0,,frozen,16qam,-8,0.39,0.36,0.421
202,tx_6dB,6.0,,frozen,32qam,-8,0.432,0.399,0.464
202,tx_6dB,6.0,,recalibrated,bpsk,-8,0.136,0.116,0.158
202,tx_6dB,6.0,,recalibrated,qpsk,-8,0.046,0.033,0.06
202,tx_6dB,6.0,,recalibrated,16qam,-8,0.39,0.36,0.421
202,tx_6dB,6.0,,recalibrated,32qam,-8,0.432,0.399,0.464
202,tx_6dB,6.0,,frozen,bpsk,-6,0.032,0.021975,0.043
202,tx_6dB,6.0,,frozen,qpsk,-6,0.004,0.001,0.009
202,tx_6dB,6.0,,frozen,16qam,-6,0.203,0.179,0.22902499999999987
202,tx_6dB,6.0,,frozen,32qam,-6,0.229,0.203975,0.2550249999999999
202,tx_6dB,6.0,,recalibrated,bpsk,-6,0.032,0.021975,0.043
202,tx_6dB,6.0,,recalibrated,qpsk,-6,0.004,0.001,0.009
202,tx_6dB,6.0,,recalibrated,16qam,-6,0.203,0.179,0.22902499999999987
202,tx_6dB,6.0,,recalibrated,32qam,-6,0.229,0.203975,0.2550249999999999
202,tx_6dB,6.0,,frozen,bpsk,-4,0.001,0.0,0.003
202,tx_6dB,6.0,,frozen,qpsk,-4,0.002,0.0,0.005
202,tx_6dB,6.0,,frozen,16qam,-4,0.067,0.052,0.083
202,tx_6dB,6.0,,frozen,32qam,-4,0.082,0.065,0.1
202,tx_6dB,6.0,,recalibrated,bpsk,-4,0.001,0.0,0.003
202,tx_6dB,6.0,,recalibrated,qpsk,-4,0.002,0.0,0.005
202,tx_6dB,6.0,,recalibrated,16qam,-4,0.067,0.052,0.083
202,tx_6dB,6.0,,recalibrated,32qam,-4,0.082,0.065,0.1
202,tx_6dB,6.0,,frozen,bpsk,-2,0.001,0.0,0.003
202,tx_6dB,6.0,,frozen,qpsk,-2,0.0,0.0,0.0
202,tx_6dB,6.0,,frozen,16qam,-2,0.008,0.003,0.014
202,tx_6dB,6.0,,frozen,32qam,-2,0.026,0.017,0.037
202,tx_6dB,6.0,,recalibrated,bpsk,-2,0.001,0.0,0.003
202,tx_6dB,6.0,,recalibrated,qpsk,-2,0.0,0.0,0.0
202,tx_6dB,6.0,,recalibrated,16qam,-2,0.008,0.003,0.014
202,tx_6dB,6.0,,recalibrated,32qam,-2,0.026,0.017,0.037
202,tx_6dB,6.0,,frozen,bpsk,0,0.0,0.0,0.0
202,tx_6dB,6.0,,frozen,qpsk,0,0.0,0.0,0.0
202,tx_6dB,6.0,,frozen,16qam,0,0.0,0.0,0.0
202,tx_6dB,6.0,,frozen,32qam,0,0.003,0.0,0.007
202,tx_6dB,6.0,,recalibrated,bpsk,0,0.0,0.0,0.0
202,tx_6dB,6.0,,recalibrated,qpsk,0,0.0,0.0,0.0
202,tx_6dB,6.0,,recalibrated,16qam,0,0.0,0.0,0.0
202,tx_6dB,6.0,,recalibrated,32qam,0,0.003,0.0,0.007
202,tx_6dB,6.0,,frozen,bpsk,2,0.0,0.0,0.0
202,tx_6dB,6.0,,frozen,qpsk,2,0.0,0.0,0.0
202,tx_6dB,6.0,,frozen,16qam,2,0.0,0.0,0.0
202,tx_6dB,6.0,,frozen,32qam,2,0.001,0.0,0.003
202,tx_6dB,6.0,,recalibrated,bpsk,2,0.0,0.0,0.0
202,tx_6dB,6.0,,recalibrated,qpsk,2,0.0,0.0,0.0
202,tx_6dB,6.0,,recalibrated,16qam,2,0.0,0.0,0.0
202,tx_6dB,6.0,,recalibrated,32qam,2,0.001,0.0,0.003
202,tx_6dB,6.0,,frozen,bpsk,4,0.0,0.0,0.0
202,tx_6dB,6.0,,frozen,qpsk,4,0.0,0.0,0.0
202,tx_6dB,6.0,,frozen,16qam,4,0.001,0.0,0.003
202,tx_6dB,6.0,,frozen,32qam,4,0.0,0.0,0.0
202,tx_6dB,6.0,,recalibrated,bpsk,4,0.0,0.0,0.0
202,tx_6dB,6.0,,recalibrated,qpsk,4,0.0,0.0,0.0
202,tx_6dB,6.0,,recalibrated,16qam,4,0.001,0.0,0.003
202,tx_6dB,6.0,,recalibrated,32qam,4,0.0,0.0,0.0
202,tx_6dB,6.0,,frozen,bpsk,6,0.0,0.0,0.0
202,tx_6dB,6.0,,frozen,qpsk,6,0.0,0.0,0.0
202,tx_6dB,6.0,,frozen,16qam,6,0.0,0.0,0.0
202,tx_6dB,6.0,,frozen,32qam,6,0.0,0.0,0.0
202,tx_6dB,6.0,,recalibrated,bpsk,6,0.0,0.0,0.0
202,tx_6dB,6.0,,recalibrated,qpsk,6,0.0,0.0,0.0
202,tx_6dB,6.0,,recalibrated,16qam,6,0.0,0.0,0.0
202,tx_6dB,6.0,,recalibrated,32qam,6,0.0,0.0,0.0
202,tx_6dB,6.0,,frozen,bpsk,8,0.0,0.0,0.0
202,tx_6dB,6.0,,frozen,qpsk,8,0.0,0.0,0.0
202,tx_6dB,6.0,,frozen,16qam,8,0.0,0.0,0.0
202,tx_6dB,6.0,,frozen,32qam,8,0.0,0.0,0.0
202,tx_6dB,6.0,,recalibrated,bpsk,8,0.0,0.0,0.0
202,tx_6dB,6.0,,recalibrated,qpsk,8,0.0,0.0,0.0
202,tx_6dB,6.0,,recalibrated,16qam,8,0.0,0.0,0.0
202,tx_6dB,6.0,,recalibrated,32qam,8,0.0,0.0,0.0
202,tx_6dB,6.0,,frozen,bpsk,10,0.0,0.0,0.0
202,tx_6dB,6.0,,frozen,qpsk,10,0.0,0.0,0.0
202,tx_6dB,6.0,,frozen,16qam,10,0.0,0.0,0.0
202,tx_6dB,6.0,,frozen,32qam,10,0.0,0.0,0.0
202,tx_6dB,6.0,,recalibrated,bpsk,10,0.0,0.0,0.0
202,tx_6dB,6.0,,recalibrated,qpsk,10,0.0,0.0,0.0
202,tx_6dB,6.0,,recalibrated,16qam,10,0.0,0.0,0.0
202,tx_6dB,6.0,,recalibrated,32qam,10,0.0,0.0,0.0
202,tx_3dB,3.0,,frozen,bpsk,-10,0.312,0.282,0.3400249999999999
202,tx_3dB,3.0,,frozen,qpsk,-10,0.139,0.113,0.166
202,tx_3dB,3.0,,frozen,16qam,-10,0.435,0.399,0.469
202,tx_3dB,3.0,,frozen,32qam,-10,0.435,0.403,0.467
202,tx_3dB,3.0,,recalibrated,bpsk,-10,0.312,0.282,0.3400249999999999
202,tx_3dB,3.0,,recalibrated,qpsk,-10,0.139,0.113,0.166
202,tx_3dB,3.0,,recalibrated,16qam,-10,0.435,0.399,0.469
202,tx_3dB,3.0,,recalibrated,32qam,-10,0.435,0.403,0.467
202,tx_3dB,3.0,,frozen,bpsk,-8,0.138,0.117,0.16
202,tx_3dB,3.0,,frozen,qpsk,-8,0.05,0.035,0.064
202,tx_3dB,3.0,,frozen,16qam,-8,0.39,0.36,0.421
202,tx_3dB,3.0,,frozen,32qam,-8,0.428,0.395,0.46
202,tx_3dB,3.0,,recalibrated,bpsk,-8,0.138,0.117,0.16
202,tx_3dB,3.0,,recalibrated,qpsk,-8,0.05,0.035,0.064
202,tx_3dB,3.0,,recalibrated,16qam,-8,0.39,0.36,0.421
202,tx_3dB,3.0,,recalibrated,32qam,-8,0.428,0.395,0.46
202,tx_3dB,3.0,,frozen,bpsk,-6,0.033,0.022,0.045
202,tx_3dB,3.0,,frozen,qpsk,-6,0.004,0.001,0.009
202,tx_3dB,3.0,,frozen,16qam,-6,0.207,0.182,0.233
202,tx_3dB,3.0,,frozen,32qam,-6,0.23,0.204,0.256
202,tx_3dB,3.0,,recalibrated,bpsk,-6,0.033,0.022,0.045
202,tx_3dB,3.0,,recalibrated,qpsk,-6,0.004,0.001,0.009
202,tx_3dB,3.0,,recalibrated,16qam,-6,0.207,0.182,0.233
202,tx_3dB,3.0,,recalibrated,32qam,-6,0.23,0.204,0.256
202,tx_3dB,3.0,,frozen,bpsk,-4,0.002,0.0,0.005
202,tx_3dB,3.0,,frozen,qpsk,-4,0.002,0.0,0.005
202,tx_3dB,3.0,,frozen,16qam,-4,0.069,0.054,0.085
202,tx_3dB,3.0,,frozen,32qam,-4,0.085,0.068,0.104
202,tx_3dB,3.0,,recalibrated,bpsk,-4,0.002,0.0,0.005
202,tx_3dB,3.0,,recalibrated,qpsk,-4,0.002,0.0,0.005
202,tx_3dB,3.0,,recalibrated,16qam,-4,0.069,0.054,0.085
202,tx_3dB,3.0,,recalibrated,32qam,-4,0.085,0.068,0.104
202,tx_3dB,3.0,,frozen,bpsk,-2,0.001,0.0,0.003
202,tx_3dB,3.0,,frozen,qpsk,-2,0.0,0.0,0.0
202,tx_3dB,3.0,,frozen,16qam,-2,0.009,0.004,0.015
202,tx_3dB,3.0,,frozen,32qam,-2,0.024,0.015,0.034
202,tx_3dB,3.0,,recalibrated,bpsk,-2,0.001,0.0,0.003
202,tx_3dB,3.0,,recalibrated,qpsk,-2,0.0,0.0,0.0
202,tx_3dB,3.0,,recalibrated,16qam,-2,0.009,0.004,0.015
202,tx_3dB,3.0,,recalibrated,32qam,-2,0.024,0.015,0.034
202,tx_3dB,3.0,,frozen,bpsk,0,0.0,0.0,0.0
202,tx_3dB,3.0,,frozen,qpsk,0,0.0,0.0,0.0
202,tx_3dB,3.0,,frozen,16qam,0,0.0,0.0,0.0
202,tx_3dB,3.0,,frozen,32qam,0,0.003,0.0,0.007
202,tx_3dB,3.0,,recalibrated,bpsk,0,0.0,0.0,0.0
202,tx_3dB,3.0,,recalibrated,qpsk,0,0.0,0.0,0.0
202,tx_3dB,3.0,,recalibrated,16qam,0,0.0,0.0,0.0
202,tx_3dB,3.0,,recalibrated,32qam,0,0.003,0.0,0.007
202,tx_3dB,3.0,,frozen,bpsk,2,0.0,0.0,0.0
202,tx_3dB,3.0,,frozen,qpsk,2,0.0,0.0,0.0
202,tx_3dB,3.0,,frozen,16qam,2,0.0,0.0,0.0
202,tx_3dB,3.0,,frozen,32qam,2,0.002,0.0,0.005
202,tx_3dB,3.0,,recalibrated,bpsk,2,0.0,0.0,0.0
202,tx_3dB,3.0,,recalibrated,qpsk,2,0.0,0.0,0.0
202,tx_3dB,3.0,,recalibrated,16qam,2,0.0,0.0,0.0
202,tx_3dB,3.0,,recalibrated,32qam,2,0.002,0.0,0.005
202,tx_3dB,3.0,,frozen,bpsk,4,0.0,0.0,0.0
202,tx_3dB,3.0,,frozen,qpsk,4,0.0,0.0,0.0
202,tx_3dB,3.0,,frozen,16qam,4,0.001,0.0,0.003
202,tx_3dB,3.0,,frozen,32qam,4,0.0,0.0,0.0
202,tx_3dB,3.0,,recalibrated,bpsk,4,0.0,0.0,0.0
202,tx_3dB,3.0,,recalibrated,qpsk,4,0.0,0.0,0.0
202,tx_3dB,3.0,,recalibrated,16qam,4,0.001,0.0,0.003
202,tx_3dB,3.0,,recalibrated,32qam,4,0.0,0.0,0.0
202,tx_3dB,3.0,,frozen,bpsk,6,0.0,0.0,0.0
202,tx_3dB,3.0,,frozen,qpsk,6,0.0,0.0,0.0
202,tx_3dB,3.0,,frozen,16qam,6,0.0,0.0,0.0
202,tx_3dB,3.0,,frozen,32qam,6,0.0,0.0,0.0
202,tx_3dB,3.0,,recalibrated,bpsk,6,0.0,0.0,0.0
202,tx_3dB,3.0,,recalibrated,qpsk,6,0.0,0.0,0.0
202,tx_3dB,3.0,,recalibrated,16qam,6,0.0,0.0,0.0
202,tx_3dB,3.0,,recalibrated,32qam,6,0.0,0.0,0.0
202,tx_3dB,3.0,,frozen,bpsk,8,0.0,0.0,0.0
202,tx_3dB,3.0,,frozen,qpsk,8,0.0,0.0,0.0
202,tx_3dB,3.0,,frozen,16qam,8,0.0,0.0,0.0
202,tx_3dB,3.0,,frozen,32qam,8,0.0,0.0,0.0
202,tx_3dB,3.0,,recalibrated,bpsk,8,0.0,0.0,0.0
202,tx_3dB,3.0,,recalibrated,qpsk,8,0.0,0.0,0.0
202,tx_3dB,3.0,,recalibrated,16qam,8,0.0,0.0,0.0
202,tx_3dB,3.0,,recalibrated,32qam,8,0.0,0.0,0.0
202,tx_3dB,3.0,,frozen,bpsk,10,0.0,0.0,0.0
202,tx_3dB,3.0,,frozen,qpsk,10,0.0,0.0,0.0
202,tx_3dB,3.0,,frozen,16qam,10,0.0,0.0,0.0
202,tx_3dB,3.0,,frozen,32qam,10,0.0,0.0,0.0
202,tx_3dB,3.0,,recalibrated,bpsk,10,0.0,0.0,0.0
202,tx_3dB,3.0,,recalibrated,qpsk,10,0.0,0.0,0.0
202,tx_3dB,3.0,,recalibrated,16qam,10,0.0,0.0,0.0
202,tx_3dB,3.0,,recalibrated,32qam,10,0.0,0.0,0.0
202,tx_0dB,0.0,,frozen,bpsk,-10,0.334,0.304975,0.364
202,tx_0dB,0.0,,frozen,qpsk,-10,0.152,0.125,0.179
202,tx_0dB,0.0,,frozen,16qam,-10,0.424,0.388,0.457
202,tx_0dB,0.0,,frozen,32qam,-10,0.432,0.4,0.464
202,tx_0dB,0.0,,recalibrated,bpsk,-10,0.334,0.304975,0.364
202,tx_0dB,0.0,,recalibrated,qpsk,-10,0.152,0.125,0.179
202,tx_0dB,0.0,,recalibrated,16qam,-10,0.424,0.388,0.457
202,tx_0dB,0.0,,recalibrated,32qam,-10,0.432,0.4,0.464
202,tx_0dB,0.0,,frozen,bpsk,-8,0.18,0.157,0.203
202,tx_0dB,0.0,,frozen,qpsk,-8,0.056,0.041,0.071
202,tx_0dB,0.0,,frozen,16qam,-8,0.403,0.373,0.434
202,tx_0dB,0.0,,frozen,32qam,-8,0.432,0.399,0.464
202,tx_0dB,0.0,,recalibrated,bpsk,-8,0.18,0.157,0.203
202,tx_0dB,0.0,,recalibrated,qpsk,-8,0.056,0.041,0.071
202,tx_0dB,0.0,,recalibrated,16qam,-8,0.403,0.373,0.434
202,tx_0dB,0.0,,recalibrated,32qam,-8,0.432,0.399,0.464
202,tx_0dB,0.0,,frozen,bpsk,-6,0.042,0.029,0.055
202,tx_0dB,0.0,,frozen,qpsk,-6,0.006,0.002,0.012
202,tx_0dB,0.0,,frozen,16qam,-6,0.207,0.182,0.233
202,tx_0dB,0.0,,frozen,32qam,-6,0.242,0.216,0.27
202,tx_0dB,0.0,,recalibrated,bpsk,-6,0.042,0.029,0.055
202,tx_0dB,0.0,,recalibrated,qpsk,-6,0.006,0.002,0.012
202,tx_0dB,0.0,,recalibrated,16qam,-6,0.207,0.182,0.233
202,tx_0dB,0.0,,recalibrated,32qam,-6,0.242,0.216,0.27
202,tx_0dB,0.0,,frozen,bpsk,-4,0.006,0.002,0.011
202,tx_0dB,0.0,,frozen,qpsk,-4,0.002,0.0,0.005
202,tx_0dB,0.0,,frozen,16qam,-4,0.076,0.061,0.093
202,tx_0dB,0.0,,frozen,32qam,-4,0.089,0.072,0.108
202,tx_0dB,0.0,,recalibrated,bpsk,-4,0.006,0.002,0.011
202,tx_0dB,0.0,,recalibrated,qpsk,-4,0.002,0.0,0.005
202,tx_0dB,0.0,,recalibrated,16qam,-4,0.076,0.061,0.093
202,tx_0dB,0.0,,recalibrated,32qam,-4,0.089,0.072,0.108
202,tx_0dB,0.0,,frozen,bpsk,-2,0.002,0.0,0.005
202,tx_0dB,0.0,,frozen,qpsk,-2,0.0,0.0,0.0
202,tx_0dB,0.0,,frozen,16qam,-2,0.011,0.005,0.018
202,tx_0dB,0.0,,frozen,32qam,-2,0.03,0.02,0.041
202,tx_0dB,0.0,,recalibrated,bpsk,-2,0.002,0.0,0.005
202,tx_0dB,0.0,,recalibrated,qpsk,-2,0.0,0.0,0.0
202,tx_0dB,0.0,,recalibrated,16qam,-2,0.011,0.005,0.018
202,tx_0dB,0.0,,recalibrated,32qam,-2,0.03,0.02,0.041
202,tx_0dB,0.0,,frozen,bpsk,0,0.0,0.0,0.0
202,tx_0dB,0.0,,frozen,qpsk,0,0.0,0.0,0.0
202,tx_0dB,0.0,,frozen,16qam,0,0.0,0.0,0.0
202,tx_0dB,0.0,,frozen,32qam,0,0.004,0.001,0.008
202,tx_0dB,0.0,,recalibrated,bpsk,0,0.0,0.0,0.0
202,tx_0dB,0.0,,recalibrated,qpsk,0,0.0,0.0,0.0
202,tx_0dB,0.0,,recalibrated,16qam,0,0.0,0.0,0.0
202,tx_0dB,0.0,,recalibrated,32qam,0,0.004,0.001,0.008
202,tx_0dB,0.0,,frozen,bpsk,2,0.0,0.0,0.0
202,tx_0dB,0.0,,frozen,qpsk,2,0.0,0.0,0.0
202,tx_0dB,0.0,,frozen,16qam,2,0.0,0.0,0.0
202,tx_0dB,0.0,,frozen,32qam,2,0.002,0.0,0.005
202,tx_0dB,0.0,,recalibrated,bpsk,2,0.0,0.0,0.0
202,tx_0dB,0.0,,recalibrated,qpsk,2,0.0,0.0,0.0
202,tx_0dB,0.0,,recalibrated,16qam,2,0.0,0.0,0.0
202,tx_0dB,0.0,,recalibrated,32qam,2,0.002,0.0,0.005
202,tx_0dB,0.0,,frozen,bpsk,4,0.0,0.0,0.0
202,tx_0dB,0.0,,frozen,qpsk,4,0.0,0.0,0.0
202,tx_0dB,0.0,,frozen,16qam,4,0.001,0.0,0.003
202,tx_0dB,0.0,,frozen,32qam,4,0.0,0.0,0.0
202,tx_0dB,0.0,,recalibrated,bpsk,4,0.0,0.0,0.0
202,tx_0dB,0.0,,recalibrated,qpsk,4,0.0,0.0,0.0
202,tx_0dB,0.0,,recalibrated,16qam,4,0.001,0.0,0.003
202,tx_0dB,0.0,,recalibrated,32qam,4,0.0,0.0,0.0
202,tx_0dB,0.0,,frozen,bpsk,6,0.0,0.0,0.0
202,tx_0dB,0.0,,frozen,qpsk,6,0.0,0.0,0.0
202,tx_0dB,0.0,,frozen,16qam,6,0.0,0.0,0.0
202,tx_0dB,0.0,,frozen,32qam,6,0.0,0.0,0.0
202,tx_0dB,0.0,,recalibrated,bpsk,6,0.0,0.0,0.0
202,tx_0dB,0.0,,recalibrated,qpsk,6,0.0,0.0,0.0
202,tx_0dB,0.0,,recalibrated,16qam,6,0.0,0.0,0.0
202,tx_0dB,0.0,,recalibrated,32qam,6,0.0,0.0,0.0
202,tx_0dB,0.0,,frozen,bpsk,8,0.0,0.0,0.0
202,tx_0dB,0.0,,frozen,qpsk,8,0.0,0.0,0.0
202,tx_0dB,0.0,,frozen,16qam,8,0.0,0.0,0.0
202,tx_0dB,0.0,,frozen,32qam,8,0.0,0.0,0.0
202,tx_0dB,0.0,,recalibrated,bpsk,8,0.0,0.0,0.0
202,tx_0dB,0.0,,recalibrated,qpsk,8,0.0,0.0,0.0
202,tx_0dB,0.0,,recalibrated,16qam,8,0.0,0.0,0.0
202,tx_0dB,0.0,,recalibrated,32qam,8,0.0,0.0,0.0
202,tx_0dB,0.0,,frozen,bpsk,10,0.0,0.0,0.0
202,tx_0dB,0.0,,frozen,qpsk,10,0.0,0.0,0.0
202,tx_0dB,0.0,,frozen,16qam,10,0.0,0.0,0.0
202,tx_0dB,0.0,,frozen,32qam,10,0.0,0.0,0.0
202,tx_0dB,0.0,,recalibrated,bpsk,10,0.0,0.0,0.0
202,tx_0dB,0.0,,recalibrated,qpsk,10,0.0,0.0,0.0
202,tx_0dB,0.0,,recalibrated,16qam,10,0.0,0.0,0.0
202,tx_0dB,0.0,,recalibrated,32qam,10,0.0,0.0,0.0
202,rx_12dB,,12.0,frozen,bpsk,-10,0.299,0.271,0.327
202,rx_12dB,,12.0,frozen,qpsk,-10,0.14,0.114,0.166
202,rx_12dB,,12.0,frozen,16qam,-10,0.441,0.405,0.47402499999999986
202,rx_12dB,,12.0,frozen,32qam,-10,0.44,0.408975,0.471
202,rx_12dB,,12.0,recalibrated,bpsk,-10,0.304,0.275,0.3320249999999999
202,rx_12dB,,12.0,recalibrated,qpsk,-10,0.142,0.116,0.168
202,rx_12dB,,12.0,recalibrated,16qam,-10,0.443,0.407,0.477
202,rx_12dB,,12.0,recalibrated,32qam,-10,0.444,0.412,0.475
202,rx_12dB,,12.0,frozen,bpsk,-8,0.131,0.111,0.15102499999999985
202,rx_12dB,,12.0,frozen,qpsk,-8,0.046,0.033,0.06
202,rx_12dB,,12.0,frozen,16qam,-8,0.389,0.359,0.42
202,rx_12dB,,12.0,frozen,32qam,-8,0.429,0.396,0.461
202,rx_12dB,,12.0,recalibrated,bpsk,-8,0.134,0.114,0.155
202,rx_12dB,,12.0,recalibrated,qpsk,-8,0.046,0.033,0.06
202,rx_12dB,,12.0,recalibrated,16qam,-8,0.39,0.36,0.421
202,rx_12dB,,12.0,recalibrated,32qam,-8,0.433,0.4,0.466
202,rx_12dB,,12.0,frozen,bpsk,-6,0.03,0.02,0.041
202,rx_12dB,,12.0,frozen,qpsk,-6,0.004,0.001,0.009
202,rx_12dB,,12.0,frozen,16qam,-6,0.202,0.178,0.228
202,rx_12dB,,12.0,frozen,32qam,-6,0.229,0.203975,0.2550249999999999
202,rx_12dB,,12.0,recalibrated,bpsk,-6,0.031,0.021,0.042
202,rx_12dB,,12.0,recalibrated,qpsk,-6,0.004,0.001,0.009
202,rx_12dB,,12.0,recalibrated,16qam,-6,0.202,0.178,0.228
202,rx_12dB,,12.0,recalibrated,32qam,-6,0.229,0.203975,0.2550249999999999
202,rx_12dB,,12.0,frozen,bpsk,-4,0.001,0.0,0.003
202,rx_12dB,,12.0,frozen,qpsk,-4,0.002,0.0,0.005
202,rx_12dB,,12.0,frozen,16qam,-4,0.07,0.055,0.086
202,rx_12dB,,12.0,frozen,32qam,-4,0.083,0.066,0.10102499999999986
202,rx_12dB,,12.0,recalibrated,bpsk,-4,0.001,0.0,0.003
202,rx_12dB,,12.0,recalibrated,qpsk,-4,0.002,0.0,0.005
202,rx_12dB,,12.0,recalibrated,16qam,-4,0.07,0.055,0.086
202,rx_12dB,,12.0,recalibrated,32qam,-4,0.084,0.067,0.102
202,rx_12dB,,12.0,frozen,bpsk,-2,0.001,0.0,0.003
202,rx_12dB,,12.0,frozen,qpsk,-2,0.0,0.0,0.0
202,rx_12dB,,12.0,frozen,16qam,-2,0.008,0.003,0.014
202,rx_12dB,,12.0,frozen,32qam,-2,0.024,0.015,0.034
202,rx_12dB,,12.0,recalibrated,bpsk,-2,0.001,0.0,0.003
202,rx_12dB,,12.0,recalibrated,qpsk,-2,0.0,0.0,0.0
202,rx_12dB,,12.0,recalibrated,16qam,-2,0.008,0.003,0.014
202,rx_12dB,,12.0,recalibrated,32qam,-2,0.025,0.016,0.035
202,rx_12dB,,12.0,frozen,bpsk,0,0.0,0.0,0.0
202,rx_12dB,,12.0,frozen,qpsk,0,0.0,0.0,0.0
202,rx_12dB,,12.0,frozen,16qam,0,0.0,0.0,0.0
202,rx_12dB,,12.0,frozen,32qam,0,0.003,0.0,0.007
202,rx_12dB,,12.0,recalibrated,bpsk,0,0.0,0.0,0.0
202,rx_12dB,,12.0,recalibrated,qpsk,0,0.0,0.0,0.0
202,rx_12dB,,12.0,recalibrated,16qam,0,0.0,0.0,0.0
202,rx_12dB,,12.0,recalibrated,32qam,0,0.003,0.0,0.007
202,rx_12dB,,12.0,frozen,bpsk,2,0.0,0.0,0.0
202,rx_12dB,,12.0,frozen,qpsk,2,0.0,0.0,0.0
202,rx_12dB,,12.0,frozen,16qam,2,0.0,0.0,0.0
202,rx_12dB,,12.0,frozen,32qam,2,0.001,0.0,0.003
202,rx_12dB,,12.0,recalibrated,bpsk,2,0.0,0.0,0.0
202,rx_12dB,,12.0,recalibrated,qpsk,2,0.0,0.0,0.0
202,rx_12dB,,12.0,recalibrated,16qam,2,0.0,0.0,0.0
202,rx_12dB,,12.0,recalibrated,32qam,2,0.001,0.0,0.003
202,rx_12dB,,12.0,frozen,bpsk,4,0.0,0.0,0.0
202,rx_12dB,,12.0,frozen,qpsk,4,0.0,0.0,0.0
202,rx_12dB,,12.0,frozen,16qam,4,0.001,0.0,0.003
202,rx_12dB,,12.0,frozen,32qam,4,0.0,0.0,0.0
202,rx_12dB,,12.0,recalibrated,bpsk,4,0.0,0.0,0.0
202,rx_12dB,,12.0,recalibrated,qpsk,4,0.0,0.0,0.0
202,rx_12dB,,12.0,recalibrated,16qam,4,0.001,0.0,0.003
202,rx_12dB,,12.0,recalibrated,32qam,4,0.0,0.0,0.0
202,rx_12dB,,12.0,frozen,bpsk,6,0.0,0.0,0.0
202,rx_12dB,,12.0,frozen,qpsk,6,0.0,0.0,0.0
202,rx_12dB,,12.0,frozen,16qam,6,0.0,0.0,0.0
202,rx_12dB,,12.0,frozen,32qam,6,0.0,0.0,0.0
202,rx_12dB,,12.0,recalibrated,bpsk,6,0.0,0.0,0.0
202,rx_12dB,,12.0,recalibrated,qpsk,6,0.0,0.0,0.0
202,rx_12dB,,12.0,recalibrated,16qam,6,0.0,0.0,0.0
202,rx_12dB,,12.0,recalibrated,32qam,6,0.0,0.0,0.0
202,rx_12dB,,12.0,frozen,bpsk,8,0.0,0.0,0.0
202,rx_12dB,,12.0,frozen,qpsk,8,0.0,0.0,0.0
202,rx_12dB,,12.0,frozen,16qam,8,0.0,0.0,0.0
202,rx_12dB,,12.0,frozen,32qam,8,0.0,0.0,0.0
202,rx_12dB,,12.0,recalibrated,bpsk,8,0.0,0.0,0.0
202,rx_12dB,,12.0,recalibrated,qpsk,8,0.0,0.0,0.0
202,rx_12dB,,12.0,recalibrated,16qam,8,0.0,0.0,0.0
202,rx_12dB,,12.0,recalibrated,32qam,8,0.0,0.0,0.0
202,rx_12dB,,12.0,frozen,bpsk,10,0.0,0.0,0.0
202,rx_12dB,,12.0,frozen,qpsk,10,0.0,0.0,0.0
202,rx_12dB,,12.0,frozen,16qam,10,0.0,0.0,0.0
202,rx_12dB,,12.0,frozen,32qam,10,0.0,0.0,0.0
202,rx_12dB,,12.0,recalibrated,bpsk,10,0.0,0.0,0.0
202,rx_12dB,,12.0,recalibrated,qpsk,10,0.0,0.0,0.0
202,rx_12dB,,12.0,recalibrated,16qam,10,0.0,0.0,0.0
202,rx_12dB,,12.0,recalibrated,32qam,10,0.0,0.0,0.0
202,rx_6dB,,6.0,frozen,bpsk,-10,0.296,0.267,0.324
202,rx_6dB,,6.0,frozen,qpsk,-10,0.142,0.116,0.169
202,rx_6dB,,6.0,frozen,16qam,-10,0.432,0.396,0.4650249999999999
202,rx_6dB,,6.0,frozen,32qam,-10,0.435,0.404,0.466
202,rx_6dB,,6.0,recalibrated,bpsk,-10,0.297,0.268,0.325
202,rx_6dB,,6.0,recalibrated,qpsk,-10,0.143,0.117,0.169
202,rx_6dB,,6.0,recalibrated,16qam,-10,0.436,0.4,0.469
202,rx_6dB,,6.0,recalibrated,32qam,-10,0.438,0.407,0.469
202,rx_6dB,,6.0,frozen,bpsk,-8,0.119,0.1,0.139
202,rx_6dB,,6.0,frozen,qpsk,-8,0.049,0.034,0.063
202,rx_6dB,,6.0,frozen,16qam,-8,0.392,0.362,0.423
202,rx_6dB,,6.0,frozen,32qam,-8,0.424,0.391,0.457
202,rx_6dB,,6.0,recalibrated,bpsk,-8,0.12,0.101,0.14
202,rx_6dB,,6.0,recalibrated,qpsk,-8,0.051,0.036,0.065
202,rx_6dB,,6.0,recalibrated,16qam,-8,0.394,0.364,0.425
202,rx_6dB,,6.0,recalibrated,32qam,-8,0.426,0.393,0.4580249999999999
202,rx_6dB,,6.0,frozen,bpsk,-6,0.029,0.019,0.04
202,rx_6dB,,6.0,frozen,qpsk,-6,0.005,0.001,0.01
202,rx_6dB,,6.0,frozen,16qam,-6,0.198,0.175,0.224
202,rx_6dB,,6.0,frozen,32qam,-6,0.229,0.203975,0.2550249999999999
202,rx_6dB,,6.0,recalibrated,bpsk,-6,0.03,0.02,0.041
202,rx_6dB,,6.0,recalibrated,qpsk,-6,0.005,0.001,0.01
202,rx_6dB,,6.0,recalibrated,16qam,-6,0.198,0.175,0.224
202,rx_6dB,,6.0,recalibrated,32qam,-6,0.229,0.203975,0.2550249999999999
202,rx_6dB,,6.0,frozen,bpsk,-4,0.001,0.0,0.003
202,rx_6dB,,6.0,frozen,qpsk,-4,0.002,0.0,0.005
202,rx_6dB,,6.0,frozen,16qam,-4,0.067,0.052,0.083
202,rx_6dB,,6.0,frozen,32qam,-4,0.086,0.069,0.105
202,rx_6dB,,6.0,recalibrated,bpsk,-4,0.001,0.0,0.003
202,rx_6dB,,6.0,recalibrated,qpsk,-4,0.002,0.0,0.005
202,rx_6dB,,6.0,recalibrated,16qam,-4,0.067,0.052,0.083
202,rx_6dB,,6.0,recalibrated,32qam,-4,0.086,0.069,0.105
202,rx_6dB,,6.0,frozen,bpsk,-2,0.001,0.0,0.003
202,rx_6dB,,6.0,frozen,qpsk,-2,0.0,0.0,0.0
202,rx_6dB,,6.0,frozen,16qam,-2,0.008,0.003,0.014
202,rx_6dB,,6.0,frozen,32qam,-2,0.023,0.014,0.033
202,rx_6dB,,6.0,recalibrated,bpsk,-2,0.001,0.0,0.003
202,rx_6dB,,6.0,recalibrated,qpsk,-2,0.0,0.0,0.0
202,rx_6dB,,6.0,recalibrated,16qam,-2,0.008,0.003,0.014
202,rx_6dB,,6.0,recalibrated,32qam,-2,0.023,0.014,0.033
202,rx_6dB,,6.0,frozen,bpsk,0,0.0,0.0,0.0
202,rx_6dB,,6.0,frozen,qpsk,0,0.0,0.0,0.0
202,rx_6dB,,6.0,frozen,16qam,0,0.0,0.0,0.0
202,rx_6dB,,6.0,frozen,32qam,0,0.004,0.001,0.008
202,rx_6dB,,6.0,recalibrated,bpsk,0,0.0,0.0,0.0
202,rx_6dB,,6.0,recalibrated,qpsk,0,0.0,0.0,0.0
202,rx_6dB,,6.0,recalibrated,16qam,0,0.0,0.0,0.0
202,rx_6dB,,6.0,recalibrated,32qam,0,0.004,0.001,0.008
202,rx_6dB,,6.0,frozen,bpsk,2,0.0,0.0,0.0
202,rx_6dB,,6.0,frozen,qpsk,2,0.0,0.0,0.0
202,rx_6dB,,6.0,frozen,16qam,2,0.0,0.0,0.0
202,rx_6dB,,6.0,frozen,32qam,2,0.001,0.0,0.003
202,rx_6dB,,6.0,recalibrated,bpsk,2,0.0,0.0,0.0
202,rx_6dB,,6.0,recalibrated,qpsk,2,0.0,0.0,0.0
202,rx_6dB,,6.0,recalibrated,16qam,2,0.0,0.0,0.0
202,rx_6dB,,6.0,recalibrated,32qam,2,0.001,0.0,0.003
202,rx_6dB,,6.0,frozen,bpsk,4,0.0,0.0,0.0
202,rx_6dB,,6.0,frozen,qpsk,4,0.0,0.0,0.0
202,rx_6dB,,6.0,frozen,16qam,4,0.001,0.0,0.003
202,rx_6dB,,6.0,frozen,32qam,4,0.0,0.0,0.0
202,rx_6dB,,6.0,recalibrated,bpsk,4,0.0,0.0,0.0
202,rx_6dB,,6.0,recalibrated,qpsk,4,0.0,0.0,0.0
202,rx_6dB,,6.0,recalibrated,16qam,4,0.001,0.0,0.003
202,rx_6dB,,6.0,recalibrated,32qam,4,0.0,0.0,0.0
202,rx_6dB,,6.0,frozen,bpsk,6,0.0,0.0,0.0
202,rx_6dB,,6.0,frozen,qpsk,6,0.0,0.0,0.0
202,rx_6dB,,6.0,frozen,16qam,6,0.0,0.0,0.0
202,rx_6dB,,6.0,frozen,32qam,6,0.0,0.0,0.0
202,rx_6dB,,6.0,recalibrated,bpsk,6,0.0,0.0,0.0
202,rx_6dB,,6.0,recalibrated,qpsk,6,0.0,0.0,0.0
202,rx_6dB,,6.0,recalibrated,16qam,6,0.0,0.0,0.0
202,rx_6dB,,6.0,recalibrated,32qam,6,0.0,0.0,0.0
202,rx_6dB,,6.0,frozen,bpsk,8,0.0,0.0,0.0
202,rx_6dB,,6.0,frozen,qpsk,8,0.0,0.0,0.0
202,rx_6dB,,6.0,frozen,16qam,8,0.0,0.0,0.0
202,rx_6dB,,6.0,frozen,32qam,8,0.0,0.0,0.0
202,rx_6dB,,6.0,recalibrated,bpsk,8,0.0,0.0,0.0
202,rx_6dB,,6.0,recalibrated,qpsk,8,0.0,0.0,0.0
202,rx_6dB,,6.0,recalibrated,16qam,8,0.0,0.0,0.0
202,rx_6dB,,6.0,recalibrated,32qam,8,0.0,0.0,0.0
202,rx_6dB,,6.0,frozen,bpsk,10,0.0,0.0,0.0
202,rx_6dB,,6.0,frozen,qpsk,10,0.0,0.0,0.0
202,rx_6dB,,6.0,frozen,16qam,10,0.0,0.0,0.0
202,rx_6dB,,6.0,frozen,32qam,10,0.0,0.0,0.0
202,rx_6dB,,6.0,recalibrated,bpsk,10,0.0,0.0,0.0
202,rx_6dB,,6.0,recalibrated,qpsk,10,0.0,0.0,0.0
202,rx_6dB,,6.0,recalibrated,16qam,10,0.0,0.0,0.0
202,rx_6dB,,6.0,recalibrated,32qam,10,0.0,0.0,0.0
202,rx_0dB,,0.0,frozen,bpsk,-10,0.315,0.286,0.344
202,rx_0dB,,0.0,frozen,qpsk,-10,0.157,0.131,0.184
202,rx_0dB,,0.0,frozen,16qam,-10,0.42,0.385,0.453
202,rx_0dB,,0.0,frozen,32qam,-10,0.436,0.405,0.468
202,rx_0dB,,0.0,recalibrated,bpsk,-10,0.319,0.288975,0.348
202,rx_0dB,,0.0,recalibrated,qpsk,-10,0.157,0.131,0.185
202,rx_0dB,,0.0,recalibrated,16qam,-10,0.417,0.382,0.45
202,rx_0dB,,0.0,recalibrated,32qam,-10,0.435,0.404,0.466
202,rx_0dB,,0.0,frozen,bpsk,-8,0.128,0.108,0.148
202,rx_0dB,,0.0,frozen,qpsk,-8,0.053,0.037,0.068
202,rx_0dB,,0.0,frozen,16qam,-8,0.395,0.364,0.427
202,rx_0dB,,0.0,frozen,32qam,-8,0.422,0.389,0.4540249999999999
202,rx_0dB,,0.0,recalibrated,bpsk,-8,0.129,0.109,0.14902499999999985
202,rx_0dB,,0.0,recalibrated,qpsk,-8,0.054,0.038975,0.069
202,rx_0dB,,0.0,recalibrated,16qam,-8,0.398,0.367,0.4300249999999999
202,rx_0dB,,0.0,recalibrated,32qam,-8,0.433,0.4,0.466
202,rx_0dB,,0.0,frozen,bpsk,-6,0.033,0.022,0.045
202,rx_0dB,,0.0,frozen,qpsk,-6,0.006,0.002,0.012
202,rx_0dB,,0.0,frozen,16qam,-6,0.217,0.192,0.244
202,rx_0dB,,0.0,frozen,32qam,-6,0.244,0.218,0.272
202,rx_0dB,,0.0,recalibrated,bpsk,-6,0.033,0.022,0.045
202,rx_0dB,,0.0,recalibrated,qpsk,-6,0.006,0.002,0.012
202,rx_0dB,,0.0,recalibrated,16qam,-6,0.22,0.195,0.247
202,rx_0dB,,0.0,recalibrated,32qam,-6,0.248,0.221975,0.276
202,rx_0dB,,0.0,frozen,bpsk,-4,0.001,0.0,0.003
202,rx_0dB,,0.0,frozen,qpsk,-4,0.001,0.0,0.003
202,rx_0dB,,0.0,frozen,16qam,-4,0.076,0.061,0.093
202,rx_0dB,,0.0,frozen,32qam,-4,0.101,0.083,0.121
202,rx_0dB,,0.0,recalibrated,bpsk,-4,0.001,0.0,0.003
202,rx_0dB,,0.0,recalibrated,qpsk,-4,0.001,0.0,0.003
202,rx_0dB,,0.0,recalibrated,16qam,-4,0.079,0.063,0.096
202,rx_0dB,,0.0,recalibrated,32qam,-4,0.104,0.086,0.125
202,rx_0dB,,0.0,frozen,bpsk,-2,0.001,0.0,0.003
202,rx_0dB,,0.0,frozen,qpsk,-2,0.0,0.0,0.0
202,rx_0dB,,0.0,frozen,16qam,-2,0.009,0.004,0.015
202,rx_0dB,,0.0,frozen,32qam,-2,0.028,0.018,0.039
202,rx_0dB,,0.0,recalibrated,bpsk,-2,0.001,0.0,0.003
202,rx_0dB,,0.0,recalibrated,qpsk,-2,0.0,0.0,0.0
202,rx_0dB,,0.0,recalibrated,16qam,-2,0.009,0.004,0.015
202,rx_0dB,,0.0,recalibrated,32qam,-2,0.028,0.018,0.039
202,rx_0dB,,0.0,frozen,bpsk,0,0.0,0.0,0.0
202,rx_0dB,,0.0,frozen,qpsk,0,0.0,0.0,0.0
202,rx_0dB,,0.0,frozen,16qam,0,0.0,0.0,0.0
202,rx_0dB,,0.0,frozen,32qam,0,0.005,0.001,0.01
202,rx_0dB,,0.0,recalibrated,bpsk,0,0.0,0.0,0.0
202,rx_0dB,,0.0,recalibrated,qpsk,0,0.0,0.0,0.0
202,rx_0dB,,0.0,recalibrated,16qam,0,0.0,0.0,0.0
202,rx_0dB,,0.0,recalibrated,32qam,0,0.005,0.001,0.01
202,rx_0dB,,0.0,frozen,bpsk,2,0.0,0.0,0.0
202,rx_0dB,,0.0,frozen,qpsk,2,0.0,0.0,0.0
202,rx_0dB,,0.0,frozen,16qam,2,0.0,0.0,0.0
202,rx_0dB,,0.0,frozen,32qam,2,0.002,0.0,0.005
202,rx_0dB,,0.0,recalibrated,bpsk,2,0.0,0.0,0.0
202,rx_0dB,,0.0,recalibrated,qpsk,2,0.0,0.0,0.0
202,rx_0dB,,0.0,recalibrated,16qam,2,0.0,0.0,0.0
202,rx_0dB,,0.0,recalibrated,32qam,2,0.002,0.0,0.005
202,rx_0dB,,0.0,frozen,bpsk,4,0.0,0.0,0.0
202,rx_0dB,,0.0,frozen,qpsk,4,0.0,0.0,0.0
202,rx_0dB,,0.0,frozen,16qam,4,0.001,0.0,0.003
202,rx_0dB,,0.0,frozen,32qam,4,0.0,0.0,0.0
202,rx_0dB,,0.0,recalibrated,bpsk,4,0.0,0.0,0.0
202,rx_0dB,,0.0,recalibrated,qpsk,4,0.0,0.0,0.0
202,rx_0dB,,0.0,recalibrated,16qam,4,0.001,0.0,0.003
202,rx_0dB,,0.0,recalibrated,32qam,4,0.0,0.0,0.0
202,rx_0dB,,0.0,frozen,bpsk,6,0.0,0.0,0.0
202,rx_0dB,,0.0,frozen,qpsk,6,0.0,0.0,0.0
202,rx_0dB,,0.0,frozen,16qam,6,0.0,0.0,0.0
202,rx_0dB,,0.0,frozen,32qam,6,0.0,0.0,0.0
202,rx_0dB,,0.0,recalibrated,bpsk,6,0.0,0.0,0.0
202,rx_0dB,,0.0,recalibrated,qpsk,6,0.0,0.0,0.0
202,rx_0dB,,0.0,recalibrated,16qam,6,0.0,0.0,0.0
202,rx_0dB,,0.0,recalibrated,32qam,6,0.0,0.0,0.0
202,rx_0dB,,0.0,frozen,bpsk,8,0.0,0.0,0.0
202,rx_0dB,,0.0,frozen,qpsk,8,0.0,0.0,0.0
202,rx_0dB,,0.0,frozen,16qam,8,0.0,0.0,0.0
202,rx_0dB,,0.0,frozen,32qam,8,0.0,0.0,0.0
202,rx_0dB,,0.0,recalibrated,bpsk,8,0.0,0.0,0.0
202,rx_0dB,,0.0,recalibrated,qpsk,8,0.0,0.0,0.0
202,rx_0dB,,0.0,recalibrated,16qam,8,0.0,0.0,0.0
202,rx_0dB,,0.0,recalibrated,32qam,8,0.0,0.0,0.0
202,rx_0dB,,0.0,frozen,bpsk,10,0.0,0.0,0.0
202,rx_0dB,,0.0,frozen,qpsk,10,0.0,0.0,0.0
202,rx_0dB,,0.0,frozen,16qam,10,0.0,0.0,0.0
202,rx_0dB,,0.0,frozen,32qam,10,0.0,0.0,0.0
202,rx_0dB,,0.0,recalibrated,bpsk,10,0.0,0.0,0.0
202,rx_0dB,,0.0,recalibrated,qpsk,10,0.0,0.0,0.0
202,rx_0dB,,0.0,recalibrated,16qam,10,0.0,0.0,0.0
202,rx_0dB,,0.0,recalibrated,32qam,10,0.0,0.0,0.0
202,tx_9_rx_12dB,9.0,12.0,frozen,bpsk,-10,0.302,0.273975,0.33
202,tx_9_rx_12dB,9.0,12.0,frozen,qpsk,-10,0.141,0.115,0.168
202,tx_9_rx_12dB,9.0,12.0,frozen,16qam,-10,0.441,0.405,0.47402499999999986
202,tx_9_rx_12dB,9.0,12.0,frozen,32qam,-10,0.438,0.407,0.469
202,tx_9_rx_12dB,9.0,12.0,recalibrated,bpsk,-10,0.305,0.276,0.334
202,tx_9_rx_12dB,9.0,12.0,recalibrated,qpsk,-10,0.143,0.117,0.169
202,tx_9_rx_12dB,9.0,12.0,recalibrated,16qam,-10,0.441,0.405,0.47402499999999986
202,tx_9_rx_12dB,9.0,12.0,recalibrated,32qam,-10,0.442,0.41,0.473
202,tx_9_rx_12dB,9.0,12.0,frozen,bpsk,-8,0.133,0.113,0.154
202,tx_9_rx_12dB,9.0,12.0,frozen,qpsk,-8,0.046,0.033,0.06
202,tx_9_rx_12dB,9.0,12.0,frozen,16qam,-8,0.388,0.358,0.419
202,tx_9_rx_12dB,9.0,12.0,frozen,32qam,-8,0.431,0.398,0.463
202,tx_9_rx_12dB,9.0,12.0,recalibrated,bpsk,-8,0.134,0.114,0.155
202,tx_9_rx_12dB,9.0,12.0,recalibrated,qpsk,-8,0.046,0.033,0.06
202,tx_9_rx_12dB,9.0,12.0,recalibrated,16qam,-8,0.391,0.361,0.422
202,tx_9_rx_12dB,9.0,12.0,recalibrated,32qam,-8,0.434,0.401,0.466
202,tx_9_rx_12dB,9.0,12.0,frozen,bpsk,-6,0.03,0.02,0.041
202,tx_9_rx_12dB,9.0,12.0,frozen,qpsk,-6,0.004,0.001,0.009
202,tx_9_rx_12dB,9.0,12.0,frozen,16qam,-6,0.201,0.177,0.227
202,tx_9_rx_12dB,9.0,12.0,frozen,32qam,-6,0.227,0.202,0.2530249999999999
202,tx_9_rx_12dB,9.0,12.0,recalibrated,bpsk,-6,0.031,0.021,0.042
202,tx_9_rx_12dB,9.0,12.0,recalibrated,qpsk,-6,0.004,0.001,0.009
202,tx_9_rx_12dB,9.0,12.0,recalibrated,16qam,-6,0.204,0.18,0.23
202,tx_9_rx_12dB,9.0,12.0,recalibrated,32qam,-6,0.227,0.202,0.2530249999999999
202,tx_9_rx_12dB,9.0,12.0,frozen,bpsk,-4,0.001,0.0,0.003
202,tx_9_rx_12dB,9.0,12.0,frozen,qpsk,-4,0.002,0.0,0.005
202,tx_9_rx_12dB,9.0,12.0,frozen,16qam,-4,0.067,0.052,0.083
202,tx_9_rx_12dB,9.0,12.0,frozen,32qam,-4,0.083,0.066,0.10102499999999986
202,tx_9_rx_12dB,9.0,12.0,recalibrated,bpsk,-4,0.001,0.0,0.003
202,tx_9_rx_12dB,9.0,12.0,recalibrated,qpsk,-4,0.002,0.0,0.005
202,tx_9_rx_12dB,9.0,12.0,recalibrated,16qam,-4,0.07,0.055,0.086
202,tx_9_rx_12dB,9.0,12.0,recalibrated,32qam,-4,0.084,0.067,0.102
202,tx_9_rx_12dB,9.0,12.0,frozen,bpsk,-2,0.001,0.0,0.003
202,tx_9_rx_12dB,9.0,12.0,frozen,qpsk,-2,0.0,0.0,0.0
202,tx_9_rx_12dB,9.0,12.0,frozen,16qam,-2,0.008,0.003,0.014
202,tx_9_rx_12dB,9.0,12.0,frozen,32qam,-2,0.024,0.015,0.034
202,tx_9_rx_12dB,9.0,12.0,recalibrated,bpsk,-2,0.001,0.0,0.003
202,tx_9_rx_12dB,9.0,12.0,recalibrated,qpsk,-2,0.0,0.0,0.0
202,tx_9_rx_12dB,9.0,12.0,recalibrated,16qam,-2,0.008,0.003,0.014
202,tx_9_rx_12dB,9.0,12.0,recalibrated,32qam,-2,0.025,0.016,0.035
202,tx_9_rx_12dB,9.0,12.0,frozen,bpsk,0,0.0,0.0,0.0
202,tx_9_rx_12dB,9.0,12.0,frozen,qpsk,0,0.0,0.0,0.0
202,tx_9_rx_12dB,9.0,12.0,frozen,16qam,0,0.0,0.0,0.0
202,tx_9_rx_12dB,9.0,12.0,frozen,32qam,0,0.003,0.0,0.007
202,tx_9_rx_12dB,9.0,12.0,recalibrated,bpsk,0,0.0,0.0,0.0
202,tx_9_rx_12dB,9.0,12.0,recalibrated,qpsk,0,0.0,0.0,0.0
202,tx_9_rx_12dB,9.0,12.0,recalibrated,16qam,0,0.0,0.0,0.0
202,tx_9_rx_12dB,9.0,12.0,recalibrated,32qam,0,0.003,0.0,0.007
202,tx_9_rx_12dB,9.0,12.0,frozen,bpsk,2,0.0,0.0,0.0
202,tx_9_rx_12dB,9.0,12.0,frozen,qpsk,2,0.0,0.0,0.0
202,tx_9_rx_12dB,9.0,12.0,frozen,16qam,2,0.0,0.0,0.0
202,tx_9_rx_12dB,9.0,12.0,frozen,32qam,2,0.001,0.0,0.003
202,tx_9_rx_12dB,9.0,12.0,recalibrated,bpsk,2,0.0,0.0,0.0
202,tx_9_rx_12dB,9.0,12.0,recalibrated,qpsk,2,0.0,0.0,0.0
202,tx_9_rx_12dB,9.0,12.0,recalibrated,16qam,2,0.0,0.0,0.0
202,tx_9_rx_12dB,9.0,12.0,recalibrated,32qam,2,0.001,0.0,0.003
202,tx_9_rx_12dB,9.0,12.0,frozen,bpsk,4,0.0,0.0,0.0
202,tx_9_rx_12dB,9.0,12.0,frozen,qpsk,4,0.0,0.0,0.0
202,tx_9_rx_12dB,9.0,12.0,frozen,16qam,4,0.001,0.0,0.003
202,tx_9_rx_12dB,9.0,12.0,frozen,32qam,4,0.0,0.0,0.0
202,tx_9_rx_12dB,9.0,12.0,recalibrated,bpsk,4,0.0,0.0,0.0
202,tx_9_rx_12dB,9.0,12.0,recalibrated,qpsk,4,0.0,0.0,0.0
202,tx_9_rx_12dB,9.0,12.0,recalibrated,16qam,4,0.001,0.0,0.003
202,tx_9_rx_12dB,9.0,12.0,recalibrated,32qam,4,0.0,0.0,0.0
202,tx_9_rx_12dB,9.0,12.0,frozen,bpsk,6,0.0,0.0,0.0
202,tx_9_rx_12dB,9.0,12.0,frozen,qpsk,6,0.0,0.0,0.0
202,tx_9_rx_12dB,9.0,12.0,frozen,16qam,6,0.0,0.0,0.0
202,tx_9_rx_12dB,9.0,12.0,frozen,32qam,6,0.0,0.0,0.0
202,tx_9_rx_12dB,9.0,12.0,recalibrated,bpsk,6,0.0,0.0,0.0
202,tx_9_rx_12dB,9.0,12.0,recalibrated,qpsk,6,0.0,0.0,0.0
202,tx_9_rx_12dB,9.0,12.0,recalibrated,16qam,6,0.0,0.0,0.0
202,tx_9_rx_12dB,9.0,12.0,recalibrated,32qam,6,0.0,0.0,0.0
202,tx_9_rx_12dB,9.0,12.0,frozen,bpsk,8,0.0,0.0,0.0
202,tx_9_rx_12dB,9.0,12.0,frozen,qpsk,8,0.0,0.0,0.0
202,tx_9_rx_12dB,9.0,12.0,frozen,16qam,8,0.0,0.0,0.0
202,tx_9_rx_12dB,9.0,12.0,frozen,32qam,8,0.0,0.0,0.0
202,tx_9_rx_12dB,9.0,12.0,recalibrated,bpsk,8,0.0,0.0,0.0
202,tx_9_rx_12dB,9.0,12.0,recalibrated,qpsk,8,0.0,0.0,0.0
202,tx_9_rx_12dB,9.0,12.0,recalibrated,16qam,8,0.0,0.0,0.0
202,tx_9_rx_12dB,9.0,12.0,recalibrated,32qam,8,0.0,0.0,0.0
202,tx_9_rx_12dB,9.0,12.0,frozen,bpsk,10,0.0,0.0,0.0
202,tx_9_rx_12dB,9.0,12.0,frozen,qpsk,10,0.0,0.0,0.0
202,tx_9_rx_12dB,9.0,12.0,frozen,16qam,10,0.0,0.0,0.0
202,tx_9_rx_12dB,9.0,12.0,frozen,32qam,10,0.0,0.0,0.0
202,tx_9_rx_12dB,9.0,12.0,recalibrated,bpsk,10,0.0,0.0,0.0
202,tx_9_rx_12dB,9.0,12.0,recalibrated,qpsk,10,0.0,0.0,0.0
202,tx_9_rx_12dB,9.0,12.0,recalibrated,16qam,10,0.0,0.0,0.0
202,tx_9_rx_12dB,9.0,12.0,recalibrated,32qam,10,0.0,0.0,0.0
202,tx_9_rx_6dB,9.0,6.0,frozen,bpsk,-10,0.296,0.267,0.324
202,tx_9_rx_6dB,9.0,6.0,frozen,qpsk,-10,0.142,0.116,0.169
202,tx_9_rx_6dB,9.0,6.0,frozen,16qam,-10,0.431,0.394975,0.464
202,tx_9_rx_6dB,9.0,6.0,frozen,32qam,-10,0.433,0.401,0.465
202,tx_9_rx_6dB,9.0,6.0,recalibrated,bpsk,-10,0.297,0.268,0.325
202,tx_9_rx_6dB,9.0,6.0,recalibrated,qpsk,-10,0.142,0.116,0.169
202,tx_9_rx_6dB,9.0,6.0,recalibrated,16qam,-10,0.434,0.398,0.4670249999999999
202,tx_9_rx_6dB,9.0,6.0,recalibrated,32qam,-10,0.437,0.406,0.469
202,tx_9_rx_6dB,9.0,6.0,frozen,bpsk,-8,0.119,0.1,0.139
202,tx_9_rx_6dB,9.0,6.0,frozen,qpsk,-8,0.051,0.036,0.065
202,tx_9_rx_6dB,9.0,6.0,frozen,16qam,-8,0.393,0.363,0.424
202,tx_9_rx_6dB,9.0,6.0,frozen,32qam,-8,0.423,0.39,0.456
202,tx_9_rx_6dB,9.0,6.0,recalibrated,bpsk,-8,0.119,0.1,0.139
202,tx_9_rx_6dB,9.0,6.0,recalibrated,qpsk,-8,0.051,0.036,0.065
202,tx_9_rx_6dB,9.0,6.0,recalibrated,16qam,-8,0.394,0.364,0.425
202,tx_9_rx_6dB,9.0,6.0,recalibrated,32qam,-8,0.423,0.39,0.456
202,tx_9_rx_6dB,9.0,6.0,frozen,bpsk,-6,0.029,0.019,0.04
202,tx_9_rx_6dB,9.0,6.0,frozen,qpsk,-6,0.005,0.001,0.01
202,tx_9_rx_6dB,9.0,6.0,frozen,16qam,-6,0.197,0.174,0.223
202,tx_9_rx_6dB,9.0,6.0,frozen,32qam,-6,0.229,0.203975,0.2550249999999999
202,tx_9_rx_6dB,9.0,6.0,recalibrated,bpsk,-6,0.03,0.02,0.041
202,tx_9_rx_6dB,9.0,6.0,recalibrated,qpsk,-6,0.005,0.001,0.01
202,tx_9_rx_6dB,9.0,6.0,recalibrated,16qam,-6,0.197,0.174,0.223
202,tx_9_rx_6dB,9.0,6.0,recalibrated,32qam,-6,0.231,0.205,0.2570249999999999
202,tx_9_rx_6dB,9.0,6.0,frozen,bpsk,-4,0.001,0.0,0.003
202,tx_9_rx_6dB,9.0,6.0,frozen,qpsk,-4,0.002,0.0,0.005
202,tx_9_rx_6dB,9.0,6.0,frozen,16qam,-4,0.067,0.052,0.083
202,tx_9_rx_6dB,9.0,6.0,frozen,32qam,-4,0.086,0.069,0.105
202,tx_9_rx_6dB,9.0,6.0,recalibrated,bpsk,-4,0.001,0.0,0.003
202,tx_9_rx_6dB,9.0,6.0,recalibrated,qpsk,-4,0.002,0.0,0.005
202,tx_9_rx_6dB,9.0,6.0,recalibrated,16qam,-4,0.068,0.053,0.084
202,tx_9_rx_6dB,9.0,6.0,recalibrated,32qam,-4,0.086,0.069,0.105
202,tx_9_rx_6dB,9.0,6.0,frozen,bpsk,-2,0.001,0.0,0.003
202,tx_9_rx_6dB,9.0,6.0,frozen,qpsk,-2,0.0,0.0,0.0
202,tx_9_rx_6dB,9.0,6.0,frozen,16qam,-2,0.008,0.003,0.014
202,tx_9_rx_6dB,9.0,6.0,frozen,32qam,-2,0.024,0.015,0.034
202,tx_9_rx_6dB,9.0,6.0,recalibrated,bpsk,-2,0.001,0.0,0.003
202,tx_9_rx_6dB,9.0,6.0,recalibrated,qpsk,-2,0.0,0.0,0.0
202,tx_9_rx_6dB,9.0,6.0,recalibrated,16qam,-2,0.008,0.003,0.014
202,tx_9_rx_6dB,9.0,6.0,recalibrated,32qam,-2,0.024,0.015,0.034
202,tx_9_rx_6dB,9.0,6.0,frozen,bpsk,0,0.0,0.0,0.0
202,tx_9_rx_6dB,9.0,6.0,frozen,qpsk,0,0.0,0.0,0.0
202,tx_9_rx_6dB,9.0,6.0,frozen,16qam,0,0.0,0.0,0.0
202,tx_9_rx_6dB,9.0,6.0,frozen,32qam,0,0.004,0.001,0.008
202,tx_9_rx_6dB,9.0,6.0,recalibrated,bpsk,0,0.0,0.0,0.0
202,tx_9_rx_6dB,9.0,6.0,recalibrated,qpsk,0,0.0,0.0,0.0
202,tx_9_rx_6dB,9.0,6.0,recalibrated,16qam,0,0.0,0.0,0.0
202,tx_9_rx_6dB,9.0,6.0,recalibrated,32qam,0,0.004,0.001,0.008
202,tx_9_rx_6dB,9.0,6.0,frozen,bpsk,2,0.0,0.0,0.0
202,tx_9_rx_6dB,9.0,6.0,frozen,qpsk,2,0.0,0.0,0.0
202,tx_9_rx_6dB,9.0,6.0,frozen,16qam,2,0.0,0.0,0.0
202,tx_9_rx_6dB,9.0,6.0,frozen,32qam,2,0.001,0.0,0.003
202,tx_9_rx_6dB,9.0,6.0,recalibrated,bpsk,2,0.0,0.0,0.0
202,tx_9_rx_6dB,9.0,6.0,recalibrated,qpsk,2,0.0,0.0,0.0
202,tx_9_rx_6dB,9.0,6.0,recalibrated,16qam,2,0.0,0.0,0.0
202,tx_9_rx_6dB,9.0,6.0,recalibrated,32qam,2,0.001,0.0,0.003
202,tx_9_rx_6dB,9.0,6.0,frozen,bpsk,4,0.0,0.0,0.0
202,tx_9_rx_6dB,9.0,6.0,frozen,qpsk,4,0.0,0.0,0.0
202,tx_9_rx_6dB,9.0,6.0,frozen,16qam,4,0.001,0.0,0.003
202,tx_9_rx_6dB,9.0,6.0,frozen,32qam,4,0.0,0.0,0.0
202,tx_9_rx_6dB,9.0,6.0,recalibrated,bpsk,4,0.0,0.0,0.0
202,tx_9_rx_6dB,9.0,6.0,recalibrated,qpsk,4,0.0,0.0,0.0
202,tx_9_rx_6dB,9.0,6.0,recalibrated,16qam,4,0.001,0.0,0.003
202,tx_9_rx_6dB,9.0,6.0,recalibrated,32qam,4,0.0,0.0,0.0
202,tx_9_rx_6dB,9.0,6.0,frozen,bpsk,6,0.0,0.0,0.0
202,tx_9_rx_6dB,9.0,6.0,frozen,qpsk,6,0.0,0.0,0.0
202,tx_9_rx_6dB,9.0,6.0,frozen,16qam,6,0.0,0.0,0.0
202,tx_9_rx_6dB,9.0,6.0,frozen,32qam,6,0.0,0.0,0.0
202,tx_9_rx_6dB,9.0,6.0,recalibrated,bpsk,6,0.0,0.0,0.0
202,tx_9_rx_6dB,9.0,6.0,recalibrated,qpsk,6,0.0,0.0,0.0
202,tx_9_rx_6dB,9.0,6.0,recalibrated,16qam,6,0.0,0.0,0.0
202,tx_9_rx_6dB,9.0,6.0,recalibrated,32qam,6,0.0,0.0,0.0
202,tx_9_rx_6dB,9.0,6.0,frozen,bpsk,8,0.0,0.0,0.0
202,tx_9_rx_6dB,9.0,6.0,frozen,qpsk,8,0.0,0.0,0.0
202,tx_9_rx_6dB,9.0,6.0,frozen,16qam,8,0.0,0.0,0.0
202,tx_9_rx_6dB,9.0,6.0,frozen,32qam,8,0.0,0.0,0.0
202,tx_9_rx_6dB,9.0,6.0,recalibrated,bpsk,8,0.0,0.0,0.0
202,tx_9_rx_6dB,9.0,6.0,recalibrated,qpsk,8,0.0,0.0,0.0
202,tx_9_rx_6dB,9.0,6.0,recalibrated,16qam,8,0.0,0.0,0.0
202,tx_9_rx_6dB,9.0,6.0,recalibrated,32qam,8,0.0,0.0,0.0
202,tx_9_rx_6dB,9.0,6.0,frozen,bpsk,10,0.0,0.0,0.0
202,tx_9_rx_6dB,9.0,6.0,frozen,qpsk,10,0.0,0.0,0.0
202,tx_9_rx_6dB,9.0,6.0,frozen,16qam,10,0.0,0.0,0.0
202,tx_9_rx_6dB,9.0,6.0,frozen,32qam,10,0.0,0.0,0.0
202,tx_9_rx_6dB,9.0,6.0,recalibrated,bpsk,10,0.0,0.0,0.0
202,tx_9_rx_6dB,9.0,6.0,recalibrated,qpsk,10,0.0,0.0,0.0
202,tx_9_rx_6dB,9.0,6.0,recalibrated,16qam,10,0.0,0.0,0.0
202,tx_9_rx_6dB,9.0,6.0,recalibrated,32qam,10,0.0,0.0,0.0
202,tx_9_rx_0dB,9.0,0.0,frozen,bpsk,-10,0.315,0.286,0.344
202,tx_9_rx_0dB,9.0,0.0,frozen,qpsk,-10,0.157,0.131,0.184
202,tx_9_rx_0dB,9.0,0.0,frozen,16qam,-10,0.421,0.386,0.454
202,tx_9_rx_0dB,9.0,0.0,frozen,32qam,-10,0.436,0.405,0.468
202,tx_9_rx_0dB,9.0,0.0,recalibrated,bpsk,-10,0.318,0.287,0.34702499999999986
202,tx_9_rx_0dB,9.0,0.0,recalibrated,qpsk,-10,0.157,0.131,0.185
202,tx_9_rx_0dB,9.0,0.0,recalibrated,16qam,-10,0.417,0.382,0.45
202,tx_9_rx_0dB,9.0,0.0,recalibrated,32qam,-10,0.434,0.402975,0.466
202,tx_9_rx_0dB,9.0,0.0,frozen,bpsk,-8,0.128,0.108,0.148
202,tx_9_rx_0dB,9.0,0.0,frozen,qpsk,-8,0.052,0.037,0.066
202,tx_9_rx_0dB,9.0,0.0,frozen,16qam,-8,0.394,0.363,0.426
202,tx_9_rx_0dB,9.0,0.0,frozen,32qam,-8,0.423,0.39,0.456
202,tx_9_rx_0dB,9.0,0.0,recalibrated,bpsk,-8,0.129,0.109,0.14902499999999985
202,tx_9_rx_0dB,9.0,0.0,recalibrated,qpsk,-8,0.054,0.038975,0.069
202,tx_9_rx_0dB,9.0,0.0,recalibrated,16qam,-8,0.396,0.365,0.4280249999999999
202,tx_9_rx_0dB,9.0,0.0,recalibrated,32qam,-8,0.433,0.4,0.466
202,tx_9_rx_0dB,9.0,0.0,frozen,bpsk,-6,0.033,0.022,0.045
202,tx_9_rx_0dB,9.0,0.0,frozen,qpsk,-6,0.006,0.002,0.012
202,tx_9_rx_0dB,9.0,0.0,frozen,16qam,-6,0.218,0.193,0.245
202,tx_9_rx_0dB,9.0,0.0,frozen,32qam,-6,0.244,0.218,0.272
202,tx_9_rx_0dB,9.0,0.0,recalibrated,bpsk,-6,0.033,0.022,0.045
202,tx_9_rx_0dB,9.0,0.0,recalibrated,qpsk,-6,0.006,0.002,0.012
202,tx_9_rx_0dB,9.0,0.0,recalibrated,16qam,-6,0.221,0.196,0.248
202,tx_9_rx_0dB,9.0,0.0,recalibrated,32qam,-6,0.247,0.221,0.275
202,tx_9_rx_0dB,9.0,0.0,frozen,bpsk,-4,0.001,0.0,0.003
202,tx_9_rx_0dB,9.0,0.0,frozen,qpsk,-4,0.001,0.0,0.003
202,tx_9_rx_0dB,9.0,0.0,frozen,16qam,-4,0.077,0.061,0.094
202,tx_9_rx_0dB,9.0,0.0,frozen,32qam,-4,0.101,0.083,0.121
202,tx_9_rx_0dB,9.0,0.0,recalibrated,bpsk,-4,0.001,0.0,0.003
202,tx_9_rx_0dB,9.0,0.0,recalibrated,qpsk,-4,0.001,0.0,0.003
202,tx_9_rx_0dB,9.0,0.0,recalibrated,16qam,-4,0.079,0.063,0.096
202,tx_9_rx_0dB,9.0,0.0,recalibrated,32qam,-4,0.104,0.086,0.125
202,tx_9_rx_0dB,9.0,0.0,frozen,bpsk,-2,0.001,0.0,0.003
202,tx_9_rx_0dB,9.0,0.0,frozen,qpsk,-2,0.0,0.0,0.0
202,tx_9_rx_0dB,9.0,0.0,frozen,16qam,-2,0.009,0.004,0.015
202,tx_9_rx_0dB,9.0,0.0,frozen,32qam,-2,0.027,0.017,0.038
202,tx_9_rx_0dB,9.0,0.0,recalibrated,bpsk,-2,0.001,0.0,0.003
202,tx_9_rx_0dB,9.0,0.0,recalibrated,qpsk,-2,0.0,0.0,0.0
202,tx_9_rx_0dB,9.0,0.0,recalibrated,16qam,-2,0.009,0.004,0.015
202,tx_9_rx_0dB,9.0,0.0,recalibrated,32qam,-2,0.028,0.018,0.039
202,tx_9_rx_0dB,9.0,0.0,frozen,bpsk,0,0.0,0.0,0.0
202,tx_9_rx_0dB,9.0,0.0,frozen,qpsk,0,0.0,0.0,0.0
202,tx_9_rx_0dB,9.0,0.0,frozen,16qam,0,0.0,0.0,0.0
202,tx_9_rx_0dB,9.0,0.0,frozen,32qam,0,0.005,0.001,0.01
202,tx_9_rx_0dB,9.0,0.0,recalibrated,bpsk,0,0.0,0.0,0.0
202,tx_9_rx_0dB,9.0,0.0,recalibrated,qpsk,0,0.0,0.0,0.0
202,tx_9_rx_0dB,9.0,0.0,recalibrated,16qam,0,0.0,0.0,0.0
202,tx_9_rx_0dB,9.0,0.0,recalibrated,32qam,0,0.005,0.001,0.01
202,tx_9_rx_0dB,9.0,0.0,frozen,bpsk,2,0.0,0.0,0.0
202,tx_9_rx_0dB,9.0,0.0,frozen,qpsk,2,0.0,0.0,0.0
202,tx_9_rx_0dB,9.0,0.0,frozen,16qam,2,0.0,0.0,0.0
202,tx_9_rx_0dB,9.0,0.0,frozen,32qam,2,0.002,0.0,0.005
202,tx_9_rx_0dB,9.0,0.0,recalibrated,bpsk,2,0.0,0.0,0.0
202,tx_9_rx_0dB,9.0,0.0,recalibrated,qpsk,2,0.0,0.0,0.0
202,tx_9_rx_0dB,9.0,0.0,recalibrated,16qam,2,0.0,0.0,0.0
202,tx_9_rx_0dB,9.0,0.0,recalibrated,32qam,2,0.002,0.0,0.005
202,tx_9_rx_0dB,9.0,0.0,frozen,bpsk,4,0.0,0.0,0.0
202,tx_9_rx_0dB,9.0,0.0,frozen,qpsk,4,0.0,0.0,0.0
202,tx_9_rx_0dB,9.0,0.0,frozen,16qam,4,0.001,0.0,0.003
202,tx_9_rx_0dB,9.0,0.0,frozen,32qam,4,0.0,0.0,0.0
202,tx_9_rx_0dB,9.0,0.0,recalibrated,bpsk,4,0.0,0.0,0.0
202,tx_9_rx_0dB,9.0,0.0,recalibrated,qpsk,4,0.0,0.0,0.0
202,tx_9_rx_0dB,9.0,0.0,recalibrated,16qam,4,0.001,0.0,0.003
202,tx_9_rx_0dB,9.0,0.0,recalibrated,32qam,4,0.0,0.0,0.0
202,tx_9_rx_0dB,9.0,0.0,frozen,bpsk,6,0.0,0.0,0.0
202,tx_9_rx_0dB,9.0,0.0,frozen,qpsk,6,0.0,0.0,0.0
202,tx_9_rx_0dB,9.0,0.0,frozen,16qam,6,0.0,0.0,0.0
202,tx_9_rx_0dB,9.0,0.0,frozen,32qam,6,0.0,0.0,0.0
202,tx_9_rx_0dB,9.0,0.0,recalibrated,bpsk,6,0.0,0.0,0.0
202,tx_9_rx_0dB,9.0,0.0,recalibrated,qpsk,6,0.0,0.0,0.0
202,tx_9_rx_0dB,9.0,0.0,recalibrated,16qam,6,0.0,0.0,0.0
202,tx_9_rx_0dB,9.0,0.0,recalibrated,32qam,6,0.0,0.0,0.0
202,tx_9_rx_0dB,9.0,0.0,frozen,bpsk,8,0.0,0.0,0.0
202,tx_9_rx_0dB,9.0,0.0,frozen,qpsk,8,0.0,0.0,0.0
202,tx_9_rx_0dB,9.0,0.0,frozen,16qam,8,0.0,0.0,0.0
202,tx_9_rx_0dB,9.0,0.0,frozen,32qam,8,0.0,0.0,0.0
202,tx_9_rx_0dB,9.0,0.0,recalibrated,bpsk,8,0.0,0.0,0.0
202,tx_9_rx_0dB,9.0,0.0,recalibrated,qpsk,8,0.0,0.0,0.0
202,tx_9_rx_0dB,9.0,0.0,recalibrated,16qam,8,0.0,0.0,0.0
202,tx_9_rx_0dB,9.0,0.0,recalibrated,32qam,8,0.0,0.0,0.0
202,tx_9_rx_0dB,9.0,0.0,frozen,bpsk,10,0.0,0.0,0.0
202,tx_9_rx_0dB,9.0,0.0,frozen,qpsk,10,0.0,0.0,0.0
202,tx_9_rx_0dB,9.0,0.0,frozen,16qam,10,0.0,0.0,0.0
202,tx_9_rx_0dB,9.0,0.0,frozen,32qam,10,0.0,0.0,0.0
202,tx_9_rx_0dB,9.0,0.0,recalibrated,bpsk,10,0.0,0.0,0.0
202,tx_9_rx_0dB,9.0,0.0,recalibrated,qpsk,10,0.0,0.0,0.0
202,tx_9_rx_0dB,9.0,0.0,recalibrated,16qam,10,0.0,0.0,0.0
202,tx_9_rx_0dB,9.0,0.0,recalibrated,32qam,10,0.0,0.0,0.0
202,tx_6_rx_12dB,6.0,12.0,frozen,bpsk,-10,0.303,0.274,0.331
202,tx_6_rx_12dB,6.0,12.0,frozen,qpsk,-10,0.138,0.113,0.164
202,tx_6_rx_12dB,6.0,12.0,frozen,16qam,-10,0.438,0.402,0.47102499999999986
202,tx_6_rx_12dB,6.0,12.0,frozen,32qam,-10,0.44,0.409,0.471
202,tx_6_rx_12dB,6.0,12.0,recalibrated,bpsk,-10,0.304,0.275,0.3320249999999999
202,tx_6_rx_12dB,6.0,12.0,recalibrated,qpsk,-10,0.141,0.115,0.168
202,tx_6_rx_12dB,6.0,12.0,recalibrated,16qam,-10,0.438,0.402,0.47102499999999986
202,tx_6_rx_12dB,6.0,12.0,recalibrated,32qam,-10,0.443,0.411,0.474
202,tx_6_rx_12dB,6.0,12.0,frozen,bpsk,-8,0.134,0.114,0.155
202,tx_6_rx_12dB,6.0,12.0,frozen,qpsk,-8,0.047,0.034,0.061
202,tx_6_rx_12dB,6.0,12.0,frozen,16qam,-8,0.388,0.358,0.419
202,tx_6_rx_12dB,6.0,12.0,frozen,32qam,-8,0.429,0.396,0.461
202,tx_6_rx_12dB,6.0,12.0,recalibrated,bpsk,-8,0.137,0.117,0.159
202,tx_6_rx_12dB,6.0,12.0,recalibrated,qpsk,-8,0.047,0.034,0.061
202,tx_6_rx_12dB,6.0,12.0,recalibrated,16qam,-8,0.389,0.359,0.42
202,tx_6_rx_12dB,6.0,12.0,recalibrated,32qam,-8,0.437,0.40497500000000003,0.469
202,tx_6_rx_12dB,6.0,12.0,frozen,bpsk,-6,0.031,0.021,0.042
202,tx_6_rx_12dB,6.0,12.0,frozen,qpsk,-6,0.004,0.001,0.009
202,tx_6_rx_12dB,6.0,12.0,frozen,16qam,-6,0.202,0.178,0.228
202,tx_6_rx_12dB,6.0,12.0,frozen,32qam,-6,0.227,0.202,0.2530249999999999
202,tx_6_rx_12dB,6.0,12.0,recalibrated,bpsk,-6,0.032,0.021975,0.043
202,tx_6_rx_12dB,6.0,12.0,recalibrated,qpsk,-6,0.004,0.001,0.009
202,tx_6_rx_12dB,6.0,12.0,recalibrated,16qam,-6,0.206,0.182,0.23202499999999987
202,tx_6_rx_12dB,6.0,12.0,recalibrated,32qam,-6,0.229,0.203975,0.2550249999999999
202,tx_6_rx_12dB,6.0,12.0,frozen,bpsk,-4,0.001,0.0,0.003
202,tx_6_rx_12dB,6.0,12.0,frozen,qpsk,-4,0.002,0.0,0.005
202,tx_6_rx_12dB,6.0,12.0,frozen,16qam,-4,0.067,0.052,0.083
202,tx_6_rx_12dB,6.0,12.0,frozen,32qam,-4,0.082,0.065,0.1
202,tx_6_rx_12dB,6.0,12.0,recalibrated,bpsk,-4,0.001,0.0,0.003
202,tx_6_rx_12dB,6.0,12.0,recalibrated,qpsk,-4,0.002,0.0,0.005
202,tx_6_rx_12dB,6.0,12.0,recalibrated,16qam,-4,0.067,0.052,0.083
202,tx_6_rx_12dB,6.0,12.0,recalibrated,32qam,-4,0.084,0.067,0.102
202,tx_6_rx_12dB,6.0,12.0,frozen,bpsk,-2,0.001,0.0,0.003
202,tx_6_rx_12dB,6.0,12.0,frozen,qpsk,-2,0.0,0.0,0.0
202,tx_6_rx_12dB,6.0,12.0,frozen,16qam,-2,0.009,0.004,0.015
202,tx_6_rx_12dB,6.0,12.0,frozen,32qam,-2,0.025,0.016,0.035
202,tx_6_rx_12dB,6.0,12.0,recalibrated,bpsk,-2,0.001,0.0,0.003
202,tx_6_rx_12dB,6.0,12.0,recalibrated,qpsk,-2,0.0,0.0,0.0
202,tx_6_rx_12dB,6.0,12.0,recalibrated,16qam,-2,0.009,0.004,0.015
202,tx_6_rx_12dB,6.0,12.0,recalibrated,32qam,-2,0.025,0.016,0.035
202,tx_6_rx_12dB,6.0,12.0,frozen,bpsk,0,0.0,0.0,0.0
202,tx_6_rx_12dB,6.0,12.0,frozen,qpsk,0,0.0,0.0,0.0
202,tx_6_rx_12dB,6.0,12.0,frozen,16qam,0,0.0,0.0,0.0
202,tx_6_rx_12dB,6.0,12.0,frozen,32qam,0,0.003,0.0,0.007
202,tx_6_rx_12dB,6.0,12.0,recalibrated,bpsk,0,0.0,0.0,0.0
202,tx_6_rx_12dB,6.0,12.0,recalibrated,qpsk,0,0.0,0.0,0.0
202,tx_6_rx_12dB,6.0,12.0,recalibrated,16qam,0,0.0,0.0,0.0
202,tx_6_rx_12dB,6.0,12.0,recalibrated,32qam,0,0.003,0.0,0.007
202,tx_6_rx_12dB,6.0,12.0,frozen,bpsk,2,0.0,0.0,0.0
202,tx_6_rx_12dB,6.0,12.0,frozen,qpsk,2,0.0,0.0,0.0
202,tx_6_rx_12dB,6.0,12.0,frozen,16qam,2,0.0,0.0,0.0
202,tx_6_rx_12dB,6.0,12.0,frozen,32qam,2,0.001,0.0,0.003
202,tx_6_rx_12dB,6.0,12.0,recalibrated,bpsk,2,0.0,0.0,0.0
202,tx_6_rx_12dB,6.0,12.0,recalibrated,qpsk,2,0.0,0.0,0.0
202,tx_6_rx_12dB,6.0,12.0,recalibrated,16qam,2,0.0,0.0,0.0
202,tx_6_rx_12dB,6.0,12.0,recalibrated,32qam,2,0.001,0.0,0.003
202,tx_6_rx_12dB,6.0,12.0,frozen,bpsk,4,0.0,0.0,0.0
202,tx_6_rx_12dB,6.0,12.0,frozen,qpsk,4,0.0,0.0,0.0
202,tx_6_rx_12dB,6.0,12.0,frozen,16qam,4,0.001,0.0,0.003
202,tx_6_rx_12dB,6.0,12.0,frozen,32qam,4,0.0,0.0,0.0
202,tx_6_rx_12dB,6.0,12.0,recalibrated,bpsk,4,0.0,0.0,0.0
202,tx_6_rx_12dB,6.0,12.0,recalibrated,qpsk,4,0.0,0.0,0.0
202,tx_6_rx_12dB,6.0,12.0,recalibrated,16qam,4,0.001,0.0,0.003
202,tx_6_rx_12dB,6.0,12.0,recalibrated,32qam,4,0.0,0.0,0.0
202,tx_6_rx_12dB,6.0,12.0,frozen,bpsk,6,0.0,0.0,0.0
202,tx_6_rx_12dB,6.0,12.0,frozen,qpsk,6,0.0,0.0,0.0
202,tx_6_rx_12dB,6.0,12.0,frozen,16qam,6,0.0,0.0,0.0
202,tx_6_rx_12dB,6.0,12.0,frozen,32qam,6,0.0,0.0,0.0
202,tx_6_rx_12dB,6.0,12.0,recalibrated,bpsk,6,0.0,0.0,0.0
202,tx_6_rx_12dB,6.0,12.0,recalibrated,qpsk,6,0.0,0.0,0.0
202,tx_6_rx_12dB,6.0,12.0,recalibrated,16qam,6,0.0,0.0,0.0
202,tx_6_rx_12dB,6.0,12.0,recalibrated,32qam,6,0.0,0.0,0.0
202,tx_6_rx_12dB,6.0,12.0,frozen,bpsk,8,0.0,0.0,0.0
202,tx_6_rx_12dB,6.0,12.0,frozen,qpsk,8,0.0,0.0,0.0
202,tx_6_rx_12dB,6.0,12.0,frozen,16qam,8,0.0,0.0,0.0
202,tx_6_rx_12dB,6.0,12.0,frozen,32qam,8,0.0,0.0,0.0
202,tx_6_rx_12dB,6.0,12.0,recalibrated,bpsk,8,0.0,0.0,0.0
202,tx_6_rx_12dB,6.0,12.0,recalibrated,qpsk,8,0.0,0.0,0.0
202,tx_6_rx_12dB,6.0,12.0,recalibrated,16qam,8,0.0,0.0,0.0
202,tx_6_rx_12dB,6.0,12.0,recalibrated,32qam,8,0.0,0.0,0.0
202,tx_6_rx_12dB,6.0,12.0,frozen,bpsk,10,0.0,0.0,0.0
202,tx_6_rx_12dB,6.0,12.0,frozen,qpsk,10,0.0,0.0,0.0
202,tx_6_rx_12dB,6.0,12.0,frozen,16qam,10,0.0,0.0,0.0
202,tx_6_rx_12dB,6.0,12.0,frozen,32qam,10,0.0,0.0,0.0
202,tx_6_rx_12dB,6.0,12.0,recalibrated,bpsk,10,0.0,0.0,0.0
202,tx_6_rx_12dB,6.0,12.0,recalibrated,qpsk,10,0.0,0.0,0.0
202,tx_6_rx_12dB,6.0,12.0,recalibrated,16qam,10,0.0,0.0,0.0
202,tx_6_rx_12dB,6.0,12.0,recalibrated,32qam,10,0.0,0.0,0.0
202,tx_6_rx_6dB,6.0,6.0,frozen,bpsk,-10,0.295,0.266,0.3230249999999999
202,tx_6_rx_6dB,6.0,6.0,frozen,qpsk,-10,0.141,0.115,0.167
202,tx_6_rx_6dB,6.0,6.0,frozen,16qam,-10,0.429,0.393,0.462
202,tx_6_rx_6dB,6.0,6.0,frozen,32qam,-10,0.431,0.399,0.463
202,tx_6_rx_6dB,6.0,6.0,recalibrated,bpsk,-10,0.296,0.267,0.324
202,tx_6_rx_6dB,6.0,6.0,recalibrated,qpsk,-10,0.14,0.115,0.166
202,tx_6_rx_6dB,6.0,6.0,recalibrated,16qam,-10,0.429,0.393,0.462
202,tx_6_rx_6dB,6.0,6.0,recalibrated,32qam,-10,0.434,0.403,0.466
202,tx_6_rx_6dB,6.0,6.0,frozen,bpsk,-8,0.119,0.1,0.139
202,tx_6_rx_6dB,6.0,6.0,frozen,qpsk,-8,0.05,0.035,0.064
202,tx_6_rx_6dB,6.0,6.0,frozen,16qam,-8,0.392,0.362,0.423
202,tx_6_rx_6dB,6.0,6.0,frozen,32qam,-8,0.422,0.389,0.455
202,tx_6_rx_6dB,6.0,6.0,recalibrated,bpsk,-8,0.12,0.101,0.14
202,tx_6_rx_6dB,6.0,6.0,recalibrated,qpsk,-8,0.051,0.036,0.065
202,tx_6_rx_6dB,6.0,6.0,recalibrated,16qam,-8,0.394,0.364,0.425
202,tx_6_rx_6dB,6.0,6.0,recalibrated,32qam,-8,0.424,0.391,0.457
202,tx_6_rx_6dB,6.0,6.0,frozen,bpsk,-6,0.03,0.02,0.041
202,tx_6_rx_6dB,6.0,6.0,frozen,qpsk,-6,0.005,0.001,0.01
202,tx_6_rx_6dB,6.0,6.0,frozen,16qam,-6,0.199,0.175,0.225
202,tx_6_rx_6dB,6.0,6.0,frozen,32qam,-6,0.227,0.202,0.2530249999999999
202,tx_6_rx_6dB,6.0,6.0,recalibrated,bpsk,-6,0.03,0.02,0.041
202,tx_6_rx_6dB,6.0,6.0,recalibrated,qpsk,-6,0.005,0.001,0.01
202,tx_6_rx_6dB,6.0,6.0,recalibrated,16qam,-6,0.201,0.177,0.227
202,tx_6_rx_6dB,6.0,6.0,recalibrated,32qam,-6,0.228,0.203,0.2540249999999999
202,tx_6_rx_6dB,6.0,6.0,frozen,bpsk,-4,0.001,0.0,0.003
202,tx_6_rx_6dB,6.0,6.0,frozen,qpsk,-4,0.002,0.0,0.005
202,tx_6_rx_6dB,6.0,6.0,frozen,16qam,-4,0.066,0.051975,0.082
202,tx_6_rx_6dB,6.0,6.0,frozen,32qam,-4,0.086,0.069,0.105
202,tx_6_rx_6dB,6.0,6.0,recalibrated,bpsk,-4,0.001,0.0,0.003
202,tx_6_rx_6dB,6.0,6.0,recalibrated,qpsk,-4,0.002,0.0,0.005
202,tx_6_rx_6dB,6.0,6.0,recalibrated,16qam,-4,0.068,0.053,0.084
202,tx_6_rx_6dB,6.0,6.0,recalibrated,32qam,-4,0.087,0.07,0.106
202,tx_6_rx_6dB,6.0,6.0,frozen,bpsk,-2,0.001,0.0,0.003
202,tx_6_rx_6dB,6.0,6.0,frozen,qpsk,-2,0.0,0.0,0.0
202,tx_6_rx_6dB,6.0,6.0,frozen,16qam,-2,0.008,0.003,0.014
202,tx_6_rx_6dB,6.0,6.0,frozen,32qam,-2,0.025,0.016,0.035
202,tx_6_rx_6dB,6.0,6.0,recalibrated,bpsk,-2,0.001,0.0,0.003
202,tx_6_rx_6dB,6.0,6.0,recalibrated,qpsk,-2,0.0,0.0,0.0
202,tx_6_rx_6dB,6.0,6.0,recalibrated,16qam,-2,0.008,0.003,0.014
202,tx_6_rx_6dB,6.0,6.0,recalibrated,32qam,-2,0.026,0.017,0.037
202,tx_6_rx_6dB,6.0,6.0,frozen,bpsk,0,0.0,0.0,0.0
202,tx_6_rx_6dB,6.0,6.0,frozen,qpsk,0,0.0,0.0,0.0
202,tx_6_rx_6dB,6.0,6.0,frozen,16qam,0,0.0,0.0,0.0
202,tx_6_rx_6dB,6.0,6.0,frozen,32qam,0,0.004,0.001,0.008
202,tx_6_rx_6dB,6.0,6.0,recalibrated,bpsk,0,0.0,0.0,0.0
202,tx_6_rx_6dB,6.0,6.0,recalibrated,qpsk,0,0.0,0.0,0.0
202,tx_6_rx_6dB,6.0,6.0,recalibrated,16qam,0,0.0,0.0,0.0
202,tx_6_rx_6dB,6.0,6.0,recalibrated,32qam,0,0.004,0.001,0.008
202,tx_6_rx_6dB,6.0,6.0,frozen,bpsk,2,0.0,0.0,0.0
202,tx_6_rx_6dB,6.0,6.0,frozen,qpsk,2,0.0,0.0,0.0
202,tx_6_rx_6dB,6.0,6.0,frozen,16qam,2,0.0,0.0,0.0
202,tx_6_rx_6dB,6.0,6.0,frozen,32qam,2,0.001,0.0,0.003
202,tx_6_rx_6dB,6.0,6.0,recalibrated,bpsk,2,0.0,0.0,0.0
202,tx_6_rx_6dB,6.0,6.0,recalibrated,qpsk,2,0.0,0.0,0.0
202,tx_6_rx_6dB,6.0,6.0,recalibrated,16qam,2,0.0,0.0,0.0
202,tx_6_rx_6dB,6.0,6.0,recalibrated,32qam,2,0.001,0.0,0.003
202,tx_6_rx_6dB,6.0,6.0,frozen,bpsk,4,0.0,0.0,0.0
202,tx_6_rx_6dB,6.0,6.0,frozen,qpsk,4,0.0,0.0,0.0
202,tx_6_rx_6dB,6.0,6.0,frozen,16qam,4,0.001,0.0,0.003
202,tx_6_rx_6dB,6.0,6.0,frozen,32qam,4,0.0,0.0,0.0
202,tx_6_rx_6dB,6.0,6.0,recalibrated,bpsk,4,0.0,0.0,0.0
202,tx_6_rx_6dB,6.0,6.0,recalibrated,qpsk,4,0.0,0.0,0.0
202,tx_6_rx_6dB,6.0,6.0,recalibrated,16qam,4,0.001,0.0,0.003
202,tx_6_rx_6dB,6.0,6.0,recalibrated,32qam,4,0.0,0.0,0.0
202,tx_6_rx_6dB,6.0,6.0,frozen,bpsk,6,0.0,0.0,0.0
202,tx_6_rx_6dB,6.0,6.0,frozen,qpsk,6,0.0,0.0,0.0
202,tx_6_rx_6dB,6.0,6.0,frozen,16qam,6,0.0,0.0,0.0
202,tx_6_rx_6dB,6.0,6.0,frozen,32qam,6,0.0,0.0,0.0
202,tx_6_rx_6dB,6.0,6.0,recalibrated,bpsk,6,0.0,0.0,0.0
202,tx_6_rx_6dB,6.0,6.0,recalibrated,qpsk,6,0.0,0.0,0.0
202,tx_6_rx_6dB,6.0,6.0,recalibrated,16qam,6,0.0,0.0,0.0
202,tx_6_rx_6dB,6.0,6.0,recalibrated,32qam,6,0.0,0.0,0.0
202,tx_6_rx_6dB,6.0,6.0,frozen,bpsk,8,0.0,0.0,0.0
202,tx_6_rx_6dB,6.0,6.0,frozen,qpsk,8,0.0,0.0,0.0
202,tx_6_rx_6dB,6.0,6.0,frozen,16qam,8,0.0,0.0,0.0
202,tx_6_rx_6dB,6.0,6.0,frozen,32qam,8,0.0,0.0,0.0
202,tx_6_rx_6dB,6.0,6.0,recalibrated,bpsk,8,0.0,0.0,0.0
202,tx_6_rx_6dB,6.0,6.0,recalibrated,qpsk,8,0.0,0.0,0.0
202,tx_6_rx_6dB,6.0,6.0,recalibrated,16qam,8,0.0,0.0,0.0
202,tx_6_rx_6dB,6.0,6.0,recalibrated,32qam,8,0.0,0.0,0.0
202,tx_6_rx_6dB,6.0,6.0,frozen,bpsk,10,0.0,0.0,0.0
202,tx_6_rx_6dB,6.0,6.0,frozen,qpsk,10,0.0,0.0,0.0
202,tx_6_rx_6dB,6.0,6.0,frozen,16qam,10,0.0,0.0,0.0
202,tx_6_rx_6dB,6.0,6.0,frozen,32qam,10,0.0,0.0,0.0
202,tx_6_rx_6dB,6.0,6.0,recalibrated,bpsk,10,0.0,0.0,0.0
202,tx_6_rx_6dB,6.0,6.0,recalibrated,qpsk,10,0.0,0.0,0.0
202,tx_6_rx_6dB,6.0,6.0,recalibrated,16qam,10,0.0,0.0,0.0
202,tx_6_rx_6dB,6.0,6.0,recalibrated,32qam,10,0.0,0.0,0.0
202,tx_6_rx_0dB,6.0,0.0,frozen,bpsk,-10,0.315,0.286,0.344
202,tx_6_rx_0dB,6.0,0.0,frozen,qpsk,-10,0.159,0.133,0.186
202,tx_6_rx_0dB,6.0,0.0,frozen,16qam,-10,0.418,0.383,0.452
202,tx_6_rx_0dB,6.0,0.0,frozen,32qam,-10,0.433,0.402,0.465
202,tx_6_rx_0dB,6.0,0.0,recalibrated,bpsk,-10,0.317,0.287,0.34502499999999986
202,tx_6_rx_0dB,6.0,0.0,recalibrated,qpsk,-10,0.159,0.132,0.187
202,tx_6_rx_0dB,6.0,0.0,recalibrated,16qam,-10,0.418,0.383,0.452
202,tx_6_rx_0dB,6.0,0.0,recalibrated,32qam,-10,0.432,0.401,0.464
202,tx_6_rx_0dB,6.0,0.0,frozen,bpsk,-8,0.128,0.108,0.148
202,tx_6_rx_0dB,6.0,0.0,frozen,qpsk,-8,0.053,0.037,0.068
202,tx_6_rx_0dB,6.0,0.0,frozen,16qam,-8,0.392,0.361,0.424
202,tx_6_rx_0dB,6.0,0.0,frozen,32qam,-8,0.426,0.393,0.4580249999999999
202,tx_6_rx_0dB,6.0,0.0,recalibrated,bpsk,-8,0.129,0.109,0.14902499999999985
202,tx_6_rx_0dB,6.0,0.0,recalibrated,qpsk,-8,0.055,0.039,0.07
202,tx_6_rx_0dB,6.0,0.0,recalibrated,16qam,-8,0.394,0.363,0.426
202,tx_6_rx_0dB,6.0,0.0,recalibrated,32qam,-8,0.43,0.397,0.462
202,tx_6_rx_0dB,6.0,0.0,frozen,bpsk,-6,0.034,0.023,0.046
202,tx_6_rx_0dB,6.0,0.0,frozen,qpsk,-6,0.006,0.002,0.012
202,tx_6_rx_0dB,6.0,0.0,frozen,16qam,-6,0.219,0.194,0.246
202,tx_6_rx_0dB,6.0,0.0,frozen,32qam,-6,0.244,0.218,0.272
202,tx_6_rx_0dB,6.0,0.0,recalibrated,bpsk,-6,0.034,0.023,0.046
202,tx_6_rx_0dB,6.0,0.0,recalibrated,qpsk,-6,0.006,0.002,0.012
202,tx_6_rx_0dB,6.0,0.0,recalibrated,16qam,-6,0.22,0.195,0.247
202,tx_6_rx_0dB,6.0,0.0,recalibrated,32qam,-6,0.247,0.221,0.275
202,tx_6_rx_0dB,6.0,0.0,frozen,bpsk,-4,0.001,0.0,0.003
202,tx_6_rx_0dB,6.0,0.0,frozen,qpsk,-4,0.001,0.0,0.003
202,tx_6_rx_0dB,6.0,0.0,frozen,16qam,-4,0.077,0.061,0.094
202,tx_6_rx_0dB,6.0,0.0,frozen,32qam,-4,0.099,0.081,0.119
202,tx_6_rx_0dB,6.0,0.0,recalibrated,bpsk,-4,0.001,0.0,0.003
202,tx_6_rx_0dB,6.0,0.0,recalibrated,qpsk,-4,0.001,0.0,0.003
202,tx_6_rx_0dB,6.0,0.0,recalibrated,16qam,-4,0.079,0.063,0.096
202,tx_6_rx_0dB,6.0,0.0,recalibrated,32qam,-4,0.104,0.086,0.125
202,tx_6_rx_0dB,6.0,0.0,frozen,bpsk,-2,0.001,0.0,0.003
202,tx_6_rx_0dB,6.0,0.0,frozen,qpsk,-2,0.0,0.0,0.0
202,tx_6_rx_0dB,6.0,0.0,frozen,16qam,-2,0.008,0.003,0.014
202,tx_6_rx_0dB,6.0,0.0,frozen,32qam,-2,0.026,0.017,0.037
202,tx_6_rx_0dB,6.0,0.0,recalibrated,bpsk,-2,0.001,0.0,0.003
202,tx_6_rx_0dB,6.0,0.0,recalibrated,qpsk,-2,0.0,0.0,0.0
202,tx_6_rx_0dB,6.0,0.0,recalibrated,16qam,-2,0.009,0.004,0.015
202,tx_6_rx_0dB,6.0,0.0,recalibrated,32qam,-2,0.027,0.017,0.038
202,tx_6_rx_0dB,6.0,0.0,frozen,bpsk,0,0.0,0.0,0.0
202,tx_6_rx_0dB,6.0,0.0,frozen,qpsk,0,0.0,0.0,0.0
202,tx_6_rx_0dB,6.0,0.0,frozen,16qam,0,0.0,0.0,0.0
202,tx_6_rx_0dB,6.0,0.0,frozen,32qam,0,0.005,0.001,0.01
202,tx_6_rx_0dB,6.0,0.0,recalibrated,bpsk,0,0.0,0.0,0.0
202,tx_6_rx_0dB,6.0,0.0,recalibrated,qpsk,0,0.0,0.0,0.0
202,tx_6_rx_0dB,6.0,0.0,recalibrated,16qam,0,0.0,0.0,0.0
202,tx_6_rx_0dB,6.0,0.0,recalibrated,32qam,0,0.005,0.001,0.01
202,tx_6_rx_0dB,6.0,0.0,frozen,bpsk,2,0.0,0.0,0.0
202,tx_6_rx_0dB,6.0,0.0,frozen,qpsk,2,0.0,0.0,0.0
202,tx_6_rx_0dB,6.0,0.0,frozen,16qam,2,0.0,0.0,0.0
202,tx_6_rx_0dB,6.0,0.0,frozen,32qam,2,0.002,0.0,0.005
202,tx_6_rx_0dB,6.0,0.0,recalibrated,bpsk,2,0.0,0.0,0.0
202,tx_6_rx_0dB,6.0,0.0,recalibrated,qpsk,2,0.0,0.0,0.0
202,tx_6_rx_0dB,6.0,0.0,recalibrated,16qam,2,0.0,0.0,0.0
202,tx_6_rx_0dB,6.0,0.0,recalibrated,32qam,2,0.002,0.0,0.005
202,tx_6_rx_0dB,6.0,0.0,frozen,bpsk,4,0.0,0.0,0.0
202,tx_6_rx_0dB,6.0,0.0,frozen,qpsk,4,0.0,0.0,0.0
202,tx_6_rx_0dB,6.0,0.0,frozen,16qam,4,0.001,0.0,0.003
202,tx_6_rx_0dB,6.0,0.0,frozen,32qam,4,0.0,0.0,0.0
202,tx_6_rx_0dB,6.0,0.0,recalibrated,bpsk,4,0.0,0.0,0.0
202,tx_6_rx_0dB,6.0,0.0,recalibrated,qpsk,4,0.0,0.0,0.0
202,tx_6_rx_0dB,6.0,0.0,recalibrated,16qam,4,0.001,0.0,0.003
202,tx_6_rx_0dB,6.0,0.0,recalibrated,32qam,4,0.0,0.0,0.0
202,tx_6_rx_0dB,6.0,0.0,frozen,bpsk,6,0.0,0.0,0.0
202,tx_6_rx_0dB,6.0,0.0,frozen,qpsk,6,0.0,0.0,0.0
202,tx_6_rx_0dB,6.0,0.0,frozen,16qam,6,0.0,0.0,0.0
202,tx_6_rx_0dB,6.0,0.0,frozen,32qam,6,0.0,0.0,0.0
202,tx_6_rx_0dB,6.0,0.0,recalibrated,bpsk,6,0.0,0.0,0.0
202,tx_6_rx_0dB,6.0,0.0,recalibrated,qpsk,6,0.0,0.0,0.0
202,tx_6_rx_0dB,6.0,0.0,recalibrated,16qam,6,0.0,0.0,0.0
202,tx_6_rx_0dB,6.0,0.0,recalibrated,32qam,6,0.0,0.0,0.0
202,tx_6_rx_0dB,6.0,0.0,frozen,bpsk,8,0.0,0.0,0.0
202,tx_6_rx_0dB,6.0,0.0,frozen,qpsk,8,0.0,0.0,0.0
202,tx_6_rx_0dB,6.0,0.0,frozen,16qam,8,0.0,0.0,0.0
202,tx_6_rx_0dB,6.0,0.0,frozen,32qam,8,0.0,0.0,0.0
202,tx_6_rx_0dB,6.0,0.0,recalibrated,bpsk,8,0.0,0.0,0.0
202,tx_6_rx_0dB,6.0,0.0,recalibrated,qpsk,8,0.0,0.0,0.0
202,tx_6_rx_0dB,6.0,0.0,recalibrated,16qam,8,0.0,0.0,0.0
202,tx_6_rx_0dB,6.0,0.0,recalibrated,32qam,8,0.0,0.0,0.0
202,tx_6_rx_0dB,6.0,0.0,frozen,bpsk,10,0.0,0.0,0.0
202,tx_6_rx_0dB,6.0,0.0,frozen,qpsk,10,0.0,0.0,0.0
202,tx_6_rx_0dB,6.0,0.0,frozen,16qam,10,0.0,0.0,0.0
202,tx_6_rx_0dB,6.0,0.0,frozen,32qam,10,0.0,0.0,0.0
202,tx_6_rx_0dB,6.0,0.0,recalibrated,bpsk,10,0.0,0.0,0.0
202,tx_6_rx_0dB,6.0,0.0,recalibrated,qpsk,10,0.0,0.0,0.0
202,tx_6_rx_0dB,6.0,0.0,recalibrated,16qam,10,0.0,0.0,0.0
202,tx_6_rx_0dB,6.0,0.0,recalibrated,32qam,10,0.0,0.0,0.0
202,tx_3_rx_12dB,3.0,12.0,frozen,bpsk,-10,0.309,0.27997500000000003,0.337
202,tx_3_rx_12dB,3.0,12.0,frozen,qpsk,-10,0.137,0.112,0.16302499999999986
202,tx_3_rx_12dB,3.0,12.0,frozen,16qam,-10,0.435,0.399,0.4680249999999999
202,tx_3_rx_12dB,3.0,12.0,frozen,32qam,-10,0.437,0.40597500000000003,0.468
202,tx_3_rx_12dB,3.0,12.0,recalibrated,bpsk,-10,0.31,0.281,0.34
202,tx_3_rx_12dB,3.0,12.0,recalibrated,qpsk,-10,0.14,0.114,0.167
202,tx_3_rx_12dB,3.0,12.0,recalibrated,16qam,-10,0.438,0.402,0.471
202,tx_3_rx_12dB,3.0,12.0,recalibrated,32qam,-10,0.441,0.409,0.472
202,tx_3_rx_12dB,3.0,12.0,frozen,bpsk,-8,0.137,0.117,0.159
202,tx_3_rx_12dB,3.0,12.0,frozen,qpsk,-8,0.05,0.035,0.064
202,tx_3_rx_12dB,3.0,12.0,frozen,16qam,-8,0.393,0.363,0.424
202,tx_3_rx_12dB,3.0,12.0,frozen,32qam,-8,0.427,0.394,0.459
202,tx_3_rx_12dB,3.0,12.0,recalibrated,bpsk,-8,0.139,0.118975,0.16
202,tx_3_rx_12dB,3.0,12.0,recalibrated,qpsk,-8,0.05,0.035,0.064
202,tx_3_rx_12dB,3.0,12.0,recalibrated,16qam,-8,0.394,0.364,0.425
202,tx_3_rx_12dB,3.0,12.0,recalibrated,32qam,-8,0.431,0.398,0.463
202,tx_3_rx_12dB,3.0,12.0,frozen,bpsk,-6,0.033,0.022,0.045
202,tx_3_rx_12dB,3.0,12.0,frozen,qpsk,-6,0.004,0.001,0.009
202,tx_3_rx_12dB,3.0,12.0,frozen,16qam,-6,0.205,0.179,0.23
202,tx_3_rx_12dB,3.0,12.0,frozen,32qam,-6,0.229,0.203975,0.2550249999999999
202,tx_3_rx_12dB,3.0,12.0,recalibrated,bpsk,-6,0.033,0.022,0.045
202,tx_3_rx_12dB,3.0,12.0,recalibrated,qpsk,-6,0.004,0.001,0.009
202,tx_3_rx_12dB,3.0,12.0,recalibrated,16qam,-6,0.206,0.18,0.231
202,tx_3_rx_12dB,3.0,12.0,recalibrated,32qam,-6,0.23,0.204,0.256
202,tx_3_rx_12dB,3.0,12.0,frozen,bpsk,-4,0.002,0.0,0.005
202,tx_3_rx_12dB,3.0,12.0,frozen,qpsk,-4,0.002,0.0,0.005
202,tx_3_rx_12dB,3.0,12.0,frozen,16qam,-4,0.068,0.053,0.084
202,tx_3_rx_12dB,3.0,12.0,frozen,32qam,-4,0.086,0.069,0.105
202,tx_3_rx_12dB,3.0,12.0,recalibrated,bpsk,-4,0.002,0.0,0.005
202,tx_3_rx_12dB,3.0,12.0,recalibrated,qpsk,-4,0.002,0.0,0.005
202,tx_3_rx_12dB,3.0,12.0,recalibrated,16qam,-4,0.068,0.053,0.084
202,tx_3_rx_12dB,3.0,12.0,recalibrated,32qam,-4,0.086,0.069,0.105
202,tx_3_rx_12dB,3.0,12.0,frozen,bpsk,-2,0.001,0.0,0.003
202,tx_3_rx_12dB,3.0,12.0,frozen,qpsk,-2,0.0,0.0,0.0
202,tx_3_rx_12dB,3.0,12.0,frozen,16qam,-2,0.008,0.003,0.014
202,tx_3_rx_12dB,3.0,12.0,frozen,32qam,-2,0.025,0.016,0.035
202,tx_3_rx_12dB,3.0,12.0,recalibrated,bpsk,-2,0.001,0.0,0.003
202,tx_3_rx_12dB,3.0,12.0,recalibrated,qpsk,-2,0.0,0.0,0.0
202,tx_3_rx_12dB,3.0,12.0,recalibrated,16qam,-2,0.009,0.004,0.015
202,tx_3_rx_12dB,3.0,12.0,recalibrated,32qam,-2,0.025,0.016,0.035
202,tx_3_rx_12dB,3.0,12.0,frozen,bpsk,0,0.0,0.0,0.0
202,tx_3_rx_12dB,3.0,12.0,frozen,qpsk,0,0.0,0.0,0.0
202,tx_3_rx_12dB,3.0,12.0,frozen,16qam,0,0.0,0.0,0.0
202,tx_3_rx_12dB,3.0,12.0,frozen,32qam,0,0.003,0.0,0.007
202,tx_3_rx_12dB,3.0,12.0,recalibrated,bpsk,0,0.0,0.0,0.0
202,tx_3_rx_12dB,3.0,12.0,recalibrated,qpsk,0,0.0,0.0,0.0
202,tx_3_rx_12dB,3.0,12.0,recalibrated,16qam,0,0.0,0.0,0.0
202,tx_3_rx_12dB,3.0,12.0,recalibrated,32qam,0,0.003,0.0,0.007
202,tx_3_rx_12dB,3.0,12.0,frozen,bpsk,2,0.0,0.0,0.0
202,tx_3_rx_12dB,3.0,12.0,frozen,qpsk,2,0.0,0.0,0.0
202,tx_3_rx_12dB,3.0,12.0,frozen,16qam,2,0.0,0.0,0.0
202,tx_3_rx_12dB,3.0,12.0,frozen,32qam,2,0.002,0.0,0.005
202,tx_3_rx_12dB,3.0,12.0,recalibrated,bpsk,2,0.0,0.0,0.0
202,tx_3_rx_12dB,3.0,12.0,recalibrated,qpsk,2,0.0,0.0,0.0
202,tx_3_rx_12dB,3.0,12.0,recalibrated,16qam,2,0.0,0.0,0.0
202,tx_3_rx_12dB,3.0,12.0,recalibrated,32qam,2,0.002,0.0,0.005
202,tx_3_rx_12dB,3.0,12.0,frozen,bpsk,4,0.0,0.0,0.0
202,tx_3_rx_12dB,3.0,12.0,frozen,qpsk,4,0.0,0.0,0.0
202,tx_3_rx_12dB,3.0,12.0,frozen,16qam,4,0.001,0.0,0.003
202,tx_3_rx_12dB,3.0,12.0,frozen,32qam,4,0.0,0.0,0.0
202,tx_3_rx_12dB,3.0,12.0,recalibrated,bpsk,4,0.0,0.0,0.0
202,tx_3_rx_12dB,3.0,12.0,recalibrated,qpsk,4,0.0,0.0,0.0
202,tx_3_rx_12dB,3.0,12.0,recalibrated,16qam,4,0.001,0.0,0.003
202,tx_3_rx_12dB,3.0,12.0,recalibrated,32qam,4,0.0,0.0,0.0
202,tx_3_rx_12dB,3.0,12.0,frozen,bpsk,6,0.0,0.0,0.0
202,tx_3_rx_12dB,3.0,12.0,frozen,qpsk,6,0.0,0.0,0.0
202,tx_3_rx_12dB,3.0,12.0,frozen,16qam,6,0.0,0.0,0.0
202,tx_3_rx_12dB,3.0,12.0,frozen,32qam,6,0.0,0.0,0.0
202,tx_3_rx_12dB,3.0,12.0,recalibrated,bpsk,6,0.0,0.0,0.0
202,tx_3_rx_12dB,3.0,12.0,recalibrated,qpsk,6,0.0,0.0,0.0
202,tx_3_rx_12dB,3.0,12.0,recalibrated,16qam,6,0.0,0.0,0.0
202,tx_3_rx_12dB,3.0,12.0,recalibrated,32qam,6,0.0,0.0,0.0
202,tx_3_rx_12dB,3.0,12.0,frozen,bpsk,8,0.0,0.0,0.0
202,tx_3_rx_12dB,3.0,12.0,frozen,qpsk,8,0.0,0.0,0.0
202,tx_3_rx_12dB,3.0,12.0,frozen,16qam,8,0.0,0.0,0.0
202,tx_3_rx_12dB,3.0,12.0,frozen,32qam,8,0.0,0.0,0.0
202,tx_3_rx_12dB,3.0,12.0,recalibrated,bpsk,8,0.0,0.0,0.0
202,tx_3_rx_12dB,3.0,12.0,recalibrated,qpsk,8,0.0,0.0,0.0
202,tx_3_rx_12dB,3.0,12.0,recalibrated,16qam,8,0.0,0.0,0.0
202,tx_3_rx_12dB,3.0,12.0,recalibrated,32qam,8,0.0,0.0,0.0
202,tx_3_rx_12dB,3.0,12.0,frozen,bpsk,10,0.0,0.0,0.0
202,tx_3_rx_12dB,3.0,12.0,frozen,qpsk,10,0.0,0.0,0.0
202,tx_3_rx_12dB,3.0,12.0,frozen,16qam,10,0.0,0.0,0.0
202,tx_3_rx_12dB,3.0,12.0,frozen,32qam,10,0.0,0.0,0.0
202,tx_3_rx_12dB,3.0,12.0,recalibrated,bpsk,10,0.0,0.0,0.0
202,tx_3_rx_12dB,3.0,12.0,recalibrated,qpsk,10,0.0,0.0,0.0
202,tx_3_rx_12dB,3.0,12.0,recalibrated,16qam,10,0.0,0.0,0.0
202,tx_3_rx_12dB,3.0,12.0,recalibrated,32qam,10,0.0,0.0,0.0
202,tx_3_rx_6dB,3.0,6.0,frozen,bpsk,-10,0.298,0.27,0.326
202,tx_3_rx_6dB,3.0,6.0,frozen,qpsk,-10,0.139,0.114,0.165
202,tx_3_rx_6dB,3.0,6.0,frozen,16qam,-10,0.43,0.393975,0.463
202,tx_3_rx_6dB,3.0,6.0,frozen,32qam,-10,0.431,0.399975,0.463
202,tx_3_rx_6dB,3.0,6.0,recalibrated,bpsk,-10,0.3,0.272,0.328
202,tx_3_rx_6dB,3.0,6.0,recalibrated,qpsk,-10,0.138,0.113,0.164
202,tx_3_rx_6dB,3.0,6.0,recalibrated,16qam,-10,0.435,0.399,0.4680249999999999
202,tx_3_rx_6dB,3.0,6.0,recalibrated,32qam,-10,0.432,0.401,0.464
202,tx_3_rx_6dB,3.0,6.0,frozen,bpsk,-8,0.126,0.106,0.146
202,tx_3_rx_6dB,3.0,6.0,frozen,qpsk,-8,0.051,0.036,0.065
202,tx_3_rx_6dB,3.0,6.0,frozen,16qam,-8,0.391,0.361,0.422
202,tx_3_rx_6dB,3.0,6.0,frozen,32qam,-8,0.424,0.391,0.457
202,tx_3_rx_6dB,3.0,6.0,recalibrated,bpsk,-8,0.127,0.107,0.147
202,tx_3_rx_6dB,3.0,6.0,recalibrated,qpsk,-8,0.051,0.036,0.065
202,tx_3_rx_6dB,3.0,6.0,recalibrated,16qam,-8,0.394,0.364,0.425
202,tx_3_rx_6dB,3.0,6.0,recalibrated,32qam,-8,0.427,0.393975,0.459
202,tx_3_rx_6dB,3.0,6.0,frozen,bpsk,-6,0.032,0.021975,0.043
202,tx_3_rx_6dB,3.0,6.0,frozen,qpsk,-6,0.005,0.001,0.01
202,tx_3_rx_6dB,3.0,6.0,frozen,16qam,-6,0.202,0.177,0.227
202,tx_3_rx_6dB,3.0,6.0,frozen,32qam,-6,0.228,0.203,0.2540249999999999
202,tx_3_rx_6dB,3.0,6.0,recalibrated,bpsk,-6,0.033,0.022,0.045
202,tx_3_rx_6dB,3.0,6.0,recalibrated,qpsk,-6,0.005,0.001,0.01
202,tx_3_rx_6dB,3.0,6.0,recalibrated,16qam,-6,0.203,0.178,0.228
202,tx_3_rx_6dB,3.0,6.0,recalibrated,32qam,-6,0.23,0.204,0.256
202,tx_3_rx_6dB,3.0,6.0,frozen,bpsk,-4,0.001,0.0,0.003
202,tx_3_rx_6dB,3.0,6.0,frozen,qpsk,-4,0.002,0.0,0.005
202,tx_3_rx_6dB,3.0,6.0,frozen,16qam,-4,0.066,0.051975,0.082
202,tx_3_rx_6dB,3.0,6.0,frozen,32qam,-4,0.085,0.068,0.104
202,tx_3_rx_6dB,3.0,6.0,recalibrated,bpsk,-4,0.001,0.0,0.003
202,tx_3_rx_6dB,3.0,6.0,recalibrated,qpsk,-4,0.002,0.0,0.005
202,tx_3_rx_6dB,3.0,6.0,recalibrated,16qam,-4,0.067,0.052,0.083
202,tx_3_rx_6dB,3.0,6.0,recalibrated,32qam,-4,0.087,0.07,0.106
202,tx_3_rx_6dB,3.0,6.0,frozen,bpsk,-2,0.001,0.0,0.003
202,tx_3_rx_6dB,3.0,6.0,frozen,qpsk,-2,0.0,0.0,0.0
202,tx_3_rx_6dB,3.0,6.0,frozen,16qam,-2,0.007,0.002,0.012
202,tx_3_rx_6dB,3.0,6.0,frozen,32qam,-2,0.025,0.016,0.035
202,tx_3_rx_6dB,3.0,6.0,recalibrated,bpsk,-2,0.001,0.0,0.003
202,tx_3_rx_6dB,3.0,6.0,recalibrated,qpsk,-2,0.0,0.0,0.0
202,tx_3_rx_6dB,3.0,6.0,recalibrated,16qam,-2,0.007,0.002,0.012
202,tx_3_rx_6dB,3.0,6.0,recalibrated,32qam,-2,0.025,0.016,0.035
202,tx_3_rx_6dB,3.0,6.0,frozen,bpsk,0,0.0,0.0,0.0
202,tx_3_rx_6dB,3.0,6.0,frozen,qpsk,0,0.0,0.0,0.0
202,tx_3_rx_6dB,3.0,6.0,frozen,16qam,0,0.0,0.0,0.0
202,tx_3_rx_6dB,3.0,6.0,frozen,32qam,0,0.005,0.001,0.01
202,tx_3_rx_6dB,3.0,6.0,recalibrated,bpsk,0,0.0,0.0,0.0
202,tx_3_rx_6dB,3.0,6.0,recalibrated,qpsk,0,0.0,0.0,0.0
202,tx_3_rx_6dB,3.0,6.0,recalibrated,16qam,0,0.0,0.0,0.0
202,tx_3_rx_6dB,3.0,6.0,recalibrated,32qam,0,0.005,0.001,0.01
202,tx_3_rx_6dB,3.0,6.0,frozen,bpsk,2,0.0,0.0,0.0
202,tx_3_rx_6dB,3.0,6.0,frozen,qpsk,2,0.0,0.0,0.0
202,tx_3_rx_6dB,3.0,6.0,frozen,16qam,2,0.0,0.0,0.0
202,tx_3_rx_6dB,3.0,6.0,frozen,32qam,2,0.001,0.0,0.003
202,tx_3_rx_6dB,3.0,6.0,recalibrated,bpsk,2,0.0,0.0,0.0
202,tx_3_rx_6dB,3.0,6.0,recalibrated,qpsk,2,0.0,0.0,0.0
202,tx_3_rx_6dB,3.0,6.0,recalibrated,16qam,2,0.0,0.0,0.0
202,tx_3_rx_6dB,3.0,6.0,recalibrated,32qam,2,0.001,0.0,0.003
202,tx_3_rx_6dB,3.0,6.0,frozen,bpsk,4,0.0,0.0,0.0
202,tx_3_rx_6dB,3.0,6.0,frozen,qpsk,4,0.0,0.0,0.0
202,tx_3_rx_6dB,3.0,6.0,frozen,16qam,4,0.001,0.0,0.003
202,tx_3_rx_6dB,3.0,6.0,frozen,32qam,4,0.0,0.0,0.0
202,tx_3_rx_6dB,3.0,6.0,recalibrated,bpsk,4,0.0,0.0,0.0
202,tx_3_rx_6dB,3.0,6.0,recalibrated,qpsk,4,0.0,0.0,0.0
202,tx_3_rx_6dB,3.0,6.0,recalibrated,16qam,4,0.001,0.0,0.003
202,tx_3_rx_6dB,3.0,6.0,recalibrated,32qam,4,0.0,0.0,0.0
202,tx_3_rx_6dB,3.0,6.0,frozen,bpsk,6,0.0,0.0,0.0
202,tx_3_rx_6dB,3.0,6.0,frozen,qpsk,6,0.0,0.0,0.0
202,tx_3_rx_6dB,3.0,6.0,frozen,16qam,6,0.0,0.0,0.0
202,tx_3_rx_6dB,3.0,6.0,frozen,32qam,6,0.0,0.0,0.0
202,tx_3_rx_6dB,3.0,6.0,recalibrated,bpsk,6,0.0,0.0,0.0
202,tx_3_rx_6dB,3.0,6.0,recalibrated,qpsk,6,0.0,0.0,0.0
202,tx_3_rx_6dB,3.0,6.0,recalibrated,16qam,6,0.0,0.0,0.0
202,tx_3_rx_6dB,3.0,6.0,recalibrated,32qam,6,0.0,0.0,0.0
202,tx_3_rx_6dB,3.0,6.0,frozen,bpsk,8,0.0,0.0,0.0
202,tx_3_rx_6dB,3.0,6.0,frozen,qpsk,8,0.0,0.0,0.0
202,tx_3_rx_6dB,3.0,6.0,frozen,16qam,8,0.0,0.0,0.0
202,tx_3_rx_6dB,3.0,6.0,frozen,32qam,8,0.0,0.0,0.0
202,tx_3_rx_6dB,3.0,6.0,recalibrated,bpsk,8,0.0,0.0,0.0
202,tx_3_rx_6dB,3.0,6.0,recalibrated,qpsk,8,0.0,0.0,0.0
202,tx_3_rx_6dB,3.0,6.0,recalibrated,16qam,8,0.0,0.0,0.0
202,tx_3_rx_6dB,3.0,6.0,recalibrated,32qam,8,0.0,0.0,0.0
202,tx_3_rx_6dB,3.0,6.0,frozen,bpsk,10,0.0,0.0,0.0
202,tx_3_rx_6dB,3.0,6.0,frozen,qpsk,10,0.0,0.0,0.0
202,tx_3_rx_6dB,3.0,6.0,frozen,16qam,10,0.0,0.0,0.0
202,tx_3_rx_6dB,3.0,6.0,frozen,32qam,10,0.0,0.0,0.0
202,tx_3_rx_6dB,3.0,6.0,recalibrated,bpsk,10,0.0,0.0,0.0
202,tx_3_rx_6dB,3.0,6.0,recalibrated,qpsk,10,0.0,0.0,0.0
202,tx_3_rx_6dB,3.0,6.0,recalibrated,16qam,10,0.0,0.0,0.0
202,tx_3_rx_6dB,3.0,6.0,recalibrated,32qam,10,0.0,0.0,0.0
202,tx_3_rx_0dB,3.0,0.0,frozen,bpsk,-10,0.324,0.294,0.353
202,tx_3_rx_0dB,3.0,0.0,frozen,qpsk,-10,0.164,0.138,0.19102499999999986
202,tx_3_rx_0dB,3.0,0.0,frozen,16qam,-10,0.418,0.383,0.452
202,tx_3_rx_0dB,3.0,0.0,frozen,32qam,-10,0.432,0.401,0.464
202,tx_3_rx_0dB,3.0,0.0,recalibrated,bpsk,-10,0.327,0.297,0.35602499999999987
202,tx_3_rx_0dB,3.0,0.0,recalibrated,qpsk,-10,0.162,0.136,0.19
202,tx_3_rx_0dB,3.0,0.0,recalibrated,16qam,-10,0.418,0.383,0.452
202,tx_3_rx_0dB,3.0,0.0,recalibrated,32qam,-10,0.432,0.401,0.464
202,tx_3_rx_0dB,3.0,0.0,frozen,bpsk,-8,0.134,0.114,0.155
202,tx_3_rx_0dB,3.0,0.0,frozen,qpsk,-8,0.054,0.038975,0.069
202,tx_3_rx_0dB,3.0,0.0,frozen,16qam,-8,0.389,0.357975,0.42002499999999987
202,tx_3_rx_0dB,3.0,0.0,frozen,32qam,-8,0.429,0.396,0.461
202,tx_3_rx_0dB,3.0,0.0,recalibrated,bpsk,-8,0.135,0.115,0.157
202,tx_3_rx_0dB,3.0,0.0,recalibrated,qpsk,-8,0.056,0.041,0.071
202,tx_3_rx_0dB,3.0,0.0,recalibrated,16qam,-8,0.394,0.363,0.425
202,tx_3_rx_0dB,3.0,0.0,recalibrated,32qam,-8,0.429,0.396,0.461
202,tx_3_rx_0dB,3.0,0.0,frozen,bpsk,-6,0.036,0.024975000000000004,0.048
202,tx_3_rx_0dB,3.0,0.0,frozen,qpsk,-6,0.006,0.002,0.012
202,tx_3_rx_0dB,3.0,0.0,frozen,16qam,-6,0.214,0.187,0.24
202,tx_3_rx_0dB,3.0,0.0,frozen,32qam,-6,0.237,0.212,0.264
202,tx_3_rx_0dB,3.0,0.0,recalibrated,bpsk,-6,0.036,0.024975000000000004,0.048
202,tx_3_rx_0dB,3.0,0.0,recalibrated,qpsk,-6,0.007,0.002,0.013
202,tx_3_rx_0dB,3.0,0.0,recalibrated,16qam,-6,0.219,0.193,0.246
202,tx_3_rx_0dB,3.0,0.0,recalibrated,32qam,-6,0.243,0.216,0.271
202,tx_3_rx_0dB,3.0,0.0,frozen,bpsk,-4,0.001,0.0,0.003
202,tx_3_rx_0dB,3.0,0.0,frozen,qpsk,-4,0.001,0.0,0.003
202,tx_3_rx_0dB,3.0,0.0,frozen,16qam,-4,0.077,0.061,0.094
202,tx_3_rx_0dB,3.0,0.0,frozen,32qam,-4,0.097,0.079,0.117
202,tx_3_rx_0dB,3.0,0.0,recalibrated,bpsk,-4,0.001,0.0,0.003
202,tx_3_rx_0dB,3.0,0.0,recalibrated,qpsk,-4,0.001,0.0,0.003
202,tx_3_rx_0dB,3.0,0.0,recalibrated,16qam,-4,0.079,0.063,0.096
202,tx_3_rx_0dB,3.0,0.0,recalibrated,32qam,-4,0.1,0.082,0.12
202,tx_3_rx_0dB,3.0,0.0,frozen,bpsk,-2,0.001,0.0,0.003
202,tx_3_rx_0dB,3.0,0.0,frozen,qpsk,-2,0.0,0.0,0.0
202,tx_3_rx_0dB,3.0,0.0,frozen,16qam,-2,0.008,0.003,0.014
202,tx_3_rx_0dB,3.0,0.0,frozen,32qam,-2,0.025,0.016,0.035
202,tx_3_rx_0dB,3.0,0.0,recalibrated,bpsk,-2,0.001,0.0,0.003
202,tx_3_rx_0dB,3.0,0.0,recalibrated,qpsk,-2,0.0,0.0,0.0
202,tx_3_rx_0dB,3.0,0.0,recalibrated,16qam,-2,0.008,0.003,0.014
202,tx_3_rx_0dB,3.0,0.0,recalibrated,32qam,-2,0.026,0.017,0.037
202,tx_3_rx_0dB,3.0,0.0,frozen,bpsk,0,0.0,0.0,0.0
202,tx_3_rx_0dB,3.0,0.0,frozen,qpsk,0,0.0,0.0,0.0
202,tx_3_rx_0dB,3.0,0.0,frozen,16qam,0,0.0,0.0,0.0
202,tx_3_rx_0dB,3.0,0.0,frozen,32qam,0,0.005,0.001,0.01
202,tx_3_rx_0dB,3.0,0.0,recalibrated,bpsk,0,0.0,0.0,0.0
202,tx_3_rx_0dB,3.0,0.0,recalibrated,qpsk,0,0.0,0.0,0.0
202,tx_3_rx_0dB,3.0,0.0,recalibrated,16qam,0,0.0,0.0,0.0
202,tx_3_rx_0dB,3.0,0.0,recalibrated,32qam,0,0.005,0.001,0.01
202,tx_3_rx_0dB,3.0,0.0,frozen,bpsk,2,0.0,0.0,0.0
202,tx_3_rx_0dB,3.0,0.0,frozen,qpsk,2,0.0,0.0,0.0
202,tx_3_rx_0dB,3.0,0.0,frozen,16qam,2,0.0,0.0,0.0
202,tx_3_rx_0dB,3.0,0.0,frozen,32qam,2,0.002,0.0,0.005
202,tx_3_rx_0dB,3.0,0.0,recalibrated,bpsk,2,0.0,0.0,0.0
202,tx_3_rx_0dB,3.0,0.0,recalibrated,qpsk,2,0.0,0.0,0.0
202,tx_3_rx_0dB,3.0,0.0,recalibrated,16qam,2,0.0,0.0,0.0
202,tx_3_rx_0dB,3.0,0.0,recalibrated,32qam,2,0.002,0.0,0.005
202,tx_3_rx_0dB,3.0,0.0,frozen,bpsk,4,0.0,0.0,0.0
202,tx_3_rx_0dB,3.0,0.0,frozen,qpsk,4,0.0,0.0,0.0
202,tx_3_rx_0dB,3.0,0.0,frozen,16qam,4,0.001,0.0,0.003
202,tx_3_rx_0dB,3.0,0.0,frozen,32qam,4,0.0,0.0,0.0
202,tx_3_rx_0dB,3.0,0.0,recalibrated,bpsk,4,0.0,0.0,0.0
202,tx_3_rx_0dB,3.0,0.0,recalibrated,qpsk,4,0.0,0.0,0.0
202,tx_3_rx_0dB,3.0,0.0,recalibrated,16qam,4,0.001,0.0,0.003
202,tx_3_rx_0dB,3.0,0.0,recalibrated,32qam,4,0.0,0.0,0.0
202,tx_3_rx_0dB,3.0,0.0,frozen,bpsk,6,0.0,0.0,0.0
202,tx_3_rx_0dB,3.0,0.0,frozen,qpsk,6,0.0,0.0,0.0
202,tx_3_rx_0dB,3.0,0.0,frozen,16qam,6,0.0,0.0,0.0
202,tx_3_rx_0dB,3.0,0.0,frozen,32qam,6,0.0,0.0,0.0
202,tx_3_rx_0dB,3.0,0.0,recalibrated,bpsk,6,0.0,0.0,0.0
202,tx_3_rx_0dB,3.0,0.0,recalibrated,qpsk,6,0.0,0.0,0.0
202,tx_3_rx_0dB,3.0,0.0,recalibrated,16qam,6,0.0,0.0,0.0
202,tx_3_rx_0dB,3.0,0.0,recalibrated,32qam,6,0.0,0.0,0.0
202,tx_3_rx_0dB,3.0,0.0,frozen,bpsk,8,0.001,0.0,0.003
202,tx_3_rx_0dB,3.0,0.0,frozen,qpsk,8,0.0,0.0,0.0
202,tx_3_rx_0dB,3.0,0.0,frozen,16qam,8,0.0,0.0,0.0
202,tx_3_rx_0dB,3.0,0.0,frozen,32qam,8,0.0,0.0,0.0
202,tx_3_rx_0dB,3.0,0.0,recalibrated,bpsk,8,0.001,0.0,0.003
202,tx_3_rx_0dB,3.0,0.0,recalibrated,qpsk,8,0.0,0.0,0.0
202,tx_3_rx_0dB,3.0,0.0,recalibrated,16qam,8,0.0,0.0,0.0
202,tx_3_rx_0dB,3.0,0.0,recalibrated,32qam,8,0.0,0.0,0.0
202,tx_3_rx_0dB,3.0,0.0,frozen,bpsk,10,0.0,0.0,0.0
202,tx_3_rx_0dB,3.0,0.0,frozen,qpsk,10,0.0,0.0,0.0
202,tx_3_rx_0dB,3.0,0.0,frozen,16qam,10,0.0,0.0,0.0
202,tx_3_rx_0dB,3.0,0.0,frozen,32qam,10,0.0,0.0,0.0
202,tx_3_rx_0dB,3.0,0.0,recalibrated,bpsk,10,0.0,0.0,0.0
202,tx_3_rx_0dB,3.0,0.0,recalibrated,qpsk,10,0.0,0.0,0.0
202,tx_3_rx_0dB,3.0,0.0,recalibrated,16qam,10,0.0,0.0,0.0
202,tx_3_rx_0dB,3.0,0.0,recalibrated,32qam,10,0.0,0.0,0.0
202,tx_0_rx_12dB,0.0,12.0,frozen,bpsk,-10,0.335,0.305,0.366
202,tx_0_rx_12dB,0.0,12.0,frozen,qpsk,-10,0.151,0.125,0.178
202,tx_0_rx_12dB,0.0,12.0,frozen,16qam,-10,0.426,0.39,0.459
202,tx_0_rx_12dB,0.0,12.0,frozen,32qam,-10,0.437,0.40597500000000003,0.468
202,tx_0_rx_12dB,0.0,12.0,recalibrated,bpsk,-10,0.337,0.307,0.3670249999999999
202,tx_0_rx_12dB,0.0,12.0,recalibrated,qpsk,-10,0.154,0.128,0.181
202,tx_0_rx_12dB,0.0,12.0,recalibrated,16qam,-10,0.429,0.393,0.462
202,tx_0_rx_12dB,0.0,12.0,recalibrated,32qam,-10,0.438,0.407,0.469
202,tx_0_rx_12dB,0.0,12.0,frozen,bpsk,-8,0.178,0.155,0.201
202,tx_0_rx_12dB,0.0,12.0,frozen,qpsk,-8,0.055,0.039,0.07
202,tx_0_rx_12dB,0.0,12.0,frozen,16qam,-8,0.401,0.371,0.432
202,tx_0_rx_12dB,0.0,12.0,frozen,32qam,-8,0.431,0.399,0.463
202,tx_0_rx_12dB,0.0,12.0,recalibrated,bpsk,-8,0.179,0.156,0.202
202,tx_0_rx_12dB,0.0,12.0,recalibrated,qpsk,-8,0.056,0.041,0.071
202,tx_0_rx_12dB,0.0,12.0,recalibrated,16qam,-8,0.406,0.376,0.437
202,tx_0_rx_12dB,0.0,12.0,recalibrated,32qam,-8,0.435,0.402,0.467
202,tx_0_rx_12dB,0.0,12.0,frozen,bpsk,-6,0.042,0.029,0.055
202,tx_0_rx_12dB,0.0,12.0,frozen,qpsk,-6,0.006,0.002,0.012
202,tx_0_rx_12dB,0.0,12.0,frozen,16qam,-6,0.21,0.184,0.23502499999999985
202,tx_0_rx_12dB,0.0,12.0,frozen,32qam,-6,0.239,0.213,0.267
202,tx_0_rx_12dB,0.0,12.0,recalibrated,bpsk,-6,0.043,0.031,0.057
202,tx_0_rx_12dB,0.0,12.0,recalibrated,qpsk,-6,0.006,0.002,0.012
202,tx_0_rx_12dB,0.0,12.0,recalibrated,16qam,-6,0.211,0.185,0.237
202,tx_0_rx_12dB,0.0,12.0,recalibrated,32qam,-6,0.242,0.216,0.27
202,tx_0_rx_12dB,0.0,12.0,frozen,bpsk,-4,0.005,0.001,0.01
202,tx_0_rx_12dB,0.0,12.0,frozen,qpsk,-4,0.002,0.0,0.005
202,tx_0_rx_12dB,0.0,12.0,frozen,16qam,-4,0.075,0.06,0.092
202,tx_0_rx_12dB,0.0,12.0,frozen,32qam,-4,0.088,0.071,0.107
202,tx_0_rx_12dB,0.0,12.0,recalibrated,bpsk,-4,0.005,0.001,0.01
202,tx_0_rx_12dB,0.0,12.0,recalibrated,qpsk,-4,0.002,0.0,0.005
202,tx_0_rx_12dB,0.0,12.0,recalibrated,16qam,-4,0.076,0.061,0.093
202,tx_0_rx_12dB,0.0,12.0,recalibrated,32qam,-4,0.088,0.071,0.107
202,tx_0_rx_12dB,0.0,12.0,frozen,bpsk,-2,0.002,0.0,0.005
202,tx_0_rx_12dB,0.0,12.0,frozen,qpsk,-2,0.0,0.0,0.0
202,tx_0_rx_12dB,0.0,12.0,frozen,16qam,-2,0.01,0.004,0.016
202,tx_0_rx_12dB,0.0,12.0,frozen,32qam,-2,0.028,0.018,0.039
202,tx_0_rx_12dB,0.0,12.0,recalibrated,bpsk,-2,0.002,0.0,0.005
202,tx_0_rx_12dB,0.0,12.0,recalibrated,qpsk,-2,0.0,0.0,0.0
202,tx_0_rx_12dB,0.0,12.0,recalibrated,16qam,-2,0.011,0.005,0.018
202,tx_0_rx_12dB,0.0,12.0,recalibrated,32qam,-2,0.028,0.018,0.039
202,tx_0_rx_12dB,0.0,12.0,frozen,bpsk,0,0.0,0.0,0.0
202,tx_0_rx_12dB,0.0,12.0,frozen,qpsk,0,0.0,0.0,0.0
202,tx_0_rx_12dB,0.0,12.0,frozen,16qam,0,0.0,0.0,0.0
202,tx_0_rx_12dB,0.0,12.0,frozen,32qam,0,0.004,0.001,0.008
202,tx_0_rx_12dB,0.0,12.0,recalibrated,bpsk,0,0.0,0.0,0.0
202,tx_0_rx_12dB,0.0,12.0,recalibrated,qpsk,0,0.0,0.0,0.0
202,tx_0_rx_12dB,0.0,12.0,recalibrated,16qam,0,0.0,0.0,0.0
202,tx_0_rx_12dB,0.0,12.0,recalibrated,32qam,0,0.004,0.001,0.008
202,tx_0_rx_12dB,0.0,12.0,frozen,bpsk,2,0.0,0.0,0.0
202,tx_0_rx_12dB,0.0,12.0,frozen,qpsk,2,0.0,0.0,0.0
202,tx_0_rx_12dB,0.0,12.0,frozen,16qam,2,0.0,0.0,0.0
202,tx_0_rx_12dB,0.0,12.0,frozen,32qam,2,0.002,0.0,0.005
202,tx_0_rx_12dB,0.0,12.0,recalibrated,bpsk,2,0.0,0.0,0.0
202,tx_0_rx_12dB,0.0,12.0,recalibrated,qpsk,2,0.0,0.0,0.0
202,tx_0_rx_12dB,0.0,12.0,recalibrated,16qam,2,0.0,0.0,0.0
202,tx_0_rx_12dB,0.0,12.0,recalibrated,32qam,2,0.002,0.0,0.005
202,tx_0_rx_12dB,0.0,12.0,frozen,bpsk,4,0.0,0.0,0.0
202,tx_0_rx_12dB,0.0,12.0,frozen,qpsk,4,0.0,0.0,0.0
202,tx_0_rx_12dB,0.0,12.0,frozen,16qam,4,0.001,0.0,0.003
202,tx_0_rx_12dB,0.0,12.0,frozen,32qam,4,0.0,0.0,0.0
202,tx_0_rx_12dB,0.0,12.0,recalibrated,bpsk,4,0.0,0.0,0.0
202,tx_0_rx_12dB,0.0,12.0,recalibrated,qpsk,4,0.0,0.0,0.0
202,tx_0_rx_12dB,0.0,12.0,recalibrated,16qam,4,0.001,0.0,0.003
202,tx_0_rx_12dB,0.0,12.0,recalibrated,32qam,4,0.0,0.0,0.0
202,tx_0_rx_12dB,0.0,12.0,frozen,bpsk,6,0.0,0.0,0.0
202,tx_0_rx_12dB,0.0,12.0,frozen,qpsk,6,0.0,0.0,0.0
202,tx_0_rx_12dB,0.0,12.0,frozen,16qam,6,0.0,0.0,0.0
202,tx_0_rx_12dB,0.0,12.0,frozen,32qam,6,0.0,0.0,0.0
202,tx_0_rx_12dB,0.0,12.0,recalibrated,bpsk,6,0.0,0.0,0.0
202,tx_0_rx_12dB,0.0,12.0,recalibrated,qpsk,6,0.0,0.0,0.0
202,tx_0_rx_12dB,0.0,12.0,recalibrated,16qam,6,0.0,0.0,0.0
202,tx_0_rx_12dB,0.0,12.0,recalibrated,32qam,6,0.0,0.0,0.0
202,tx_0_rx_12dB,0.0,12.0,frozen,bpsk,8,0.0,0.0,0.0
202,tx_0_rx_12dB,0.0,12.0,frozen,qpsk,8,0.0,0.0,0.0
202,tx_0_rx_12dB,0.0,12.0,frozen,16qam,8,0.0,0.0,0.0
202,tx_0_rx_12dB,0.0,12.0,frozen,32qam,8,0.0,0.0,0.0
202,tx_0_rx_12dB,0.0,12.0,recalibrated,bpsk,8,0.0,0.0,0.0
202,tx_0_rx_12dB,0.0,12.0,recalibrated,qpsk,8,0.0,0.0,0.0
202,tx_0_rx_12dB,0.0,12.0,recalibrated,16qam,8,0.0,0.0,0.0
202,tx_0_rx_12dB,0.0,12.0,recalibrated,32qam,8,0.0,0.0,0.0
202,tx_0_rx_12dB,0.0,12.0,frozen,bpsk,10,0.0,0.0,0.0
202,tx_0_rx_12dB,0.0,12.0,frozen,qpsk,10,0.0,0.0,0.0
202,tx_0_rx_12dB,0.0,12.0,frozen,16qam,10,0.0,0.0,0.0
202,tx_0_rx_12dB,0.0,12.0,frozen,32qam,10,0.0,0.0,0.0
202,tx_0_rx_12dB,0.0,12.0,recalibrated,bpsk,10,0.0,0.0,0.0
202,tx_0_rx_12dB,0.0,12.0,recalibrated,qpsk,10,0.0,0.0,0.0
202,tx_0_rx_12dB,0.0,12.0,recalibrated,16qam,10,0.0,0.0,0.0
202,tx_0_rx_12dB,0.0,12.0,recalibrated,32qam,10,0.0,0.0,0.0
202,tx_0_rx_6dB,0.0,6.0,frozen,bpsk,-10,0.339,0.309,0.37
202,tx_0_rx_6dB,0.0,6.0,frozen,qpsk,-10,0.149,0.123,0.175
202,tx_0_rx_6dB,0.0,6.0,frozen,16qam,-10,0.434,0.398,0.4670249999999999
202,tx_0_rx_6dB,0.0,6.0,frozen,32qam,-10,0.431,0.399,0.463
202,tx_0_rx_6dB,0.0,6.0,recalibrated,bpsk,-10,0.34,0.31,0.37
202,tx_0_rx_6dB,0.0,6.0,recalibrated,qpsk,-10,0.15,0.124,0.176
202,tx_0_rx_6dB,0.0,6.0,recalibrated,16qam,-10,0.432,0.396,0.465
202,tx_0_rx_6dB,0.0,6.0,recalibrated,32qam,-10,0.431,0.399,0.463
202,tx_0_rx_6dB,0.0,6.0,frozen,bpsk,-8,0.165,0.143,0.189
202,tx_0_rx_6dB,0.0,6.0,frozen,qpsk,-8,0.053,0.037,0.068
202,tx_0_rx_6dB,0.0,6.0,frozen,16qam,-8,0.399,0.368,0.43
202,tx_0_rx_6dB,0.0,6.0,frozen,32qam,-8,0.425,0.392,0.457
202,tx_0_rx_6dB,0.0,6.0,recalibrated,bpsk,-8,0.168,0.145,0.191
202,tx_0_rx_6dB,0.0,6.0,recalibrated,qpsk,-8,0.053,0.037,0.068
202,tx_0_rx_6dB,0.0,6.0,recalibrated,16qam,-8,0.398,0.367,0.429
202,tx_0_rx_6dB,0.0,6.0,recalibrated,32qam,-8,0.425,0.392,0.457
202,tx_0_rx_6dB,0.0,6.0,frozen,bpsk,-6,0.04,0.028,0.053
202,tx_0_rx_6dB,0.0,6.0,frozen,qpsk,-6,0.007,0.002,0.013
202,tx_0_rx_6dB,0.0,6.0,frozen,16qam,-6,0.21,0.184,0.23502499999999985
202,tx_0_rx_6dB,0.0,6.0,frozen,32qam,-6,0.233,0.208,0.26
202,tx_0_rx_6dB,0.0,6.0,recalibrated,bpsk,-6,0.04,0.028,0.053
202,tx_0_rx_6dB,0.0,6.0,recalibrated,qpsk,-6,0.007,0.002,0.013
202,tx_0_rx_6dB,0.0,6.0,recalibrated,16qam,-6,0.21,0.184,0.23502499999999985
202,tx_0_rx_6dB,0.0,6.0,recalibrated,32qam,-6,0.233,0.208,0.26
202,tx_0_rx_6dB,0.0,6.0,frozen,bpsk,-4,0.005,0.001,0.01
202,tx_0_rx_6dB,0.0,6.0,frozen,qpsk,-4,0.002,0.0,0.005
202,tx_0_rx_6dB,0.0,6.0,frozen,16qam,-4,0.071,0.056,0.088
202,tx_0_rx_6dB,0.0,6.0,frozen,32qam,-4,0.089,0.072,0.108
202,tx_0_rx_6dB,0.0,6.0,recalibrated,bpsk,-4,0.005,0.001,0.01
202,tx_0_rx_6dB,0.0,6.0,recalibrated,qpsk,-4,0.002,0.0,0.005
202,tx_0_rx_6dB,0.0,6.0,recalibrated,16qam,-4,0.071,0.056,0.088
202,tx_0_rx_6dB,0.0,6.0,recalibrated,32qam,-4,0.089,0.072,0.108
202,tx_0_rx_6dB,0.0,6.0,frozen,bpsk,-2,0.002,0.0,0.005
202,tx_0_rx_6dB,0.0,6.0,frozen,qpsk,-2,0.0,0.0,0.0
202,tx_0_rx_6dB,0.0,6.0,frozen,16qam,-2,0.01,0.004,0.016
202,tx_0_rx_6dB,0.0,6.0,frozen,32qam,-2,0.025,0.016,0.035
202,tx_0_rx_6dB,0.0,6.0,recalibrated,bpsk,-2,0.002,0.0,0.005
202,tx_0_rx_6dB,0.0,6.0,recalibrated,qpsk,-2,0.0,0.0,0.0
202,tx_0_rx_6dB,0.0,6.0,recalibrated,16qam,-2,0.01,0.004,0.016
202,tx_0_rx_6dB,0.0,6.0,recalibrated,32qam,-2,0.026,0.017,0.037
202,tx_0_rx_6dB,0.0,6.0,frozen,bpsk,0,0.0,0.0,0.0
202,tx_0_rx_6dB,0.0,6.0,frozen,qpsk,0,0.0,0.0,0.0
202,tx_0_rx_6dB,0.0,6.0,frozen,16qam,0,0.0,0.0,0.0
202,tx_0_rx_6dB,0.0,6.0,frozen,32qam,0,0.005,0.001,0.01
202,tx_0_rx_6dB,0.0,6.0,recalibrated,bpsk,0,0.0,0.0,0.0
202,tx_0_rx_6dB,0.0,6.0,recalibrated,qpsk,0,0.0,0.0,0.0
202,tx_0_rx_6dB,0.0,6.0,recalibrated,16qam,0,0.0,0.0,0.0
202,tx_0_rx_6dB,0.0,6.0,recalibrated,32qam,0,0.005,0.001,0.01
202,tx_0_rx_6dB,0.0,6.0,frozen,bpsk,2,0.0,0.0,0.0
202,tx_0_rx_6dB,0.0,6.0,frozen,qpsk,2,0.0,0.0,0.0
202,tx_0_rx_6dB,0.0,6.0,frozen,16qam,2,0.0,0.0,0.0
202,tx_0_rx_6dB,0.0,6.0,frozen,32qam,2,0.002,0.0,0.005
202,tx_0_rx_6dB,0.0,6.0,recalibrated,bpsk,2,0.0,0.0,0.0
202,tx_0_rx_6dB,0.0,6.0,recalibrated,qpsk,2,0.0,0.0,0.0
202,tx_0_rx_6dB,0.0,6.0,recalibrated,16qam,2,0.0,0.0,0.0
202,tx_0_rx_6dB,0.0,6.0,recalibrated,32qam,2,0.002,0.0,0.005
202,tx_0_rx_6dB,0.0,6.0,frozen,bpsk,4,0.0,0.0,0.0
202,tx_0_rx_6dB,0.0,6.0,frozen,qpsk,4,0.0,0.0,0.0
202,tx_0_rx_6dB,0.0,6.0,frozen,16qam,4,0.001,0.0,0.003
202,tx_0_rx_6dB,0.0,6.0,frozen,32qam,4,0.0,0.0,0.0
202,tx_0_rx_6dB,0.0,6.0,recalibrated,bpsk,4,0.0,0.0,0.0
202,tx_0_rx_6dB,0.0,6.0,recalibrated,qpsk,4,0.0,0.0,0.0
202,tx_0_rx_6dB,0.0,6.0,recalibrated,16qam,4,0.001,0.0,0.003
202,tx_0_rx_6dB,0.0,6.0,recalibrated,32qam,4,0.0,0.0,0.0
202,tx_0_rx_6dB,0.0,6.0,frozen,bpsk,6,0.0,0.0,0.0
202,tx_0_rx_6dB,0.0,6.0,frozen,qpsk,6,0.0,0.0,0.0
202,tx_0_rx_6dB,0.0,6.0,frozen,16qam,6,0.0,0.0,0.0
202,tx_0_rx_6dB,0.0,6.0,frozen,32qam,6,0.0,0.0,0.0
202,tx_0_rx_6dB,0.0,6.0,recalibrated,bpsk,6,0.0,0.0,0.0
202,tx_0_rx_6dB,0.0,6.0,recalibrated,qpsk,6,0.0,0.0,0.0
202,tx_0_rx_6dB,0.0,6.0,recalibrated,16qam,6,0.0,0.0,0.0
202,tx_0_rx_6dB,0.0,6.0,recalibrated,32qam,6,0.0,0.0,0.0
202,tx_0_rx_6dB,0.0,6.0,frozen,bpsk,8,0.0,0.0,0.0
202,tx_0_rx_6dB,0.0,6.0,frozen,qpsk,8,0.0,0.0,0.0
202,tx_0_rx_6dB,0.0,6.0,frozen,16qam,8,0.0,0.0,0.0
202,tx_0_rx_6dB,0.0,6.0,frozen,32qam,8,0.0,0.0,0.0
202,tx_0_rx_6dB,0.0,6.0,recalibrated,bpsk,8,0.0,0.0,0.0
202,tx_0_rx_6dB,0.0,6.0,recalibrated,qpsk,8,0.0,0.0,0.0
202,tx_0_rx_6dB,0.0,6.0,recalibrated,16qam,8,0.0,0.0,0.0
202,tx_0_rx_6dB,0.0,6.0,recalibrated,32qam,8,0.0,0.0,0.0
202,tx_0_rx_6dB,0.0,6.0,frozen,bpsk,10,0.0,0.0,0.0
202,tx_0_rx_6dB,0.0,6.0,frozen,qpsk,10,0.0,0.0,0.0
202,tx_0_rx_6dB,0.0,6.0,frozen,16qam,10,0.0,0.0,0.0
202,tx_0_rx_6dB,0.0,6.0,frozen,32qam,10,0.0,0.0,0.0
202,tx_0_rx_6dB,0.0,6.0,recalibrated,bpsk,10,0.0,0.0,0.0
202,tx_0_rx_6dB,0.0,6.0,recalibrated,qpsk,10,0.0,0.0,0.0
202,tx_0_rx_6dB,0.0,6.0,recalibrated,16qam,10,0.0,0.0,0.0
202,tx_0_rx_6dB,0.0,6.0,recalibrated,32qam,10,0.0,0.0,0.0
202,tx_0_rx_0dB,0.0,0.0,frozen,bpsk,-10,0.353,0.323,0.383
202,tx_0_rx_0dB,0.0,0.0,frozen,qpsk,-10,0.168,0.141,0.196
202,tx_0_rx_0dB,0.0,0.0,frozen,16qam,-10,0.415,0.38,0.449
202,tx_0_rx_0dB,0.0,0.0,frozen,32qam,-10,0.426,0.394,0.458
202,tx_0_rx_0dB,0.0,0.0,recalibrated,bpsk,-10,0.355,0.325,0.3850249999999999
202,tx_0_rx_0dB,0.0,0.0,recalibrated,qpsk,-10,0.169,0.143,0.197
202,tx_0_rx_0dB,0.0,0.0,recalibrated,16qam,-10,0.412,0.376,0.446
202,tx_0_rx_0dB,0.0,0.0,recalibrated,32qam,-10,0.43,0.399,0.462
202,tx_0_rx_0dB,0.0,0.0,frozen,bpsk,-8,0.166,0.144,0.18902499999999986
202,tx_0_rx_0dB,0.0,0.0,frozen,qpsk,-8,0.062,0.045,0.078
202,tx_0_rx_0dB,0.0,0.0,frozen,16qam,-8,0.398,0.367,0.4300249999999999
202,tx_0_rx_0dB,0.0,0.0,frozen,32qam,-8,0.428,0.395,0.46
202,tx_0_rx_0dB,0.0,0.0,recalibrated,bpsk,-8,0.169,0.146,0.192
202,tx_0_rx_0dB,0.0,0.0,recalibrated,qpsk,-8,0.063,0.046,0.079
202,tx_0_rx_0dB,0.0,0.0,recalibrated,16qam,-8,0.401,0.371,0.434
202,tx_0_rx_0dB,0.0,0.0,recalibrated,32qam,-8,0.429,0.396,0.461
202,tx_0_rx_0dB,0.0,0.0,frozen,bpsk,-6,0.044,0.031,0.058
202,tx_0_rx_0dB,0.0,0.0,frozen,qpsk,-6,0.008,0.003,0.014
202,tx_0_rx_0dB,0.0,0.0,frozen,16qam,-6,0.217,0.191,0.244
202,tx_0_rx_0dB,0.0,0.0,frozen,32qam,-6,0.243,0.216,0.271
202,tx_0_rx_0dB,0.0,0.0,recalibrated,bpsk,-6,0.044,0.031,0.058
202,tx_0_rx_0dB,0.0,0.0,recalibrated,qpsk,-6,0.009,0.004,0.016
202,tx_0_rx_0dB,0.0,0.0,recalibrated,16qam,-6,0.22,0.194,0.24602499999999985
202,tx_0_rx_0dB,0.0,0.0,recalibrated,32qam,-6,0.249,0.222975,0.277
202,tx_0_rx_0dB,0.0,0.0,frozen,bpsk,-4,0.006,0.002,0.011
202,tx_0_rx_0dB,0.0,0.0,frozen,qpsk,-4,0.002,0.0,0.005
202,tx_0_rx_0dB,0.0,0.0,frozen,16qam,-4,0.08,0.064,0.097
202,tx_0_rx_0dB,0.0,0.0,frozen,32qam,-4,0.098,0.08,0.118
202,tx_0_rx_0dB,0.0,0.0,recalibrated,bpsk,-4,0.006,0.002,0.011
202,tx_0_rx_0dB,0.0,0.0,recalibrated,qpsk,-4,0.002,0.0,0.005
202,tx_0_rx_0dB,0.0,0.0,recalibrated,16qam,-4,0.082,0.066,0.099
202,tx_0_rx_0dB,0.0,0.0,recalibrated,32qam,-4,0.101,0.083,0.121
202,tx_0_rx_0dB,0.0,0.0,frozen,bpsk,-2,0.001,0.0,0.003
202,tx_0_rx_0dB,0.0,0.0,frozen,qpsk,-2,0.0,0.0,0.0
202,tx_0_rx_0dB,0.0,0.0,frozen,16qam,-2,0.007,0.002,0.012
202,tx_0_rx_0dB,0.0,0.0,frozen,32qam,-2,0.025,0.016,0.035
202,tx_0_rx_0dB,0.0,0.0,recalibrated,bpsk,-2,0.001,0.0,0.003
202,tx_0_rx_0dB,0.0,0.0,recalibrated,qpsk,-2,0.0,0.0,0.0
202,tx_0_rx_0dB,0.0,0.0,recalibrated,16qam,-2,0.009,0.004,0.015
202,tx_0_rx_0dB,0.0,0.0,recalibrated,32qam,-2,0.025,0.016,0.035
202,tx_0_rx_0dB,0.0,0.0,frozen,bpsk,0,0.0,0.0,0.0
202,tx_0_rx_0dB,0.0,0.0,frozen,qpsk,0,0.0,0.0,0.0
202,tx_0_rx_0dB,0.0,0.0,frozen,16qam,0,0.0,0.0,0.0
202,tx_0_rx_0dB,0.0,0.0,frozen,32qam,0,0.005,0.001,0.01
202,tx_0_rx_0dB,0.0,0.0,recalibrated,bpsk,0,0.0,0.0,0.0
202,tx_0_rx_0dB,0.0,0.0,recalibrated,qpsk,0,0.0,0.0,0.0
202,tx_0_rx_0dB,0.0,0.0,recalibrated,16qam,0,0.0,0.0,0.0
202,tx_0_rx_0dB,0.0,0.0,recalibrated,32qam,0,0.005,0.001,0.01
202,tx_0_rx_0dB,0.0,0.0,frozen,bpsk,2,0.0,0.0,0.0
202,tx_0_rx_0dB,0.0,0.0,frozen,qpsk,2,0.0,0.0,0.0
202,tx_0_rx_0dB,0.0,0.0,frozen,16qam,2,0.0,0.0,0.0
202,tx_0_rx_0dB,0.0,0.0,frozen,32qam,2,0.002,0.0,0.005
202,tx_0_rx_0dB,0.0,0.0,recalibrated,bpsk,2,0.0,0.0,0.0
202,tx_0_rx_0dB,0.0,0.0,recalibrated,qpsk,2,0.0,0.0,0.0
202,tx_0_rx_0dB,0.0,0.0,recalibrated,16qam,2,0.0,0.0,0.0
202,tx_0_rx_0dB,0.0,0.0,recalibrated,32qam,2,0.002,0.0,0.005
202,tx_0_rx_0dB,0.0,0.0,frozen,bpsk,4,0.001,0.0,0.003
202,tx_0_rx_0dB,0.0,0.0,frozen,qpsk,4,0.0,0.0,0.0
202,tx_0_rx_0dB,0.0,0.0,frozen,16qam,4,0.001,0.0,0.003
202,tx_0_rx_0dB,0.0,0.0,frozen,32qam,4,0.0,0.0,0.0
202,tx_0_rx_0dB,0.0,0.0,recalibrated,bpsk,4,0.001,0.0,0.003
202,tx_0_rx_0dB,0.0,0.0,recalibrated,qpsk,4,0.0,0.0,0.0
202,tx_0_rx_0dB,0.0,0.0,recalibrated,16qam,4,0.001,0.0,0.003
202,tx_0_rx_0dB,0.0,0.0,recalibrated,32qam,4,0.0,0.0,0.0
202,tx_0_rx_0dB,0.0,0.0,frozen,bpsk,6,0.001,0.0,0.003
202,tx_0_rx_0dB,0.0,0.0,frozen,qpsk,6,0.0,0.0,0.0
202,tx_0_rx_0dB,0.0,0.0,frozen,16qam,6,0.0,0.0,0.0
202,tx_0_rx_0dB,0.0,0.0,frozen,32qam,6,0.0,0.0,0.0
202,tx_0_rx_0dB,0.0,0.0,recalibrated,bpsk,6,0.001,0.0,0.003
202,tx_0_rx_0dB,0.0,0.0,recalibrated,qpsk,6,0.0,0.0,0.0
202,tx_0_rx_0dB,0.0,0.0,recalibrated,16qam,6,0.0,0.0,0.0
202,tx_0_rx_0dB,0.0,0.0,recalibrated,32qam,6,0.0,0.0,0.0
202,tx_0_rx_0dB,0.0,0.0,frozen,bpsk,8,0.001,0.0,0.003
202,tx_0_rx_0dB,0.0,0.0,frozen,qpsk,8,0.0,0.0,0.0
202,tx_0_rx_0dB,0.0,0.0,frozen,16qam,8,0.0,0.0,0.0
202,tx_0_rx_0dB,0.0,0.0,frozen,32qam,8,0.0,0.0,0.0
202,tx_0_rx_0dB,0.0,0.0,recalibrated,bpsk,8,0.001,0.0,0.003
202,tx_0_rx_0dB,0.0,0.0,recalibrated,qpsk,8,0.0,0.0,0.0
202,tx_0_rx_0dB,0.0,0.0,recalibrated,16qam,8,0.0,0.0,0.0
202,tx_0_rx_0dB,0.0,0.0,recalibrated,32qam,8,0.0,0.0,0.0
202,tx_0_rx_0dB,0.0,0.0,frozen,bpsk,10,0.0,0.0,0.0
202,tx_0_rx_0dB,0.0,0.0,frozen,qpsk,10,0.0,0.0,0.0
202,tx_0_rx_0dB,0.0,0.0,frozen,16qam,10,0.0,0.0,0.0
202,tx_0_rx_0dB,0.0,0.0,frozen,32qam,10,0.0,0.0,0.0
202,tx_0_rx_0dB,0.0,0.0,recalibrated,bpsk,10,0.0,0.0,0.0
202,tx_0_rx_0dB,0.0,0.0,recalibrated,qpsk,10,0.0,0.0,0.0
202,tx_0_rx_0dB,0.0,0.0,recalibrated,16qam,10,0.0,0.0,0.0
202,tx_0_rx_0dB,0.0,0.0,recalibrated,32qam,10,0.0,0.0,0.0
303,linear,,,frozen,bpsk,-10,0.34,0.31,0.369
303,linear,,,frozen,qpsk,-10,0.167,0.139,0.195
303,linear,,,frozen,16qam,-10,0.459,0.427,0.492
303,linear,,,frozen,32qam,-10,0.433,0.399,0.466
303,linear,,,recalibrated,bpsk,-10,0.34,0.31,0.369
303,linear,,,recalibrated,qpsk,-10,0.167,0.139,0.195
303,linear,,,recalibrated,16qam,-10,0.459,0.427,0.492
303,linear,,,recalibrated,32qam,-10,0.433,0.399,0.466
303,linear,,,frozen,bpsk,-8,0.145,0.123,0.167
303,linear,,,frozen,qpsk,-8,0.05,0.037,0.064
303,linear,,,frozen,16qam,-8,0.409,0.379,0.4390249999999999
303,linear,,,frozen,32qam,-8,0.42,0.388975,0.452
303,linear,,,recalibrated,bpsk,-8,0.145,0.123,0.167
303,linear,,,recalibrated,qpsk,-8,0.05,0.037,0.064
303,linear,,,recalibrated,16qam,-8,0.409,0.379,0.4390249999999999
303,linear,,,recalibrated,32qam,-8,0.42,0.388975,0.452
303,linear,,,frozen,bpsk,-6,0.024,0.015,0.035
303,linear,,,frozen,qpsk,-6,0.008,0.003,0.014
303,linear,,,frozen,16qam,-6,0.221,0.195,0.247
303,linear,,,frozen,32qam,-6,0.246,0.218,0.275
303,linear,,,recalibrated,bpsk,-6,0.024,0.015,0.035
303,linear,,,recalibrated,qpsk,-6,0.008,0.003,0.014
303,linear,,,recalibrated,16qam,-6,0.221,0.195,0.247
303,linear,,,recalibrated,32qam,-6,0.246,0.218,0.275
303,linear,,,frozen,bpsk,-4,0.005,0.001,0.01
303,linear,,,frozen,qpsk,-4,0.0,0.0,0.0
303,linear,,,frozen,16qam,-4,0.069,0.054,0.085
303,linear,,,frozen,32qam,-4,0.093,0.075,0.111
303,linear,,,recalibrated,bpsk,-4,0.005,0.001,0.01
303,linear,,,recalibrated,qpsk,-4,0.0,0.0,0.0
303,linear,,,recalibrated,16qam,-4,0.069,0.054,0.085
303,linear,,,recalibrated,32qam,-4,0.093,0.075,0.111
303,linear,,,frozen,bpsk,-2,0.0,0.0,0.0
303,linear,,,frozen,qpsk,-2,0.0,0.0,0.0
303,linear,,,frozen,16qam,-2,0.019,0.011,0.028
303,linear,,,frozen,32qam,-2,0.015,0.008,0.023
303,linear,,,recalibrated,bpsk,-2,0.0,0.0,0.0
303,linear,,,recalibrated,qpsk,-2,0.0,0.0,0.0
303,linear,,,recalibrated,16qam,-2,0.019,0.011,0.028
303,linear,,,recalibrated,32qam,-2,0.015,0.008,0.023
303,linear,,,frozen,bpsk,0,0.0,0.0,0.0
303,linear,,,frozen,qpsk,0,0.0,0.0,0.0
303,linear,,,frozen,16qam,0,0.002,0.0,0.005
303,linear,,,frozen,32qam,0,0.002,0.0,0.005
303,linear,,,recalibrated,bpsk,0,0.0,0.0,0.0
303,linear,,,recalibrated,qpsk,0,0.0,0.0,0.0
303,linear,,,recalibrated,16qam,0,0.002,0.0,0.005
303,linear,,,recalibrated,32qam,0,0.002,0.0,0.005
303,linear,,,frozen,bpsk,2,0.0,0.0,0.0
303,linear,,,frozen,qpsk,2,0.0,0.0,0.0
303,linear,,,frozen,16qam,2,0.002,0.0,0.005
303,linear,,,frozen,32qam,2,0.0,0.0,0.0
303,linear,,,recalibrated,bpsk,2,0.0,0.0,0.0
303,linear,,,recalibrated,qpsk,2,0.0,0.0,0.0
303,linear,,,recalibrated,16qam,2,0.002,0.0,0.005
303,linear,,,recalibrated,32qam,2,0.0,0.0,0.0
303,linear,,,frozen,bpsk,4,0.0,0.0,0.0
303,linear,,,frozen,qpsk,4,0.0,0.0,0.0
303,linear,,,frozen,16qam,4,0.0,0.0,0.0
303,linear,,,frozen,32qam,4,0.0,0.0,0.0
303,linear,,,recalibrated,bpsk,4,0.0,0.0,0.0
303,linear,,,recalibrated,qpsk,4,0.0,0.0,0.0
303,linear,,,recalibrated,16qam,4,0.0,0.0,0.0
303,linear,,,recalibrated,32qam,4,0.0,0.0,0.0
303,linear,,,frozen,bpsk,6,0.0,0.0,0.0
303,linear,,,frozen,qpsk,6,0.0,0.0,0.0
303,linear,,,frozen,16qam,6,0.0,0.0,0.0
303,linear,,,frozen,32qam,6,0.0,0.0,0.0
303,linear,,,recalibrated,bpsk,6,0.0,0.0,0.0
303,linear,,,recalibrated,qpsk,6,0.0,0.0,0.0
303,linear,,,recalibrated,16qam,6,0.0,0.0,0.0
303,linear,,,recalibrated,32qam,6,0.0,0.0,0.0
303,linear,,,frozen,bpsk,8,0.0,0.0,0.0
303,linear,,,frozen,qpsk,8,0.0,0.0,0.0
303,linear,,,frozen,16qam,8,0.0,0.0,0.0
303,linear,,,frozen,32qam,8,0.001,0.0,0.003
303,linear,,,recalibrated,bpsk,8,0.0,0.0,0.0
303,linear,,,recalibrated,qpsk,8,0.0,0.0,0.0
303,linear,,,recalibrated,16qam,8,0.0,0.0,0.0
303,linear,,,recalibrated,32qam,8,0.001,0.0,0.003
303,linear,,,frozen,bpsk,10,0.0,0.0,0.0
303,linear,,,frozen,qpsk,10,0.0,0.0,0.0
303,linear,,,frozen,16qam,10,0.0,0.0,0.0
303,linear,,,frozen,32qam,10,0.0,0.0,0.0
303,linear,,,recalibrated,bpsk,10,0.0,0.0,0.0
303,linear,,,recalibrated,qpsk,10,0.0,0.0,0.0
303,linear,,,recalibrated,16qam,10,0.0,0.0,0.0
303,linear,,,recalibrated,32qam,10,0.0,0.0,0.0
303,tx_9dB,9.0,,frozen,bpsk,-10,0.339,0.309,0.368
303,tx_9dB,9.0,,frozen,qpsk,-10,0.168,0.14,0.196
303,tx_9dB,9.0,,frozen,16qam,-10,0.459,0.427,0.492
303,tx_9dB,9.0,,frozen,32qam,-10,0.433,0.399,0.466
303,tx_9dB,9.0,,recalibrated,bpsk,-10,0.339,0.309,0.368
303,tx_9dB,9.0,,recalibrated,qpsk,-10,0.168,0.14,0.196
303,tx_9dB,9.0,,recalibrated,16qam,-10,0.459,0.427,0.492
303,tx_9dB,9.0,,recalibrated,32qam,-10,0.433,0.399,0.466
303,tx_9dB,9.0,,frozen,bpsk,-8,0.145,0.123,0.167
303,tx_9dB,9.0,,frozen,qpsk,-8,0.05,0.037,0.064
303,tx_9dB,9.0,,frozen,16qam,-8,0.408,0.378,0.439
303,tx_9dB,9.0,,frozen,32qam,-8,0.42,0.389,0.451
303,tx_9dB,9.0,,recalibrated,bpsk,-8,0.145,0.123,0.167
303,tx_9dB,9.0,,recalibrated,qpsk,-8,0.05,0.037,0.064
303,tx_9dB,9.0,,recalibrated,16qam,-8,0.408,0.378,0.439
303,tx_9dB,9.0,,recalibrated,32qam,-8,0.42,0.389,0.451
303,tx_9dB,9.0,,frozen,bpsk,-6,0.024,0.015,0.035
303,tx_9dB,9.0,,frozen,qpsk,-6,0.008,0.003,0.014
303,tx_9dB,9.0,,frozen,16qam,-6,0.222,0.196,0.248
303,tx_9dB,9.0,,frozen,32qam,-6,0.248,0.219,0.277
303,tx_9dB,9.0,,recalibrated,bpsk,-6,0.024,0.015,0.035
303,tx_9dB,9.0,,recalibrated,qpsk,-6,0.008,0.003,0.014
303,tx_9dB,9.0,,recalibrated,16qam,-6,0.222,0.196,0.248
303,tx_9dB,9.0,,recalibrated,32qam,-6,0.248,0.219,0.277
303,tx_9dB,9.0,,frozen,bpsk,-4,0.005,0.001,0.01
303,tx_9dB,9.0,,frozen,qpsk,-4,0.0,0.0,0.0
303,tx_9dB,9.0,,frozen,16qam,-4,0.069,0.054,0.085
303,tx_9dB,9.0,,frozen,32qam,-4,0.094,0.076,0.11202499999999986
303,tx_9dB,9.0,,recalibrated,bpsk,-4,0.005,0.001,0.01
303,tx_9dB,9.0,,recalibrated,qpsk,-4,0.0,0.0,0.0
303,tx_9dB,9.0,,recalibrated,16qam,-4,0.069,0.054,0.085
303,tx_9dB,9.0,,recalibrated,32qam,-4,0.094,0.076,0.11202499999999986
303,tx_9dB,9.0,,frozen,bpsk,-2,0.0,0.0,0.0
303,tx_9dB,9.0,,frozen,qpsk,-2,0.0,0.0,0.0
303,tx_9dB,9.0,,frozen,16qam,-2,0.019,0.011,0.028
303,tx_9dB,9.0,,frozen,32qam,-2,0.015,0.008,0.023
303,tx_9dB,9.0,,recalibrated,bpsk,-2,0.0,0.0,0.0
303,tx_9dB,9.0,,recalibrated,qpsk,-2,0.0,0.0,0.0
303,tx_9dB,9.0,,recalibrated,16qam,-2,0.019,0.011,0.028
303,tx_9dB,9.0,,recalibrated,32qam,-2,0.015,0.008,0.023
303,tx_9dB,9.0,,frozen,bpsk,0,0.0,0.0,0.0
303,tx_9dB,9.0,,frozen,qpsk,0,0.0,0.0,0.0
303,tx_9dB,9.0,,frozen,16qam,0,0.002,0.0,0.005
303,tx_9dB,9.0,,frozen,32qam,0,0.002,0.0,0.005
303,tx_9dB,9.0,,recalibrated,bpsk,0,0.0,0.0,0.0
303,tx_9dB,9.0,,recalibrated,qpsk,0,0.0,0.0,0.0
303,tx_9dB,9.0,,recalibrated,16qam,0,0.002,0.0,0.005
303,tx_9dB,9.0,,recalibrated,32qam,0,0.002,0.0,0.005
303,tx_9dB,9.0,,frozen,bpsk,2,0.0,0.0,0.0
303,tx_9dB,9.0,,frozen,qpsk,2,0.0,0.0,0.0
303,tx_9dB,9.0,,frozen,16qam,2,0.002,0.0,0.005
303,tx_9dB,9.0,,frozen,32qam,2,0.0,0.0,0.0
303,tx_9dB,9.0,,recalibrated,bpsk,2,0.0,0.0,0.0
303,tx_9dB,9.0,,recalibrated,qpsk,2,0.0,0.0,0.0
303,tx_9dB,9.0,,recalibrated,16qam,2,0.002,0.0,0.005
303,tx_9dB,9.0,,recalibrated,32qam,2,0.0,0.0,0.0
303,tx_9dB,9.0,,frozen,bpsk,4,0.0,0.0,0.0
303,tx_9dB,9.0,,frozen,qpsk,4,0.0,0.0,0.0
303,tx_9dB,9.0,,frozen,16qam,4,0.0,0.0,0.0
303,tx_9dB,9.0,,frozen,32qam,4,0.0,0.0,0.0
303,tx_9dB,9.0,,recalibrated,bpsk,4,0.0,0.0,0.0
303,tx_9dB,9.0,,recalibrated,qpsk,4,0.0,0.0,0.0
303,tx_9dB,9.0,,recalibrated,16qam,4,0.0,0.0,0.0
303,tx_9dB,9.0,,recalibrated,32qam,4,0.0,0.0,0.0
303,tx_9dB,9.0,,frozen,bpsk,6,0.0,0.0,0.0
303,tx_9dB,9.0,,frozen,qpsk,6,0.0,0.0,0.0
303,tx_9dB,9.0,,frozen,16qam,6,0.0,0.0,0.0
303,tx_9dB,9.0,,frozen,32qam,6,0.0,0.0,0.0
303,tx_9dB,9.0,,recalibrated,bpsk,6,0.0,0.0,0.0
303,tx_9dB,9.0,,recalibrated,qpsk,6,0.0,0.0,0.0
303,tx_9dB,9.0,,recalibrated,16qam,6,0.0,0.0,0.0
303,tx_9dB,9.0,,recalibrated,32qam,6,0.0,0.0,0.0
303,tx_9dB,9.0,,frozen,bpsk,8,0.0,0.0,0.0
303,tx_9dB,9.0,,frozen,qpsk,8,0.0,0.0,0.0
303,tx_9dB,9.0,,frozen,16qam,8,0.0,0.0,0.0
303,tx_9dB,9.0,,frozen,32qam,8,0.001,0.0,0.003
303,tx_9dB,9.0,,recalibrated,bpsk,8,0.0,0.0,0.0
303,tx_9dB,9.0,,recalibrated,qpsk,8,0.0,0.0,0.0
303,tx_9dB,9.0,,recalibrated,16qam,8,0.0,0.0,0.0
303,tx_9dB,9.0,,recalibrated,32qam,8,0.001,0.0,0.003
303,tx_9dB,9.0,,frozen,bpsk,10,0.0,0.0,0.0
303,tx_9dB,9.0,,frozen,qpsk,10,0.0,0.0,0.0
303,tx_9dB,9.0,,frozen,16qam,10,0.0,0.0,0.0
303,tx_9dB,9.0,,frozen,32qam,10,0.0,0.0,0.0
303,tx_9dB,9.0,,recalibrated,bpsk,10,0.0,0.0,0.0
303,tx_9dB,9.0,,recalibrated,qpsk,10,0.0,0.0,0.0
303,tx_9dB,9.0,,recalibrated,16qam,10,0.0,0.0,0.0
303,tx_9dB,9.0,,recalibrated,32qam,10,0.0,0.0,0.0
303,tx_6dB,6.0,,frozen,bpsk,-10,0.341,0.311,0.37
303,tx_6dB,6.0,,frozen,qpsk,-10,0.17,0.142,0.199
303,tx_6dB,6.0,,frozen,16qam,-10,0.459,0.427,0.493
303,tx_6dB,6.0,,frozen,32qam,-10,0.431,0.399,0.464
303,tx_6dB,6.0,,recalibrated,bpsk,-10,0.341,0.311,0.37
303,tx_6dB,6.0,,recalibrated,qpsk,-10,0.17,0.142,0.199
303,tx_6dB,6.0,,recalibrated,16qam,-10,0.459,0.427,0.493
303,tx_6dB,6.0,,recalibrated,32qam,-10,0.431,0.399,0.464
303,tx_6dB,6.0,,frozen,bpsk,-8,0.145,0.123,0.167
303,tx_6dB,6.0,,frozen,qpsk,-8,0.05,0.037,0.064
303,tx_6dB,6.0,,frozen,16qam,-8,0.41,0.38,0.44
303,tx_6dB,6.0,,frozen,32qam,-8,0.42,0.389,0.451
303,tx_6dB,6.0,,recalibrated,bpsk,-8,0.145,0.123,0.167
303,tx_6dB,6.0,,recalibrated,qpsk,-8,0.05,0.037,0.064
303,tx_6dB,6.0,,recalibrated,16qam,-8,0.41,0.38,0.44
303,tx_6dB,6.0,,recalibrated,32qam,-8,0.42,0.389,0.451
303,tx_6dB,6.0,,frozen,bpsk,-6,0.024,0.015,0.035
303,tx_6dB,6.0,,frozen,qpsk,-6,0.008,0.003,0.014
303,tx_6dB,6.0,,frozen,16qam,-6,0.227,0.202,0.253
303,tx_6dB,6.0,,frozen,32qam,-6,0.248,0.219,0.277
303,tx_6dB,6.0,,recalibrated,bpsk,-6,0.024,0.015,0.035
303,tx_6dB,6.0,,recalibrated,qpsk,-6,0.008,0.003,0.014
303,tx_6dB,6.0,,recalibrated,16qam,-6,0.227,0.202,0.253
303,tx_6dB,6.0,,recalibrated,32qam,-6,0.248,0.219,0.277
303,tx_6dB,6.0,,frozen,bpsk,-4,0.005,0.001,0.01
303,tx_6dB,6.0,,frozen,qpsk,-4,0.0,0.0,0.0
303,tx_6dB,6.0,,frozen,16qam,-4,0.07,0.055,0.086
303,tx_6dB,6.0,,frozen,32qam,-4,0.092,0.074,0.11
303,tx_6dB,6.0,,recalibrated,bpsk,-4,0.005,0.001,0.01
303,tx_6dB,6.0,,recalibrated,qpsk,-4,0.0,0.0,0.0
303,tx_6dB,6.0,,recalibrated,16qam,-4,0.07,0.055,0.086
303,tx_6dB,6.0,,recalibrated,32qam,-4,0.092,0.074,0.11
303,tx_6dB,6.0,,frozen,bpsk,-2,0.0,0.0,0.0
303,tx_6dB,6.0,,frozen,qpsk,-2,0.0,0.0,0.0
303,tx_6dB,6.0,,frozen,16qam,-2,0.019,0.011,0.028
303,tx_6dB,6.0,,frozen,32qam,-2,0.015,0.008,0.023
303,tx_6dB,6.0,,recalibrated,bpsk,-2,0.0,0.0,0.0
303,tx_6dB,6.0,,recalibrated,qpsk,-2,0.0,0.0,0.0
303,tx_6dB,6.0,,recalibrated,16qam,-2,0.019,0.011,0.028
303,tx_6dB,6.0,,recalibrated,32qam,-2,0.015,0.008,0.023
303,tx_6dB,6.0,,frozen,bpsk,0,0.0,0.0,0.0
303,tx_6dB,6.0,,frozen,qpsk,0,0.0,0.0,0.0
303,tx_6dB,6.0,,frozen,16qam,0,0.002,0.0,0.005
303,tx_6dB,6.0,,frozen,32qam,0,0.002,0.0,0.005
303,tx_6dB,6.0,,recalibrated,bpsk,0,0.0,0.0,0.0
303,tx_6dB,6.0,,recalibrated,qpsk,0,0.0,0.0,0.0
303,tx_6dB,6.0,,recalibrated,16qam,0,0.002,0.0,0.005
303,tx_6dB,6.0,,recalibrated,32qam,0,0.002,0.0,0.005
303,tx_6dB,6.0,,frozen,bpsk,2,0.0,0.0,0.0
303,tx_6dB,6.0,,frozen,qpsk,2,0.0,0.0,0.0
303,tx_6dB,6.0,,frozen,16qam,2,0.002,0.0,0.005
303,tx_6dB,6.0,,frozen,32qam,2,0.0,0.0,0.0
303,tx_6dB,6.0,,recalibrated,bpsk,2,0.0,0.0,0.0
303,tx_6dB,6.0,,recalibrated,qpsk,2,0.0,0.0,0.0
303,tx_6dB,6.0,,recalibrated,16qam,2,0.002,0.0,0.005
303,tx_6dB,6.0,,recalibrated,32qam,2,0.0,0.0,0.0
303,tx_6dB,6.0,,frozen,bpsk,4,0.0,0.0,0.0
303,tx_6dB,6.0,,frozen,qpsk,4,0.0,0.0,0.0
303,tx_6dB,6.0,,frozen,16qam,4,0.0,0.0,0.0
303,tx_6dB,6.0,,frozen,32qam,4,0.0,0.0,0.0
303,tx_6dB,6.0,,recalibrated,bpsk,4,0.0,0.0,0.0
303,tx_6dB,6.0,,recalibrated,qpsk,4,0.0,0.0,0.0
303,tx_6dB,6.0,,recalibrated,16qam,4,0.0,0.0,0.0
303,tx_6dB,6.0,,recalibrated,32qam,4,0.0,0.0,0.0
303,tx_6dB,6.0,,frozen,bpsk,6,0.0,0.0,0.0
303,tx_6dB,6.0,,frozen,qpsk,6,0.0,0.0,0.0
303,tx_6dB,6.0,,frozen,16qam,6,0.0,0.0,0.0
303,tx_6dB,6.0,,frozen,32qam,6,0.0,0.0,0.0
303,tx_6dB,6.0,,recalibrated,bpsk,6,0.0,0.0,0.0
303,tx_6dB,6.0,,recalibrated,qpsk,6,0.0,0.0,0.0
303,tx_6dB,6.0,,recalibrated,16qam,6,0.0,0.0,0.0
303,tx_6dB,6.0,,recalibrated,32qam,6,0.0,0.0,0.0
303,tx_6dB,6.0,,frozen,bpsk,8,0.0,0.0,0.0
303,tx_6dB,6.0,,frozen,qpsk,8,0.0,0.0,0.0
303,tx_6dB,6.0,,frozen,16qam,8,0.0,0.0,0.0
303,tx_6dB,6.0,,frozen,32qam,8,0.001,0.0,0.003
303,tx_6dB,6.0,,recalibrated,bpsk,8,0.0,0.0,0.0
303,tx_6dB,6.0,,recalibrated,qpsk,8,0.0,0.0,0.0
303,tx_6dB,6.0,,recalibrated,16qam,8,0.0,0.0,0.0
303,tx_6dB,6.0,,recalibrated,32qam,8,0.001,0.0,0.003
303,tx_6dB,6.0,,frozen,bpsk,10,0.0,0.0,0.0
303,tx_6dB,6.0,,frozen,qpsk,10,0.0,0.0,0.0
303,tx_6dB,6.0,,frozen,16qam,10,0.0,0.0,0.0
303,tx_6dB,6.0,,frozen,32qam,10,0.0,0.0,0.0
303,tx_6dB,6.0,,recalibrated,bpsk,10,0.0,0.0,0.0
303,tx_6dB,6.0,,recalibrated,qpsk,10,0.0,0.0,0.0
303,tx_6dB,6.0,,recalibrated,16qam,10,0.0,0.0,0.0
303,tx_6dB,6.0,,recalibrated,32qam,10,0.0,0.0,0.0
303,tx_3dB,3.0,,frozen,bpsk,-10,0.35,0.318,0.38
303,tx_3dB,3.0,,frozen,qpsk,-10,0.171,0.142,0.19902499999999987
303,tx_3dB,3.0,,frozen,16qam,-10,0.456,0.424,0.49
303,tx_3dB,3.0,,frozen,32qam,-10,0.436,0.402,0.469
303,tx_3dB,3.0,,recalibrated,bpsk,-10,0.35,0.318,0.38
303,tx_3dB,3.0,,recalibrated,qpsk,-10,0.171,0.142,0.19902499999999987
303,tx_3dB,3.0,,recalibrated,16qam,-10,0.456,0.424,0.49
303,tx_3dB,3.0,,recalibrated,32qam,-10,0.436,0.402,0.469
303,tx_3dB,3.0,,frozen,bpsk,-8,0.155,0.133,0.178
303,tx_3dB,3.0,,frozen,qpsk,-8,0.05,0.036,0.064
303,tx_3dB,3.0,,frozen,16qam,-8,0.409,0.379,0.4390249999999999
303,tx_3dB,3.0,,frozen,32qam,-8,0.429,0.398,0.4600249999999999
303,tx_3dB,3.0,,recalibrated,bpsk,-8,0.155,0.133,0.178
303,tx_3dB,3.0,,recalibrated,qpsk,-8,0.05,0.036,0.064
303,tx_3dB,3.0,,recalibrated,16qam,-8,0.409,0.379,0.4390249999999999
303,tx_3dB,3.0,,recalibrated,32qam,-8,0.429,0.398,0.4600249999999999
303,tx_3dB,3.0,,frozen,bpsk,-6,0.026,0.016975000000000004,0.037
303,tx_3dB,3.0,,frozen,qpsk,-6,0.008,0.003,0.014
303,tx_3dB,3.0,,frozen,16qam,-6,0.232,0.206,0.258
303,tx_3dB,3.0,,frozen,32qam,-6,0.255,0.226,0.284
303,tx_3dB,3.0,,recalibrated,bpsk,-6,0.026,0.016975000000000004,0.037
303,tx_3dB,3.0,,recalibrated,qpsk,-6,0.008,0.003,0.014
303,tx_3dB,3.0,,recalibrated,16qam,-6,0.232,0.206,0.258
303,tx_3dB,3.0,,recalibrated,32qam,-6,0.255,0.226,0.284
303,tx_3dB,3.0,,frozen,bpsk,-4,0.006,0.002,0.011
303,tx_3dB,3.0,,frozen,qpsk,-4,0.0,0.0,0.0
303,tx_3dB,3.0,,frozen,16qam,-4,0.068,0.053,0.083
303,tx_3dB,3.0,,frozen,32qam,-4,0.089,0.071,0.107
303,tx_3dB,3.0,,recalibrated,bpsk,-4,0.006,0.002,0.011
303,tx_3dB,3.0,,recalibrated,qpsk,-4,0.0,0.0,0.0
303,tx_3dB,3.0,,recalibrated,16qam,-4,0.068,0.053,0.083
303,tx_3dB,3.0,,recalibrated,32qam,-4,0.089,0.071,0.107
303,tx_3dB,3.0,,frozen,bpsk,-2,0.0,0.0,0.0
303,tx_3dB,3.0,,frozen,qpsk,-2,0.0,0.0,0.0
303,tx_3dB,3.0,,frozen,16qam,-2,0.018,0.01,0.027
303,tx_3dB,3.0,,frozen,32qam,-2,0.016,0.009,0.024024999999999862
303,tx_3dB,3.0,,recalibrated,bpsk,-2,0.0,0.0,0.0
303,tx_3dB,3.0,,recalibrated,qpsk,-2,0.0,0.0,0.0
303,tx_3dB,3.0,,recalibrated,16qam,-2,0.018,0.01,0.027
303,tx_3dB,3.0,,recalibrated,32qam,-2,0.016,0.009,0.024024999999999862
303,tx_3dB,3.0,,frozen,bpsk,0,0.0,0.0,0.0
303,tx_3dB,3.0,,frozen,qpsk,0,0.0,0.0,0.0
303,tx_3dB,3.0,,frozen,16qam,0,0.002,0.0,0.005
303,tx_3dB,3.0,,frozen,32qam,0,0.002,0.0,0.005
303,tx_3dB,3.0,,recalibrated,bpsk,0,0.0,0.0,0.0
303,tx_3dB,3.0,,recalibrated,qpsk,0,0.0,0.0,0.0
303,tx_3dB,3.0,,recalibrated,16qam,0,0.002,0.0,0.005
303,tx_3dB,3.0,,recalibrated,32qam,0,0.002,0.0,0.005
303,tx_3dB,3.0,,frozen,bpsk,2,0.001,0.0,0.003
303,tx_3dB,3.0,,frozen,qpsk,2,0.0,0.0,0.0
303,tx_3dB,3.0,,frozen,16qam,2,0.0,0.0,0.0
303,tx_3dB,3.0,,frozen,32qam,2,0.0,0.0,0.0
303,tx_3dB,3.0,,recalibrated,bpsk,2,0.001,0.0,0.003
303,tx_3dB,3.0,,recalibrated,qpsk,2,0.0,0.0,0.0
303,tx_3dB,3.0,,recalibrated,16qam,2,0.0,0.0,0.0
303,tx_3dB,3.0,,recalibrated,32qam,2,0.0,0.0,0.0
303,tx_3dB,3.0,,frozen,bpsk,4,0.0,0.0,0.0
303,tx_3dB,3.0,,frozen,qpsk,4,0.0,0.0,0.0
303,tx_3dB,3.0,,frozen,16qam,4,0.0,0.0,0.0
303,tx_3dB,3.0,,frozen,32qam,4,0.0,0.0,0.0
303,tx_3dB,3.0,,recalibrated,bpsk,4,0.0,0.0,0.0
303,tx_3dB,3.0,,recalibrated,qpsk,4,0.0,0.0,0.0
303,tx_3dB,3.0,,recalibrated,16qam,4,0.0,0.0,0.0
303,tx_3dB,3.0,,recalibrated,32qam,4,0.0,0.0,0.0
303,tx_3dB,3.0,,frozen,bpsk,6,0.0,0.0,0.0
303,tx_3dB,3.0,,frozen,qpsk,6,0.0,0.0,0.0
303,tx_3dB,3.0,,frozen,16qam,6,0.0,0.0,0.0
303,tx_3dB,3.0,,frozen,32qam,6,0.0,0.0,0.0
303,tx_3dB,3.0,,recalibrated,bpsk,6,0.0,0.0,0.0
303,tx_3dB,3.0,,recalibrated,qpsk,6,0.0,0.0,0.0
303,tx_3dB,3.0,,recalibrated,16qam,6,0.0,0.0,0.0
303,tx_3dB,3.0,,recalibrated,32qam,6,0.0,0.0,0.0
303,tx_3dB,3.0,,frozen,bpsk,8,0.0,0.0,0.0
303,tx_3dB,3.0,,frozen,qpsk,8,0.0,0.0,0.0
303,tx_3dB,3.0,,frozen,16qam,8,0.0,0.0,0.0
303,tx_3dB,3.0,,frozen,32qam,8,0.001,0.0,0.003
303,tx_3dB,3.0,,recalibrated,bpsk,8,0.0,0.0,0.0
303,tx_3dB,3.0,,recalibrated,qpsk,8,0.0,0.0,0.0
303,tx_3dB,3.0,,recalibrated,16qam,8,0.0,0.0,0.0
303,tx_3dB,3.0,,recalibrated,32qam,8,0.001,0.0,0.003
303,tx_3dB,3.0,,frozen,bpsk,10,0.0,0.0,0.0
303,tx_3dB,3.0,,frozen,qpsk,10,0.0,0.0,0.0
303,tx_3dB,3.0,,frozen,16qam,10,0.0,0.0,0.0
303,tx_3dB,3.0,,frozen,32qam,10,0.0,0.0,0.0
303,tx_3dB,3.0,,recalibrated,bpsk,10,0.0,0.0,0.0
303,tx_3dB,3.0,,recalibrated,qpsk,10,0.0,0.0,0.0
303,tx_3dB,3.0,,recalibrated,16qam,10,0.0,0.0,0.0
303,tx_3dB,3.0,,recalibrated,32qam,10,0.0,0.0,0.0
303,tx_0dB,0.0,,frozen,bpsk,-10,0.395,0.363,0.426
303,tx_0dB,0.0,,frozen,qpsk,-10,0.18,0.151,0.209
303,tx_0dB,0.0,,frozen,16qam,-10,0.452,0.42,0.4850249999999999
303,tx_0dB,0.0,,frozen,32qam,-10,0.435,0.402975,0.468
303,tx_0dB,0.0,,recalibrated,bpsk,-10,0.395,0.363,0.426
303,tx_0dB,0.0,,recalibrated,qpsk,-10,0.18,0.151,0.209
303,tx_0dB,0.0,,recalibrated,16qam,-10,0.452,0.42,0.4850249999999999
303,tx_0dB,0.0,,recalibrated,32qam,-10,0.435,0.402975,0.468
303,tx_0dB,0.0,,frozen,bpsk,-8,0.179,0.157,0.203
303,tx_0dB,0.0,,frozen,qpsk,-8,0.053,0.039,0.06702499999999986
303,tx_0dB,0.0,,frozen,16qam,-8,0.416,0.385,0.447
303,tx_0dB,0.0,,frozen,32qam,-8,0.435,0.404,0.467
303,tx_0dB,0.0,,recalibrated,bpsk,-8,0.179,0.157,0.203
303,tx_0dB,0.0,,recalibrated,qpsk,-8,0.053,0.039,0.06702499999999986
303,tx_0dB,0.0,,recalibrated,16qam,-8,0.416,0.385,0.447
303,tx_0dB,0.0,,recalibrated,32qam,-8,0.435,0.404,0.467
303,tx_0dB,0.0,,frozen,bpsk,-6,0.038,0.027,0.051
303,tx_0dB,0.0,,frozen,qpsk,-6,0.01,0.004,0.016024999999999862
303,tx_0dB,0.0,,frozen,16qam,-6,0.241,0.215,0.2670249999999999
303,tx_0dB,0.0,,frozen,32qam,-6,0.262,0.233,0.292
303,tx_0dB,0.0,,recalibrated,bpsk,-6,0.038,0.027,0.051
303,tx_0dB,0.0,,recalibrated,qpsk,-6,0.01,0.004,0.016024999999999862
303,tx_0dB,0.0,,recalibrated,16qam,-6,0.241,0.215,0.2670249999999999
303,tx_0dB,0.0,,recalibrated,32qam,-6,0.262,0.233,0.292
303,tx_0dB,0.0,,frozen,bpsk,-4,0.011,0.005,0.018
303,tx_0dB,0.0,,frozen,qpsk,-4,0.0,0.0,0.0
303,tx_0dB,0.0,,frozen,16qam,-4,0.074,0.058,0.09
303,tx_0dB,0.0,,frozen,32qam,-4,0.091,0.073,0.109
303,tx_0dB,0.0,,recalibrated,bpsk,-4,0.011,0.005,0.018
303,tx_0dB,0.0,,recalibrated,qpsk,-4,0.0,0.0,0.0
303,tx_0dB,0.0,,recalibrated,16qam,-4,0.074,0.058,0.09
303,tx_0dB,0.0,,recalibrated,32qam,-4,0.091,0.073,0.109
303,tx_0dB,0.0,,frozen,bpsk,-2,0.001,0.0,0.003
303,tx_0dB,0.0,,frozen,qpsk,-2,0.0,0.0,0.0
303,tx_0dB,0.0,,frozen,16qam,-2,0.02,0.012,0.029
303,tx_0dB,0.0,,frozen,32qam,-2,0.017,0.01,0.026
303,tx_0dB,0.0,,recalibrated,bpsk,-2,0.001,0.0,0.003
303,tx_0dB,0.0,,recalibrated,qpsk,-2,0.0,0.0,0.0
303,tx_0dB,0.0,,recalibrated,16qam,-2,0.02,0.012,0.029
303,tx_0dB,0.0,,recalibrated,32qam,-2,0.017,0.01,0.026
303,tx_0dB,0.0,,frozen,bpsk,0,0.0,0.0,0.0
303,tx_0dB,0.0,,frozen,qpsk,0,0.0,0.0,0.0
303,tx_0dB,0.0,,frozen,16qam,0,0.001,0.0,0.003
303,tx_0dB,0.0,,frozen,32qam,0,0.003,0.0,0.007
303,tx_0dB,0.0,,recalibrated,bpsk,0,0.0,0.0,0.0
303,tx_0dB,0.0,,recalibrated,qpsk,0,0.0,0.0,0.0
303,tx_0dB,0.0,,recalibrated,16qam,0,0.001,0.0,0.003
303,tx_0dB,0.0,,recalibrated,32qam,0,0.003,0.0,0.007
303,tx_0dB,0.0,,frozen,bpsk,2,0.001,0.0,0.003
303,tx_0dB,0.0,,frozen,qpsk,2,0.0,0.0,0.0
303,tx_0dB,0.0,,frozen,16qam,2,0.0,0.0,0.0
303,tx_0dB,0.0,,frozen,32qam,2,0.0,0.0,0.0
303,tx_0dB,0.0,,recalibrated,bpsk,2,0.001,0.0,0.003
303,tx_0dB,0.0,,recalibrated,qpsk,2,0.0,0.0,0.0
303,tx_0dB,0.0,,recalibrated,16qam,2,0.0,0.0,0.0
303,tx_0dB,0.0,,recalibrated,32qam,2,0.0,0.0,0.0
303,tx_0dB,0.0,,frozen,bpsk,4,0.0,0.0,0.0
303,tx_0dB,0.0,,frozen,qpsk,4,0.0,0.0,0.0
303,tx_0dB,0.0,,frozen,16qam,4,0.001,0.0,0.003
303,tx_0dB,0.0,,frozen,32qam,4,0.0,0.0,0.0
303,tx_0dB,0.0,,recalibrated,bpsk,4,0.0,0.0,0.0
303,tx_0dB,0.0,,recalibrated,qpsk,4,0.0,0.0,0.0
303,tx_0dB,0.0,,recalibrated,16qam,4,0.001,0.0,0.003
303,tx_0dB,0.0,,recalibrated,32qam,4,0.0,0.0,0.0
303,tx_0dB,0.0,,frozen,bpsk,6,0.0,0.0,0.0
303,tx_0dB,0.0,,frozen,qpsk,6,0.0,0.0,0.0
303,tx_0dB,0.0,,frozen,16qam,6,0.0,0.0,0.0
303,tx_0dB,0.0,,frozen,32qam,6,0.0,0.0,0.0
303,tx_0dB,0.0,,recalibrated,bpsk,6,0.0,0.0,0.0
303,tx_0dB,0.0,,recalibrated,qpsk,6,0.0,0.0,0.0
303,tx_0dB,0.0,,recalibrated,16qam,6,0.0,0.0,0.0
303,tx_0dB,0.0,,recalibrated,32qam,6,0.0,0.0,0.0
303,tx_0dB,0.0,,frozen,bpsk,8,0.0,0.0,0.0
303,tx_0dB,0.0,,frozen,qpsk,8,0.0,0.0,0.0
303,tx_0dB,0.0,,frozen,16qam,8,0.0,0.0,0.0
303,tx_0dB,0.0,,frozen,32qam,8,0.001,0.0,0.003
303,tx_0dB,0.0,,recalibrated,bpsk,8,0.0,0.0,0.0
303,tx_0dB,0.0,,recalibrated,qpsk,8,0.0,0.0,0.0
303,tx_0dB,0.0,,recalibrated,16qam,8,0.0,0.0,0.0
303,tx_0dB,0.0,,recalibrated,32qam,8,0.001,0.0,0.003
303,tx_0dB,0.0,,frozen,bpsk,10,0.0,0.0,0.0
303,tx_0dB,0.0,,frozen,qpsk,10,0.0,0.0,0.0
303,tx_0dB,0.0,,frozen,16qam,10,0.0,0.0,0.0
303,tx_0dB,0.0,,frozen,32qam,10,0.0,0.0,0.0
303,tx_0dB,0.0,,recalibrated,bpsk,10,0.0,0.0,0.0
303,tx_0dB,0.0,,recalibrated,qpsk,10,0.0,0.0,0.0
303,tx_0dB,0.0,,recalibrated,16qam,10,0.0,0.0,0.0
303,tx_0dB,0.0,,recalibrated,32qam,10,0.0,0.0,0.0
303,rx_12dB,,12.0,frozen,bpsk,-10,0.339,0.309,0.368
303,rx_12dB,,12.0,frozen,qpsk,-10,0.166,0.138,0.194
303,rx_12dB,,12.0,frozen,16qam,-10,0.458,0.426,0.491
303,rx_12dB,,12.0,frozen,32qam,-10,0.432,0.4,0.465
303,rx_12dB,,12.0,recalibrated,bpsk,-10,0.339,0.309,0.368
303,rx_12dB,,12.0,recalibrated,qpsk,-10,0.165,0.137,0.193
303,rx_12dB,,12.0,recalibrated,16qam,-10,0.455,0.423,0.488
303,rx_12dB,,12.0,recalibrated,32qam,-10,0.426,0.394,0.458
303,rx_12dB,,12.0,frozen,bpsk,-8,0.145,0.123,0.167
303,rx_12dB,,12.0,frozen,qpsk,-8,0.05,0.037,0.064
303,rx_12dB,,12.0,frozen,16qam,-8,0.409,0.379,0.4390249999999999
303,rx_12dB,,12.0,frozen,32qam,-8,0.416,0.384,0.448
303,rx_12dB,,12.0,recalibrated,bpsk,-8,0.144,0.122,0.166
303,rx_12dB,,12.0,recalibrated,qpsk,-8,0.05,0.037,0.064
303,rx_12dB,,12.0,recalibrated,16qam,-8,0.407,0.377,0.438
303,rx_12dB,,12.0,recalibrated,32qam,-8,0.413,0.381,0.445
303,rx_12dB,,12.0,frozen,bpsk,-6,0.023,0.014,0.033
303,rx_12dB,,12.0,frozen,qpsk,-6,0.008,0.003,0.014
303,rx_12dB,,12.0,frozen,16qam,-6,0.223,0.198,0.249
303,rx_12dB,,12.0,frozen,32qam,-6,0.247,0.218975,0.276
303,rx_12dB,,12.0,recalibrated,bpsk,-6,0.023,0.014,0.033
303,rx_12dB,,12.0,recalibrated,qpsk,-6,0.008,0.003,0.014
303,rx_12dB,,12.0,recalibrated,16qam,-6,0.223,0.198,0.249
303,rx_12dB,,12.0,recalibrated,32qam,-6,0.246,0.218,0.275
303,rx_12dB,,12.0,frozen,bpsk,-4,0.005,0.001,0.01
303,rx_12dB,,12.0,frozen,qpsk,-4,0.0,0.0,0.0
303,rx_12dB,,12.0,frozen,16qam,-4,0.068,0.053,0.083
303,rx_12dB,,12.0,frozen,32qam,-4,0.091,0.073,0.109
303,rx_12dB,,12.0,recalibrated,bpsk,-4,0.005,0.001,0.01
303,rx_12dB,,12.0,recalibrated,qpsk,-4,0.0,0.0,0.0
303,rx_12dB,,12.0,recalibrated,16qam,-4,0.068,0.053,0.083
303,rx_12dB,,12.0,recalibrated,32qam,-4,0.09,0.072,0.108
303,rx_12dB,,12.0,frozen,bpsk,-2,0.0,0.0,0.0
303,rx_12dB,,12.0,frozen,qpsk,-2,0.0,0.0,0.0
303,rx_12dB,,12.0,frozen,16qam,-2,0.019,0.011,0.028
303,rx_12dB,,12.0,frozen,32qam,-2,0.015,0.008,0.023
303,rx_12dB,,12.0,recalibrated,bpsk,-2,0.0,0.0,0.0
303,rx_12dB,,12.0,recalibrated,qpsk,-2,0.0,0.0,0.0
303,rx_12dB,,12.0,recalibrated,16qam,-2,0.019,0.011,0.028
303,rx_12dB,,12.0,recalibrated,32qam,-2,0.015,0.008,0.023
303,rx_12dB,,12.0,frozen,bpsk,0,0.0,0.0,0.0
303,rx_12dB,,12.0,frozen,qpsk,0,0.0,0.0,0.0
303,rx_12dB,,12.0,frozen,16qam,0,0.002,0.0,0.005
303,rx_12dB,,12.0,frozen,32qam,0,0.001,0.0,0.003
303,rx_12dB,,12.0,recalibrated,bpsk,0,0.0,0.0,0.0
303,rx_12dB,,12.0,recalibrated,qpsk,0,0.0,0.0,0.0
303,rx_12dB,,12.0,recalibrated,16qam,0,0.002,0.0,0.005
303,rx_12dB,,12.0,recalibrated,32qam,0,0.001,0.0,0.003
303,rx_12dB,,12.0,frozen,bpsk,2,0.0,0.0,0.0
303,rx_12dB,,12.0,frozen,qpsk,2,0.0,0.0,0.0
303,rx_12dB,,12.0,frozen,16qam,2,0.001,0.0,0.003
303,rx_12dB,,12.0,frozen,32qam,2,0.0,0.0,0.0
303,rx_12dB,,12.0,recalibrated,bpsk,2,0.0,0.0,0.0
303,rx_12dB,,12.0,recalibrated,qpsk,2,0.0,0.0,0.0
303,rx_12dB,,12.0,recalibrated,16qam,2,0.001,0.0,0.003
303,rx_12dB,,12.0,recalibrated,32qam,2,0.0,0.0,0.0
303,rx_12dB,,12.0,frozen,bpsk,4,0.0,0.0,0.0
303,rx_12dB,,12.0,frozen,qpsk,4,0.0,0.0,0.0
303,rx_12dB,,12.0,frozen,16qam,4,0.0,0.0,0.0
303,rx_12dB,,12.0,frozen,32qam,4,0.0,0.0,0.0
303,rx_12dB,,12.0,recalibrated,bpsk,4,0.0,0.0,0.0
303,rx_12dB,,12.0,recalibrated,qpsk,4,0.0,0.0,0.0
303,rx_12dB,,12.0,recalibrated,16qam,4,0.0,0.0,0.0
303,rx_12dB,,12.0,recalibrated,32qam,4,0.0,0.0,0.0
303,rx_12dB,,12.0,frozen,bpsk,6,0.0,0.0,0.0
303,rx_12dB,,12.0,frozen,qpsk,6,0.0,0.0,0.0
303,rx_12dB,,12.0,frozen,16qam,6,0.0,0.0,0.0
303,rx_12dB,,12.0,frozen,32qam,6,0.0,0.0,0.0
303,rx_12dB,,12.0,recalibrated,bpsk,6,0.0,0.0,0.0
303,rx_12dB,,12.0,recalibrated,qpsk,6,0.0,0.0,0.0
303,rx_12dB,,12.0,recalibrated,16qam,6,0.0,0.0,0.0
303,rx_12dB,,12.0,recalibrated,32qam,6,0.0,0.0,0.0
303,rx_12dB,,12.0,frozen,bpsk,8,0.0,0.0,0.0
303,rx_12dB,,12.0,frozen,qpsk,8,0.0,0.0,0.0
303,rx_12dB,,12.0,frozen,16qam,8,0.0,0.0,0.0
303,rx_12dB,,12.0,frozen,32qam,8,0.001,0.0,0.003
303,rx_12dB,,12.0,recalibrated,bpsk,8,0.0,0.0,0.0
303,rx_12dB,,12.0,recalibrated,qpsk,8,0.0,0.0,0.0
303,rx_12dB,,12.0,recalibrated,16qam,8,0.0,0.0,0.0
303,rx_12dB,,12.0,recalibrated,32qam,8,0.001,0.0,0.003
303,rx_12dB,,12.0,frozen,bpsk,10,0.0,0.0,0.0
303,rx_12dB,,12.0,frozen,qpsk,10,0.0,0.0,0.0
303,rx_12dB,,12.0,frozen,16qam,10,0.0,0.0,0.0
303,rx_12dB,,12.0,frozen,32qam,10,0.0,0.0,0.0
303,rx_12dB,,12.0,recalibrated,bpsk,10,0.0,0.0,0.0
303,rx_12dB,,12.0,recalibrated,qpsk,10,0.0,0.0,0.0
303,rx_12dB,,12.0,recalibrated,16qam,10,0.0,0.0,0.0
303,rx_12dB,,12.0,recalibrated,32qam,10,0.0,0.0,0.0
303,rx_6dB,,6.0,frozen,bpsk,-10,0.34,0.31,0.369
303,rx_6dB,,6.0,frozen,qpsk,-10,0.161,0.133,0.188
303,rx_6dB,,6.0,frozen,16qam,-10,0.454,0.422975,0.487
303,rx_6dB,,6.0,frozen,32qam,-10,0.437,0.40497500000000003,0.47
303,rx_6dB,,6.0,recalibrated,bpsk,-10,0.335,0.305,0.364
303,rx_6dB,,6.0,recalibrated,qpsk,-10,0.158,0.131,0.186
303,rx_6dB,,6.0,recalibrated,16qam,-10,0.454,0.422,0.488
303,rx_6dB,,6.0,recalibrated,32qam,-10,0.437,0.403,0.47
303,rx_6dB,,6.0,frozen,bpsk,-8,0.145,0.123,0.167
303,rx_6dB,,6.0,frozen,qpsk,-8,0.049,0.035,0.063
303,rx_6dB,,6.0,frozen,16qam,-8,0.407,0.376975,0.437
303,rx_6dB,,6.0,frozen,32qam,-8,0.42,0.389,0.452
303,rx_6dB,,6.0,recalibrated,bpsk,-8,0.144,0.122,0.166
303,rx_6dB,,6.0,recalibrated,qpsk,-8,0.047,0.034,0.061
303,rx_6dB,,6.0,recalibrated,16qam,-8,0.4,0.369,0.431
303,rx_6dB,,6.0,recalibrated,32qam,-8,0.421,0.39,0.453
303,rx_6dB,,6.0,frozen,bpsk,-6,0.022,0.013,0.032
303,rx_6dB,,6.0,frozen,qpsk,-6,0.007,0.002,0.013
303,rx_6dB,,6.0,frozen,16qam,-6,0.234,0.208,0.261
303,rx_6dB,,6.0,frozen,32qam,-6,0.243,0.214975,0.272
303,rx_6dB,,6.0,recalibrated,bpsk,-6,0.022,0.013,0.032
303,rx_6dB,,6.0,recalibrated,qpsk,-6,0.007,0.002,0.013
303,rx_6dB,,6.0,recalibrated,16qam,-6,0.227,0.202,0.253
303,rx_6dB,,6.0,recalibrated,32qam,-6,0.243,0.214975,0.272
303,rx_6dB,,6.0,frozen,bpsk,-4,0.005,0.001,0.01
303,rx_6dB,,6.0,frozen,qpsk,-4,0.0,0.0,0.0
303,rx_6dB,,6.0,frozen,16qam,-4,0.07,0.055,0.086
303,rx_6dB,,6.0,frozen,32qam,-4,0.085,0.06797500000000001,0.10202499999999985
303,rx_6dB,,6.0,recalibrated,bpsk,-4,0.005,0.001,0.01
303,rx_6dB,,6.0,recalibrated,qpsk,-4,0.0,0.0,0.0
303,rx_6dB,,6.0,recalibrated,16qam,-4,0.07,0.055,0.086
303,rx_6dB,,6.0,recalibrated,32qam,-4,0.084,0.067,0.102
303,rx_6dB,,6.0,frozen,bpsk,-2,0.0,0.0,0.0
303,rx_6dB,,6.0,frozen,qpsk,-2,0.0,0.0,0.0
303,rx_6dB,,6.0,frozen,16qam,-2,0.018,0.01,0.027
303,rx_6dB,,6.0,frozen,32qam,-2,0.016,0.009,0.024024999999999862
303,rx_6dB,,6.0,recalibrated,bpsk,-2,0.0,0.0,0.0
303,rx_6dB,,6.0,recalibrated,qpsk,-2,0.0,0.0,0.0
303,rx_6dB,,6.0,recalibrated,16qam,-2,0.018,0.01,0.027
303,rx_6dB,,6.0,recalibrated,32qam,-2,0.016,0.009,0.024024999999999862
303,rx_6dB,,6.0,frozen,bpsk,0,0.0,0.0,0.0
303,rx_6dB,,6.0,frozen,qpsk,0,0.0,0.0,0.0
303,rx_6dB,,6.0,frozen,16qam,0,0.002,0.0,0.005
303,rx_6dB,,6.0,frozen,32qam,0,0.001,0.0,0.003
303,rx_6dB,,6.0,recalibrated,bpsk,0,0.0,0.0,0.0
303,rx_6dB,,6.0,recalibrated,qpsk,0,0.0,0.0,0.0
303,rx_6dB,,6.0,recalibrated,16qam,0,0.002,0.0,0.005
303,rx_6dB,,6.0,recalibrated,32qam,0,0.001,0.0,0.003
303,rx_6dB,,6.0,frozen,bpsk,2,0.0,0.0,0.0
303,rx_6dB,,6.0,frozen,qpsk,2,0.0,0.0,0.0
303,rx_6dB,,6.0,frozen,16qam,2,0.001,0.0,0.003
303,rx_6dB,,6.0,frozen,32qam,2,0.0,0.0,0.0
303,rx_6dB,,6.0,recalibrated,bpsk,2,0.0,0.0,0.0
303,rx_6dB,,6.0,recalibrated,qpsk,2,0.0,0.0,0.0
303,rx_6dB,,6.0,recalibrated,16qam,2,0.001,0.0,0.003
303,rx_6dB,,6.0,recalibrated,32qam,2,0.0,0.0,0.0
303,rx_6dB,,6.0,frozen,bpsk,4,0.0,0.0,0.0
303,rx_6dB,,6.0,frozen,qpsk,4,0.0,0.0,0.0
303,rx_6dB,,6.0,frozen,16qam,4,0.001,0.0,0.003
303,rx_6dB,,6.0,frozen,32qam,4,0.0,0.0,0.0
303,rx_6dB,,6.0,recalibrated,bpsk,4,0.0,0.0,0.0
303,rx_6dB,,6.0,recalibrated,qpsk,4,0.0,0.0,0.0
303,rx_6dB,,6.0,recalibrated,16qam,4,0.001,0.0,0.003
303,rx_6dB,,6.0,recalibrated,32qam,4,0.0,0.0,0.0
303,rx_6dB,,6.0,frozen,bpsk,6,0.0,0.0,0.0
303,rx_6dB,,6.0,frozen,qpsk,6,0.0,0.0,0.0
303,rx_6dB,,6.0,frozen,16qam,6,0.0,0.0,0.0
303,rx_6dB,,6.0,frozen,32qam,6,0.0,0.0,0.0
303,rx_6dB,,6.0,recalibrated,bpsk,6,0.0,0.0,0.0
303,rx_6dB,,6.0,recalibrated,qpsk,6,0.0,0.0,0.0
303,rx_6dB,,6.0,recalibrated,16qam,6,0.0,0.0,0.0
303,rx_6dB,,6.0,recalibrated,32qam,6,0.0,0.0,0.0
303,rx_6dB,,6.0,frozen,bpsk,8,0.0,0.0,0.0
303,rx_6dB,,6.0,frozen,qpsk,8,0.0,0.0,0.0
303,rx_6dB,,6.0,frozen,16qam,8,0.0,0.0,0.0
303,rx_6dB,,6.0,frozen,32qam,8,0.001,0.0,0.003
303,rx_6dB,,6.0,recalibrated,bpsk,8,0.0,0.0,0.0
303,rx_6dB,,6.0,recalibrated,qpsk,8,0.0,0.0,0.0
303,rx_6dB,,6.0,recalibrated,16qam,8,0.0,0.0,0.0
303,rx_6dB,,6.0,recalibrated,32qam,8,0.001,0.0,0.003
303,rx_6dB,,6.0,frozen,bpsk,10,0.0,0.0,0.0
303,rx_6dB,,6.0,frozen,qpsk,10,0.0,0.0,0.0
303,rx_6dB,,6.0,frozen,16qam,10,0.0,0.0,0.0
303,rx_6dB,,6.0,frozen,32qam,10,0.0,0.0,0.0
303,rx_6dB,,6.0,recalibrated,bpsk,10,0.0,0.0,0.0
303,rx_6dB,,6.0,recalibrated,qpsk,10,0.0,0.0,0.0
303,rx_6dB,,6.0,recalibrated,16qam,10,0.0,0.0,0.0
303,rx_6dB,,6.0,recalibrated,32qam,10,0.0,0.0,0.0
303,rx_0dB,,0.0,frozen,bpsk,-10,0.349,0.318975,0.379
303,rx_0dB,,0.0,frozen,qpsk,-10,0.17,0.141,0.199
303,rx_0dB,,0.0,frozen,16qam,-10,0.446,0.414975,0.47902499999999987
303,rx_0dB,,0.0,frozen,32qam,-10,0.419,0.387,0.452
303,rx_0dB,,0.0,recalibrated,bpsk,-10,0.346,0.315975,0.376
303,rx_0dB,,0.0,recalibrated,qpsk,-10,0.169,0.14,0.198
303,rx_0dB,,0.0,recalibrated,16qam,-10,0.446,0.415,0.479
303,rx_0dB,,0.0,recalibrated,32qam,-10,0.418,0.386,0.45
303,rx_0dB,,0.0,frozen,bpsk,-8,0.154,0.132,0.177
303,rx_0dB,,0.0,frozen,qpsk,-8,0.061,0.046,0.077
303,rx_0dB,,0.0,frozen,16qam,-8,0.417,0.387,0.448
303,rx_0dB,,0.0,frozen,32qam,-8,0.442,0.411,0.474
303,rx_0dB,,0.0,recalibrated,bpsk,-8,0.149,0.127,0.171
303,rx_0dB,,0.0,recalibrated,qpsk,-8,0.059,0.044,0.075
303,rx_0dB,,0.0,recalibrated,16qam,-8,0.41,0.38,0.44
303,rx_0dB,,0.0,recalibrated,32qam,-8,0.437,0.406,0.468
303,rx_0dB,,0.0,frozen,bpsk,-6,0.025,0.016,0.036
303,rx_0dB,,0.0,frozen,qpsk,-6,0.009,0.004,0.015
303,rx_0dB,,0.0,frozen,16qam,-6,0.256,0.229,0.28402499999999986
303,rx_0dB,,0.0,frozen,32qam,-6,0.269,0.24,0.299
303,rx_0dB,,0.0,recalibrated,bpsk,-6,0.025,0.016,0.036
303,rx_0dB,,0.0,recalibrated,qpsk,-6,0.008,0.003,0.014
303,rx_0dB,,0.0,recalibrated,16qam,-6,0.251,0.224,0.278
303,rx_0dB,,0.0,recalibrated,32qam,-6,0.263,0.234,0.293
303,rx_0dB,,0.0,frozen,bpsk,-4,0.008,0.003,0.014
303,rx_0dB,,0.0,frozen,qpsk,-4,0.0,0.0,0.0
303,rx_0dB,,0.0,frozen,16qam,-4,0.081,0.064,0.097
303,rx_0dB,,0.0,frozen,32qam,-4,0.104,0.085,0.12302499999999986
303,rx_0dB,,0.0,recalibrated,bpsk,-4,0.008,0.003,0.014
303,rx_0dB,,0.0,recalibrated,qpsk,-4,0.0,0.0,0.0
303,rx_0dB,,0.0,recalibrated,16qam,-4,0.079,0.062,0.095
303,rx_0dB,,0.0,recalibrated,32qam,-4,0.1,0.081,0.119
303,rx_0dB,,0.0,frozen,bpsk,-2,0.0,0.0,0.0
303,rx_0dB,,0.0,frozen,qpsk,-2,0.0,0.0,0.0
303,rx_0dB,,0.0,frozen,16qam,-2,0.021,0.013,0.03
303,rx_0dB,,0.0,frozen,32qam,-2,0.022,0.014,0.032
303,rx_0dB,,0.0,recalibrated,bpsk,-2,0.0,0.0,0.0
303,rx_0dB,,0.0,recalibrated,qpsk,-2,0.0,0.0,0.0
303,rx_0dB,,0.0,recalibrated,16qam,-2,0.019,0.011,0.028
303,rx_0dB,,0.0,recalibrated,32qam,-2,0.021,0.013,0.031
303,rx_0dB,,0.0,frozen,bpsk,0,0.0,0.0,0.0
303,rx_0dB,,0.0,frozen,qpsk,0,0.0,0.0,0.0
303,rx_0dB,,0.0,frozen,16qam,0,0.003,0.0,0.007
303,rx_0dB,,0.0,frozen,32qam,0,0.001,0.0,0.003
303,rx_0dB,,0.0,recalibrated,bpsk,0,0.0,0.0,0.0
303,rx_0dB,,0.0,recalibrated,qpsk,0,0.0,0.0,0.0
303,rx_0dB,,0.0,recalibrated,16qam,0,0.003,0.0,0.007
303,rx_0dB,,0.0,recalibrated,32qam,0,0.001,0.0,0.003
303,rx_0dB,,0.0,frozen,bpsk,2,0.0,0.0,0.0
303,rx_0dB,,0.0,frozen,qpsk,2,0.0,0.0,0.0
303,rx_0dB,,0.0,frozen,16qam,2,0.001,0.0,0.003
303,rx_0dB,,0.0,frozen,32qam,2,0.0,0.0,0.0
303,rx_0dB,,0.0,recalibrated,bpsk,2,0.0,0.0,0.0
303,rx_0dB,,0.0,recalibrated,qpsk,2,0.0,0.0,0.0
303,rx_0dB,,0.0,recalibrated,16qam,2,0.001,0.0,0.003
303,rx_0dB,,0.0,recalibrated,32qam,2,0.0,0.0,0.0
303,rx_0dB,,0.0,frozen,bpsk,4,0.0,0.0,0.0
303,rx_0dB,,0.0,frozen,qpsk,4,0.0,0.0,0.0
303,rx_0dB,,0.0,frozen,16qam,4,0.001,0.0,0.003
303,rx_0dB,,0.0,frozen,32qam,4,0.0,0.0,0.0
303,rx_0dB,,0.0,recalibrated,bpsk,4,0.0,0.0,0.0
303,rx_0dB,,0.0,recalibrated,qpsk,4,0.0,0.0,0.0
303,rx_0dB,,0.0,recalibrated,16qam,4,0.001,0.0,0.003
303,rx_0dB,,0.0,recalibrated,32qam,4,0.0,0.0,0.0
303,rx_0dB,,0.0,frozen,bpsk,6,0.0,0.0,0.0
303,rx_0dB,,0.0,frozen,qpsk,6,0.0,0.0,0.0
303,rx_0dB,,0.0,frozen,16qam,6,0.001,0.0,0.003
303,rx_0dB,,0.0,frozen,32qam,6,0.0,0.0,0.0
303,rx_0dB,,0.0,recalibrated,bpsk,6,0.0,0.0,0.0
303,rx_0dB,,0.0,recalibrated,qpsk,6,0.0,0.0,0.0
303,rx_0dB,,0.0,recalibrated,16qam,6,0.001,0.0,0.003
303,rx_0dB,,0.0,recalibrated,32qam,6,0.0,0.0,0.0
303,rx_0dB,,0.0,frozen,bpsk,8,0.0,0.0,0.0
303,rx_0dB,,0.0,frozen,qpsk,8,0.0,0.0,0.0
303,rx_0dB,,0.0,frozen,16qam,8,0.0,0.0,0.0
303,rx_0dB,,0.0,frozen,32qam,8,0.001,0.0,0.003
303,rx_0dB,,0.0,recalibrated,bpsk,8,0.0,0.0,0.0
303,rx_0dB,,0.0,recalibrated,qpsk,8,0.0,0.0,0.0
303,rx_0dB,,0.0,recalibrated,16qam,8,0.0,0.0,0.0
303,rx_0dB,,0.0,recalibrated,32qam,8,0.001,0.0,0.003
303,rx_0dB,,0.0,frozen,bpsk,10,0.0,0.0,0.0
303,rx_0dB,,0.0,frozen,qpsk,10,0.0,0.0,0.0
303,rx_0dB,,0.0,frozen,16qam,10,0.0,0.0,0.0
303,rx_0dB,,0.0,frozen,32qam,10,0.0,0.0,0.0
303,rx_0dB,,0.0,recalibrated,bpsk,10,0.0,0.0,0.0
303,rx_0dB,,0.0,recalibrated,qpsk,10,0.0,0.0,0.0
303,rx_0dB,,0.0,recalibrated,16qam,10,0.0,0.0,0.0
303,rx_0dB,,0.0,recalibrated,32qam,10,0.0,0.0,0.0
303,tx_9_rx_12dB,9.0,12.0,frozen,bpsk,-10,0.339,0.309,0.368
303,tx_9_rx_12dB,9.0,12.0,frozen,qpsk,-10,0.167,0.139,0.195
303,tx_9_rx_12dB,9.0,12.0,frozen,16qam,-10,0.459,0.427,0.492
303,tx_9_rx_12dB,9.0,12.0,frozen,32qam,-10,0.433,0.399,0.466
303,tx_9_rx_12dB,9.0,12.0,recalibrated,bpsk,-10,0.339,0.309,0.368
303,tx_9_rx_12dB,9.0,12.0,recalibrated,qpsk,-10,0.165,0.137,0.193
303,tx_9_rx_12dB,9.0,12.0,recalibrated,16qam,-10,0.456,0.424,0.49
303,tx_9_rx_12dB,9.0,12.0,recalibrated,32qam,-10,0.425,0.392,0.457
303,tx_9_rx_12dB,9.0,12.0,frozen,bpsk,-8,0.145,0.123,0.167
303,tx_9_rx_12dB,9.0,12.0,frozen,qpsk,-8,0.05,0.037,0.064
303,tx_9_rx_12dB,9.0,12.0,frozen,16qam,-8,0.407,0.377,0.438
303,tx_9_rx_12dB,9.0,12.0,frozen,32qam,-8,0.418,0.386,0.45
303,tx_9_rx_12dB,9.0,12.0,recalibrated,bpsk,-8,0.144,0.122,0.166
303,tx_9_rx_12dB,9.0,12.0,recalibrated,qpsk,-8,0.05,0.037,0.064
303,tx_9_rx_12dB,9.0,12.0,recalibrated,16qam,-8,0.406,0.376,0.437
303,tx_9_rx_12dB,9.0,12.0,recalibrated,32qam,-8,0.416,0.384,0.448
303,tx_9_rx_12dB,9.0,12.0,frozen,bpsk,-6,0.023,0.014,0.033
303,tx_9_rx_12dB,9.0,12.0,frozen,qpsk,-6,0.008,0.003,0.014
303,tx_9_rx_12dB,9.0,12.0,frozen,16qam,-6,0.226,0.2,0.252
303,tx_9_rx_12dB,9.0,12.0,frozen,32qam,-6,0.247,0.218975,0.276
303,tx_9_rx_12dB,9.0,12.0,recalibrated,bpsk,-6,0.023,0.014,0.033
303,tx_9_rx_12dB,9.0,12.0,recalibrated,qpsk,-6,0.008,0.003,0.014
303,tx_9_rx_12dB,9.0,12.0,recalibrated,16qam,-6,0.222,0.196,0.248
303,tx_9_rx_12dB,9.0,12.0,recalibrated,32qam,-6,0.247,0.218975,0.276
303,tx_9_rx_12dB,9.0,12.0,frozen,bpsk,-4,0.005,0.001,0.01
303,tx_9_rx_12dB,9.0,12.0,frozen,qpsk,-4,0.0,0.0,0.0
303,tx_9_rx_12dB,9.0,12.0,frozen,16qam,-4,0.068,0.053,0.083
303,tx_9_rx_12dB,9.0,12.0,frozen,32qam,-4,0.091,0.073,0.109
303,tx_9_rx_12dB,9.0,12.0,recalibrated,bpsk,-4,0.005,0.001,0.01
303,tx_9_rx_12dB,9.0,12.0,recalibrated,qpsk,-4,0.0,0.0,0.0
303,tx_9_rx_12dB,9.0,12.0,recalibrated,16qam,-4,0.068,0.053,0.083
303,tx_9_rx_12dB,9.0,12.0,recalibrated,32qam,-4,0.091,0.073,0.109
303,tx_9_rx_12dB,9.0,12.0,frozen,bpsk,-2,0.0,0.0,0.0
303,tx_9_rx_12dB,9.0,12.0,frozen,qpsk,-2,0.0,0.0,0.0
303,tx_9_rx_12dB,9.0,12.0,frozen,16qam,-2,0.019,0.011,0.028
303,tx_9_rx_12dB,9.0,12.0,frozen,32qam,-2,0.015,0.008,0.023
303,tx_9_rx_12dB,9.0,12.0,recalibrated,bpsk,-2,0.0,0.0,0.0
303,tx_9_rx_12dB,9.0,12.0,recalibrated,qpsk,-2,0.0,0.0,0.0
303,tx_9_rx_12dB,9.0,12.0,recalibrated,16qam,-2,0.019,0.011,0.028
303,tx_9_rx_12dB,9.0,12.0,recalibrated,32qam,-2,0.015,0.008,0.023
303,tx_9_rx_12dB,9.0,12.0,frozen,bpsk,0,0.0,0.0,0.0
303,tx_9_rx_12dB,9.0,12.0,frozen,qpsk,0,0.0,0.0,0.0
303,tx_9_rx_12dB,9.0,12.0,frozen,16qam,0,0.002,0.0,0.005
303,tx_9_rx_12dB,9.0,12.0,frozen,32qam,0,0.001,0.0,0.003
303,tx_9_rx_12dB,9.0,12.0,recalibrated,bpsk,0,0.0,0.0,0.0
303,tx_9_rx_12dB,9.0,12.0,recalibrated,qpsk,0,0.0,0.0,0.0
303,tx_9_rx_12dB,9.0,12.0,recalibrated,16qam,0,0.002,0.0,0.005
303,tx_9_rx_12dB,9.0,12.0,recalibrated,32qam,0,0.001,0.0,0.003
303,tx_9_rx_12dB,9.0,12.0,frozen,bpsk,2,0.0,0.0,0.0
303,tx_9_rx_12dB,9.0,12.0,frozen,qpsk,2,0.0,0.0,0.0
303,tx_9_rx_12dB,9.0,12.0,frozen,16qam,2,0.001,0.0,0.003
303,tx_9_rx_12dB,9.0,12.0,frozen,32qam,2,0.0,0.0,0.0
303,tx_9_rx_12dB,9.0,12.0,recalibrated,bpsk,2,0.0,0.0,0.0
303,tx_9_rx_12dB,9.0,12.0,recalibrated,qpsk,2,0.0,0.0,0.0
303,tx_9_rx_12dB,9.0,12.0,recalibrated,16qam,2,0.001,0.0,0.003
303,tx_9_rx_12dB,9.0,12.0,recalibrated,32qam,2,0.0,0.0,0.0
303,tx_9_rx_12dB,9.0,12.0,frozen,bpsk,4,0.0,0.0,0.0
303,tx_9_rx_12dB,9.0,12.0,frozen,qpsk,4,0.0,0.0,0.0
303,tx_9_rx_12dB,9.0,12.0,frozen,16qam,4,0.0,0.0,0.0
303,tx_9_rx_12dB,9.0,12.0,frozen,32qam,4,0.0,0.0,0.0
303,tx_9_rx_12dB,9.0,12.0,recalibrated,bpsk,4,0.0,0.0,0.0
303,tx_9_rx_12dB,9.0,12.0,recalibrated,qpsk,4,0.0,0.0,0.0
303,tx_9_rx_12dB,9.0,12.0,recalibrated,16qam,4,0.0,0.0,0.0
303,tx_9_rx_12dB,9.0,12.0,recalibrated,32qam,4,0.0,0.0,0.0
303,tx_9_rx_12dB,9.0,12.0,frozen,bpsk,6,0.0,0.0,0.0
303,tx_9_rx_12dB,9.0,12.0,frozen,qpsk,6,0.0,0.0,0.0
303,tx_9_rx_12dB,9.0,12.0,frozen,16qam,6,0.0,0.0,0.0
303,tx_9_rx_12dB,9.0,12.0,frozen,32qam,6,0.0,0.0,0.0
303,tx_9_rx_12dB,9.0,12.0,recalibrated,bpsk,6,0.0,0.0,0.0
303,tx_9_rx_12dB,9.0,12.0,recalibrated,qpsk,6,0.0,0.0,0.0
303,tx_9_rx_12dB,9.0,12.0,recalibrated,16qam,6,0.0,0.0,0.0
303,tx_9_rx_12dB,9.0,12.0,recalibrated,32qam,6,0.0,0.0,0.0
303,tx_9_rx_12dB,9.0,12.0,frozen,bpsk,8,0.0,0.0,0.0
303,tx_9_rx_12dB,9.0,12.0,frozen,qpsk,8,0.0,0.0,0.0
303,tx_9_rx_12dB,9.0,12.0,frozen,16qam,8,0.0,0.0,0.0
303,tx_9_rx_12dB,9.0,12.0,frozen,32qam,8,0.001,0.0,0.003
303,tx_9_rx_12dB,9.0,12.0,recalibrated,bpsk,8,0.0,0.0,0.0
303,tx_9_rx_12dB,9.0,12.0,recalibrated,qpsk,8,0.0,0.0,0.0
303,tx_9_rx_12dB,9.0,12.0,recalibrated,16qam,8,0.0,0.0,0.0
303,tx_9_rx_12dB,9.0,12.0,recalibrated,32qam,8,0.001,0.0,0.003
303,tx_9_rx_12dB,9.0,12.0,frozen,bpsk,10,0.0,0.0,0.0
303,tx_9_rx_12dB,9.0,12.0,frozen,qpsk,10,0.0,0.0,0.0
303,tx_9_rx_12dB,9.0,12.0,frozen,16qam,10,0.0,0.0,0.0
303,tx_9_rx_12dB,9.0,12.0,frozen,32qam,10,0.0,0.0,0.0
303,tx_9_rx_12dB,9.0,12.0,recalibrated,bpsk,10,0.0,0.0,0.0
303,tx_9_rx_12dB,9.0,12.0,recalibrated,qpsk,10,0.0,0.0,0.0
303,tx_9_rx_12dB,9.0,12.0,recalibrated,16qam,10,0.0,0.0,0.0
303,tx_9_rx_12dB,9.0,12.0,recalibrated,32qam,10,0.0,0.0,0.0
303,tx_9_rx_6dB,9.0,6.0,frozen,bpsk,-10,0.339,0.309,0.368
303,tx_9_rx_6dB,9.0,6.0,frozen,qpsk,-10,0.161,0.133,0.188
303,tx_9_rx_6dB,9.0,6.0,frozen,16qam,-10,0.455,0.424,0.488
303,tx_9_rx_6dB,9.0,6.0,frozen,32qam,-10,0.435,0.401,0.468
303,tx_9_rx_6dB,9.0,6.0,recalibrated,bpsk,-10,0.336,0.306,0.365
303,tx_9_rx_6dB,9.0,6.0,recalibrated,qpsk,-10,0.159,0.132,0.187
303,tx_9_rx_6dB,9.0,6.0,recalibrated,16qam,-10,0.452,0.42,0.4850249999999999
303,tx_9_rx_6dB,9.0,6.0,recalibrated,32qam,-10,0.436,0.402,0.469
303,tx_9_rx_6dB,9.0,6.0,frozen,bpsk,-8,0.146,0.124,0.168
303,tx_9_rx_6dB,9.0,6.0,frozen,qpsk,-8,0.049,0.035,0.063
303,tx_9_rx_6dB,9.0,6.0,frozen,16qam,-8,0.403,0.372,0.4340249999999999
303,tx_9_rx_6dB,9.0,6.0,frozen,32qam,-8,0.422,0.391,0.454
303,tx_9_rx_6dB,9.0,6.0,recalibrated,bpsk,-8,0.145,0.123,0.167
303,tx_9_rx_6dB,9.0,6.0,recalibrated,qpsk,-8,0.047,0.034,0.061
303,tx_9_rx_6dB,9.0,6.0,recalibrated,16qam,-8,0.4,0.369,0.431
303,tx_9_rx_6dB,9.0,6.0,recalibrated,32qam,-8,0.422,0.391,0.454
303,tx_9_rx_6dB,9.0,6.0,frozen,bpsk,-6,0.022,0.013,0.032
303,tx_9_rx_6dB,9.0,6.0,frozen,qpsk,-6,0.007,0.002,0.013
303,tx_9_rx_6dB,9.0,6.0,frozen,16qam,-6,0.235,0.209,0.262
303,tx_9_rx_6dB,9.0,6.0,frozen,32qam,-6,0.243,0.214975,0.272
303,tx_9_rx_6dB,9.0,6.0,recalibrated,bpsk,-6,0.022,0.013,0.032
303,tx_9_rx_6dB,9.0,6.0,recalibrated,qpsk,-6,0.007,0.002,0.013
303,tx_9_rx_6dB,9.0,6.0,recalibrated,16qam,-6,0.23,0.204,0.256
303,tx_9_rx_6dB,9.0,6.0,recalibrated,32qam,-6,0.243,0.214975,0.272
303,tx_9_rx_6dB,9.0,6.0,frozen,bpsk,-4,0.005,0.001,0.01
303,tx_9_rx_6dB,9.0,6.0,frozen,qpsk,-4,0.0,0.0,0.0
303,tx_9_rx_6dB,9.0,6.0,frozen,16qam,-4,0.07,0.055,0.086
303,tx_9_rx_6dB,9.0,6.0,frozen,32qam,-4,0.085,0.06797500000000001,0.10202499999999985
303,tx_9_rx_6dB,9.0,6.0,recalibrated,bpsk,-4,0.005,0.001,0.01
303,tx_9_rx_6dB,9.0,6.0,recalibrated,qpsk,-4,0.0,0.0,0.0
303,tx_9_rx_6dB,9.0,6.0,recalibrated,16qam,-4,0.07,0.055,0.086
303,tx_9_rx_6dB,9.0,6.0,recalibrated,32qam,-4,0.083,0.066,0.1
303,tx_9_rx_6dB,9.0,6.0,frozen,bpsk,-2,0.0,0.0,0.0
303,tx_9_rx_6dB,9.0,6.0,frozen,qpsk,-2,0.0,0.0,0.0
303,tx_9_rx_6dB,9.0,6.0,frozen,16qam,-2,0.018,0.01,0.027
303,tx_9_rx_6dB,9.0,6.0,frozen,32qam,-2,0.015,0.008,0.023
303,tx_9_rx_6dB,9.0,6.0,recalibrated,bpsk,-2,0.0,0.0,0.0
303,tx_9_rx_6dB,9.0,6.0,recalibrated,qpsk,-2,0.0,0.0,0.0
303,tx_9_rx_6dB,9.0,6.0,recalibrated,16qam,-2,0.018,0.01,0.027
303,tx_9_rx_6dB,9.0,6.0,recalibrated,32qam,-2,0.015,0.008,0.023
303,tx_9_rx_6dB,9.0,6.0,frozen,bpsk,0,0.0,0.0,0.0
303,tx_9_rx_6dB,9.0,6.0,frozen,qpsk,0,0.0,0.0,0.0
303,tx_9_rx_6dB,9.0,6.0,frozen,16qam,0,0.002,0.0,0.005
303,tx_9_rx_6dB,9.0,6.0,frozen,32qam,0,0.001,0.0,0.003
303,tx_9_rx_6dB,9.0,6.0,recalibrated,bpsk,0,0.0,0.0,0.0
303,tx_9_rx_6dB,9.0,6.0,recalibrated,qpsk,0,0.0,0.0,0.0
303,tx_9_rx_6dB,9.0,6.0,recalibrated,16qam,0,0.002,0.0,0.005
303,tx_9_rx_6dB,9.0,6.0,recalibrated,32qam,0,0.001,0.0,0.003
303,tx_9_rx_6dB,9.0,6.0,frozen,bpsk,2,0.0,0.0,0.0
303,tx_9_rx_6dB,9.0,6.0,frozen,qpsk,2,0.0,0.0,0.0
303,tx_9_rx_6dB,9.0,6.0,frozen,16qam,2,0.001,0.0,0.003
303,tx_9_rx_6dB,9.0,6.0,frozen,32qam,2,0.0,0.0,0.0
303,tx_9_rx_6dB,9.0,6.0,recalibrated,bpsk,2,0.0,0.0,0.0
303,tx_9_rx_6dB,9.0,6.0,recalibrated,qpsk,2,0.0,0.0,0.0
303,tx_9_rx_6dB,9.0,6.0,recalibrated,16qam,2,0.001,0.0,0.003
303,tx_9_rx_6dB,9.0,6.0,recalibrated,32qam,2,0.0,0.0,0.0
303,tx_9_rx_6dB,9.0,6.0,frozen,bpsk,4,0.0,0.0,0.0
303,tx_9_rx_6dB,9.0,6.0,frozen,qpsk,4,0.0,0.0,0.0
303,tx_9_rx_6dB,9.0,6.0,frozen,16qam,4,0.001,0.0,0.003
303,tx_9_rx_6dB,9.0,6.0,frozen,32qam,4,0.0,0.0,0.0
303,tx_9_rx_6dB,9.0,6.0,recalibrated,bpsk,4,0.0,0.0,0.0
303,tx_9_rx_6dB,9.0,6.0,recalibrated,qpsk,4,0.0,0.0,0.0
303,tx_9_rx_6dB,9.0,6.0,recalibrated,16qam,4,0.001,0.0,0.003
303,tx_9_rx_6dB,9.0,6.0,recalibrated,32qam,4,0.0,0.0,0.0
303,tx_9_rx_6dB,9.0,6.0,frozen,bpsk,6,0.0,0.0,0.0
303,tx_9_rx_6dB,9.0,6.0,frozen,qpsk,6,0.0,0.0,0.0
303,tx_9_rx_6dB,9.0,6.0,frozen,16qam,6,0.0,0.0,0.0
303,tx_9_rx_6dB,9.0,6.0,frozen,32qam,6,0.0,0.0,0.0
303,tx_9_rx_6dB,9.0,6.0,recalibrated,bpsk,6,0.0,0.0,0.0
303,tx_9_rx_6dB,9.0,6.0,recalibrated,qpsk,6,0.0,0.0,0.0
303,tx_9_rx_6dB,9.0,6.0,recalibrated,16qam,6,0.0,0.0,0.0
303,tx_9_rx_6dB,9.0,6.0,recalibrated,32qam,6,0.0,0.0,0.0
303,tx_9_rx_6dB,9.0,6.0,frozen,bpsk,8,0.0,0.0,0.0
303,tx_9_rx_6dB,9.0,6.0,frozen,qpsk,8,0.0,0.0,0.0
303,tx_9_rx_6dB,9.0,6.0,frozen,16qam,8,0.0,0.0,0.0
303,tx_9_rx_6dB,9.0,6.0,frozen,32qam,8,0.001,0.0,0.003
303,tx_9_rx_6dB,9.0,6.0,recalibrated,bpsk,8,0.0,0.0,0.0
303,tx_9_rx_6dB,9.0,6.0,recalibrated,qpsk,8,0.0,0.0,0.0
303,tx_9_rx_6dB,9.0,6.0,recalibrated,16qam,8,0.0,0.0,0.0
303,tx_9_rx_6dB,9.0,6.0,recalibrated,32qam,8,0.001,0.0,0.003
303,tx_9_rx_6dB,9.0,6.0,frozen,bpsk,10,0.0,0.0,0.0
303,tx_9_rx_6dB,9.0,6.0,frozen,qpsk,10,0.0,0.0,0.0
303,tx_9_rx_6dB,9.0,6.0,frozen,16qam,10,0.0,0.0,0.0
303,tx_9_rx_6dB,9.0,6.0,frozen,32qam,10,0.0,0.0,0.0
303,tx_9_rx_6dB,9.0,6.0,recalibrated,bpsk,10,0.0,0.0,0.0
303,tx_9_rx_6dB,9.0,6.0,recalibrated,qpsk,10,0.0,0.0,0.0
303,tx_9_rx_6dB,9.0,6.0,recalibrated,16qam,10,0.0,0.0,0.0
303,tx_9_rx_6dB,9.0,6.0,recalibrated,32qam,10,0.0,0.0,0.0
303,tx_9_rx_0dB,9.0,0.0,frozen,bpsk,-10,0.348,0.317975,0.378
303,tx_9_rx_0dB,9.0,0.0,frozen,qpsk,-10,0.17,0.141,0.199
303,tx_9_rx_0dB,9.0,0.0,frozen,16qam,-10,0.446,0.414975,0.478
303,tx_9_rx_0dB,9.0,0.0,frozen,32qam,-10,0.419,0.387,0.452
303,tx_9_rx_0dB,9.0,0.0,recalibrated,bpsk,-10,0.345,0.315,0.3740249999999999
303,tx_9_rx_0dB,9.0,0.0,recalibrated,qpsk,-10,0.169,0.14,0.198
303,tx_9_rx_0dB,9.0,0.0,recalibrated,16qam,-10,0.446,0.414975,0.478
303,tx_9_rx_0dB,9.0,0.0,recalibrated,32qam,-10,0.418,0.386,0.45
303,tx_9_rx_0dB,9.0,0.0,frozen,bpsk,-8,0.155,0.133,0.178
303,tx_9_rx_0dB,9.0,0.0,frozen,qpsk,-8,0.06,0.045,0.075
303,tx_9_rx_0dB,9.0,0.0,frozen,16qam,-8,0.417,0.387,0.448
303,tx_9_rx_0dB,9.0,0.0,frozen,32qam,-8,0.443,0.412,0.475
303,tx_9_rx_0dB,9.0,0.0,recalibrated,bpsk,-8,0.151,0.129,0.173
303,tx_9_rx_0dB,9.0,0.0,recalibrated,qpsk,-8,0.06,0.045,0.076
303,tx_9_rx_0dB,9.0,0.0,recalibrated,16qam,-8,0.409,0.379,0.4390249999999999
303,tx_9_rx_0dB,9.0,0.0,recalibrated,32qam,-8,0.437,0.406,0.468
303,tx_9_rx_0dB,9.0,0.0,frozen,bpsk,-6,0.025,0.016,0.036
303,tx_9_rx_0dB,9.0,0.0,frozen,qpsk,-6,0.009,0.004,0.015
303,tx_9_rx_0dB,9.0,0.0,frozen,16qam,-6,0.259,0.232,0.287
303,tx_9_rx_0dB,9.0,0.0,frozen,32qam,-6,0.267,0.238,0.297
303,tx_9_rx_0dB,9.0,0.0,recalibrated,bpsk,-6,0.025,0.016,0.036
303,tx_9_rx_0dB,9.0,0.0,recalibrated,qpsk,-6,0.008,0.003,0.014
303,tx_9_rx_0dB,9.0,0.0,recalibrated,16qam,-6,0.252,0.225,0.28
303,tx_9_rx_0dB,9.0,0.0,recalibrated,32qam,-6,0.263,0.234,0.293
303,tx_9_rx_0dB,9.0,0.0,frozen,bpsk,-4,0.008,0.003,0.014
303,tx_9_rx_0dB,9.0,0.0,frozen,qpsk,-4,0.0,0.0,0.0
303,tx_9_rx_0dB,9.0,0.0,frozen,16qam,-4,0.081,0.064,0.097
303,tx_9_rx_0dB,9.0,0.0,frozen,32qam,-4,0.101,0.082,0.12
303,tx_9_rx_0dB,9.0,0.0,recalibrated,bpsk,-4,0.008,0.003,0.014
303,tx_9_rx_0dB,9.0,0.0,recalibrated,qpsk,-4,0.0,0.0,0.0
303,tx_9_rx_0dB,9.0,0.0,recalibrated,16qam,-4,0.078,0.062,0.094
303,tx_9_rx_0dB,9.0,0.0,recalibrated,32qam,-4,0.1,0.081,0.119
303,tx_9_rx_0dB,9.0,0.0,frozen,bpsk,-2,0.0,0.0,0.0
303,tx_9_rx_0dB,9.0,0.0,frozen,qpsk,-2,0.0,0.0,0.0
303,tx_9_rx_0dB,9.0,0.0,frozen,16qam,-2,0.02,0.012,0.029
303,tx_9_rx_0dB,9.0,0.0,frozen,32qam,-2,0.021,0.013,0.031
303,tx_9_rx_0dB,9.0,0.0,recalibrated,bpsk,-2,0.0,0.0,0.0
303,tx_9_rx_0dB,9.0,0.0,recalibrated,qpsk,-2,0.0,0.0,0.0
303,tx_9_rx_0dB,9.0,0.0,recalibrated,16qam,-2,0.019,0.011,0.028
303,tx_9_rx_0dB,9.0,0.0,recalibrated,32qam,-2,0.02,0.012,0.029
303,tx_9_rx_0dB,9.0,0.0,frozen,bpsk,0,0.0,0.0,0.0
303,tx_9_rx_0dB,9.0,0.0,frozen,qpsk,0,0.0,0.0,0.0
303,tx_9_rx_0dB,9.0,0.0,frozen,16qam,0,0.003,0.0,0.007
303,tx_9_rx_0dB,9.0,0.0,frozen,32qam,0,0.001,0.0,0.003
303,tx_9_rx_0dB,9.0,0.0,recalibrated,bpsk,0,0.0,0.0,0.0
303,tx_9_rx_0dB,9.0,0.0,recalibrated,qpsk,0,0.0,0.0,0.0
303,tx_9_rx_0dB,9.0,0.0,recalibrated,16qam,0,0.003,0.0,0.007
303,tx_9_rx_0dB,9.0,0.0,recalibrated,32qam,0,0.001,0.0,0.003
303,tx_9_rx_0dB,9.0,0.0,frozen,bpsk,2,0.0,0.0,0.0
303,tx_9_rx_0dB,9.0,0.0,frozen,qpsk,2,0.0,0.0,0.0
303,tx_9_rx_0dB,9.0,0.0,frozen,16qam,2,0.001,0.0,0.003
303,tx_9_rx_0dB,9.0,0.0,frozen,32qam,2,0.0,0.0,0.0
303,tx_9_rx_0dB,9.0,0.0,recalibrated,bpsk,2,0.0,0.0,0.0
303,tx_9_rx_0dB,9.0,0.0,recalibrated,qpsk,2,0.0,0.0,0.0
303,tx_9_rx_0dB,9.0,0.0,recalibrated,16qam,2,0.001,0.0,0.003
303,tx_9_rx_0dB,9.0,0.0,recalibrated,32qam,2,0.0,0.0,0.0
303,tx_9_rx_0dB,9.0,0.0,frozen,bpsk,4,0.0,0.0,0.0
303,tx_9_rx_0dB,9.0,0.0,frozen,qpsk,4,0.0,0.0,0.0
303,tx_9_rx_0dB,9.0,0.0,frozen,16qam,4,0.001,0.0,0.003
303,tx_9_rx_0dB,9.0,0.0,frozen,32qam,4,0.0,0.0,0.0
303,tx_9_rx_0dB,9.0,0.0,recalibrated,bpsk,4,0.0,0.0,0.0
303,tx_9_rx_0dB,9.0,0.0,recalibrated,qpsk,4,0.0,0.0,0.0
303,tx_9_rx_0dB,9.0,0.0,recalibrated,16qam,4,0.001,0.0,0.003
303,tx_9_rx_0dB,9.0,0.0,recalibrated,32qam,4,0.0,0.0,0.0
303,tx_9_rx_0dB,9.0,0.0,frozen,bpsk,6,0.0,0.0,0.0
303,tx_9_rx_0dB,9.0,0.0,frozen,qpsk,6,0.0,0.0,0.0
303,tx_9_rx_0dB,9.0,0.0,frozen,16qam,6,0.001,0.0,0.003
303,tx_9_rx_0dB,9.0,0.0,frozen,32qam,6,0.0,0.0,0.0
303,tx_9_rx_0dB,9.0,0.0,recalibrated,bpsk,6,0.0,0.0,0.0
303,tx_9_rx_0dB,9.0,0.0,recalibrated,qpsk,6,0.0,0.0,0.0
303,tx_9_rx_0dB,9.0,0.0,recalibrated,16qam,6,0.001,0.0,0.003
303,tx_9_rx_0dB,9.0,0.0,recalibrated,32qam,6,0.0,0.0,0.0
303,tx_9_rx_0dB,9.0,0.0,frozen,bpsk,8,0.0,0.0,0.0
303,tx_9_rx_0dB,9.0,0.0,frozen,qpsk,8,0.0,0.0,0.0
303,tx_9_rx_0dB,9.0,0.0,frozen,16qam,8,0.0,0.0,0.0
303,tx_9_rx_0dB,9.0,0.0,frozen,32qam,8,0.001,0.0,0.003
303,tx_9_rx_0dB,9.0,0.0,recalibrated,bpsk,8,0.0,0.0,0.0
303,tx_9_rx_0dB,9.0,0.0,recalibrated,qpsk,8,0.0,0.0,0.0
303,tx_9_rx_0dB,9.0,0.0,recalibrated,16qam,8,0.0,0.0,0.0
303,tx_9_rx_0dB,9.0,0.0,recalibrated,32qam,8,0.001,0.0,0.003
303,tx_9_rx_0dB,9.0,0.0,frozen,bpsk,10,0.0,0.0,0.0
303,tx_9_rx_0dB,9.0,0.0,frozen,qpsk,10,0.0,0.0,0.0
303,tx_9_rx_0dB,9.0,0.0,frozen,16qam,10,0.0,0.0,0.0
303,tx_9_rx_0dB,9.0,0.0,frozen,32qam,10,0.0,0.0,0.0
303,tx_9_rx_0dB,9.0,0.0,recalibrated,bpsk,10,0.0,0.0,0.0
303,tx_9_rx_0dB,9.0,0.0,recalibrated,qpsk,10,0.0,0.0,0.0
303,tx_9_rx_0dB,9.0,0.0,recalibrated,16qam,10,0.0,0.0,0.0
303,tx_9_rx_0dB,9.0,0.0,recalibrated,32qam,10,0.0,0.0,0.0
303,tx_6_rx_12dB,6.0,12.0,frozen,bpsk,-10,0.339,0.309,0.368
303,tx_6_rx_12dB,6.0,12.0,frozen,qpsk,-10,0.168,0.14,0.196
303,tx_6_rx_12dB,6.0,12.0,frozen,16qam,-10,0.46,0.428,0.493
303,tx_6_rx_12dB,6.0,12.0,frozen,32qam,-10,0.432,0.4,0.465
303,tx_6_rx_12dB,6.0,12.0,recalibrated,bpsk,-10,0.339,0.309,0.368
303,tx_6_rx_12dB,6.0,12.0,recalibrated,qpsk,-10,0.166,0.138,0.194
303,tx_6_rx_12dB,6.0,12.0,recalibrated,16qam,-10,0.458,0.426,0.491
303,tx_6_rx_12dB,6.0,12.0,recalibrated,32qam,-10,0.427,0.395,0.459
303,tx_6_rx_12dB,6.0,12.0,frozen,bpsk,-8,0.146,0.124,0.168
303,tx_6_rx_12dB,6.0,12.0,frozen,qpsk,-8,0.05,0.037,0.064
303,tx_6_rx_12dB,6.0,12.0,frozen,16qam,-8,0.407,0.377,0.438
303,tx_6_rx_12dB,6.0,12.0,frozen,32qam,-8,0.421,0.39,0.452
303,tx_6_rx_12dB,6.0,12.0,recalibrated,bpsk,-8,0.145,0.123,0.167
303,tx_6_rx_12dB,6.0,12.0,recalibrated,qpsk,-8,0.05,0.037,0.064
303,tx_6_rx_12dB,6.0,12.0,recalibrated,16qam,-8,0.407,0.377,0.438
303,tx_6_rx_12dB,6.0,12.0,recalibrated,32qam,-8,0.418,0.386,0.45
303,tx_6_rx_12dB,6.0,12.0,frozen,bpsk,-6,0.023,0.014,0.033
303,tx_6_rx_12dB,6.0,12.0,frozen,qpsk,-6,0.008,0.003,0.014
303,tx_6_rx_12dB,6.0,12.0,frozen,16qam,-6,0.229,0.203,0.255
303,tx_6_rx_12dB,6.0,12.0,frozen,32qam,-6,0.25,0.221,0.279
303,tx_6_rx_12dB,6.0,12.0,recalibrated,bpsk,-6,0.023,0.014,0.033
303,tx_6_rx_12dB,6.0,12.0,recalibrated,qpsk,-6,0.008,0.003,0.014
303,tx_6_rx_12dB,6.0,12.0,recalibrated,16qam,-6,0.227,0.202,0.253
303,tx_6_rx_12dB,6.0,12.0,recalibrated,32qam,-6,0.25,0.221,0.279
303,tx_6_rx_12dB,6.0,12.0,frozen,bpsk,-4,0.005,0.001,0.01
303,tx_6_rx_12dB,6.0,12.0,frozen,qpsk,-4,0.0,0.0,0.0
303,tx_6_rx_12dB,6.0,12.0,frozen,16qam,-4,0.069,0.054,0.085
303,tx_6_rx_12dB,6.0,12.0,frozen,32qam,-4,0.091,0.073,0.109
303,tx_6_rx_12dB,6.0,12.0,recalibrated,bpsk,-4,0.005,0.001,0.01
303,tx_6_rx_12dB,6.0,12.0,recalibrated,qpsk,-4,0.0,0.0,0.0
303,tx_6_rx_12dB,6.0,12.0,recalibrated,16qam,-4,0.069,0.054,0.085
303,tx_6_rx_12dB,6.0,12.0,recalibrated,32qam,-4,0.091,0.073,0.109
303,tx_6_rx_12dB,6.0,12.0,frozen,bpsk,-2,0.0,0.0,0.0
303,tx_6_rx_12dB,6.0,12.0,frozen,qpsk,-2,0.0,0.0,0.0
303,tx_6_rx_12dB,6.0,12.0,frozen,16qam,-2,0.019,0.011,0.028
303,tx_6_rx_12dB,6.0,12.0,frozen,32qam,-2,0.015,0.008,0.023
303,tx_6_rx_12dB,6.0,12.0,recalibrated,bpsk,-2,0.0,0.0,0.0
303,tx_6_rx_12dB,6.0,12.0,recalibrated,qpsk,-2,0.0,0.0,0.0
303,tx_6_rx_12dB,6.0,12.0,recalibrated,16qam,-2,0.019,0.011,0.028
303,tx_6_rx_12dB,6.0,12.0,recalibrated,32qam,-2,0.015,0.008,0.023
303,tx_6_rx_12dB,6.0,12.0,frozen,bpsk,0,0.0,0.0,0.0
303,tx_6_rx_12dB,6.0,12.0,frozen,qpsk,0,0.0,0.0,0.0
303,tx_6_rx_12dB,6.0,12.0,frozen,16qam,0,0.002,0.0,0.005
303,tx_6_rx_12dB,6.0,12.0,frozen,32qam,0,0.001,0.0,0.003
303,tx_6_rx_12dB,6.0,12.0,recalibrated,bpsk,0,0.0,0.0,0.0
303,tx_6_rx_12dB,6.0,12.0,recalibrated,qpsk,0,0.0,0.0,0.0
303,tx_6_rx_12dB,6.0,12.0,recalibrated,16qam,0,0.002,0.0,0.005
303,tx_6_rx_12dB,6.0,12.0,recalibrated,32qam,0,0.001,0.0,0.003
303,tx_6_rx_12dB,6.0,12.0,frozen,bpsk,2,0.001,0.0,0.003
303,tx_6_rx_12dB,6.0,12.0,frozen,qpsk,2,0.0,0.0,0.0
303,tx_6_rx_12dB,6.0,12.0,frozen,16qam,2,0.001,0.0,0.003
303,tx_6_rx_12dB,6.0,12.0,frozen,32qam,2,0.0,0.0,0.0
303,tx_6_rx_12dB,6.0,12.0,recalibrated,bpsk,2,0.001,0.0,0.003
303,tx_6_rx_12dB,6.0,12.0,recalibrated,qpsk,2,0.0,0.0,0.0
303,tx_6_rx_12dB,6.0,12.0,recalibrated,16qam,2,0.001,0.0,0.003
303,tx_6_rx_12dB,6.0,12.0,recalibrated,32qam,2,0.0,0.0,0.0
303,tx_6_rx_12dB,6.0,12.0,frozen,bpsk,4,0.0,0.0,0.0
303,tx_6_rx_12dB,6.0,12.0,frozen,qpsk,4,0.0,0.0,0.0
303,tx_6_rx_12dB,6.0,12.0,frozen,16qam,4,0.0,0.0,0.0
303,tx_6_rx_12dB,6.0,12.0,frozen,32qam,4,0.0,0.0,0.0
303,tx_6_rx_12dB,6.0,12.0,recalibrated,bpsk,4,0.0,0.0,0.0
303,tx_6_rx_12dB,6.0,12.0,recalibrated,qpsk,4,0.0,0.0,0.0
303,tx_6_rx_12dB,6.0,12.0,recalibrated,16qam,4,0.0,0.0,0.0
303,tx_6_rx_12dB,6.0,12.0,recalibrated,32qam,4,0.0,0.0,0.0
303,tx_6_rx_12dB,6.0,12.0,frozen,bpsk,6,0.0,0.0,0.0
303,tx_6_rx_12dB,6.0,12.0,frozen,qpsk,6,0.0,0.0,0.0
303,tx_6_rx_12dB,6.0,12.0,frozen,16qam,6,0.0,0.0,0.0
303,tx_6_rx_12dB,6.0,12.0,frozen,32qam,6,0.0,0.0,0.0
303,tx_6_rx_12dB,6.0,12.0,recalibrated,bpsk,6,0.0,0.0,0.0
303,tx_6_rx_12dB,6.0,12.0,recalibrated,qpsk,6,0.0,0.0,0.0
303,tx_6_rx_12dB,6.0,12.0,recalibrated,16qam,6,0.0,0.0,0.0
303,tx_6_rx_12dB,6.0,12.0,recalibrated,32qam,6,0.0,0.0,0.0
303,tx_6_rx_12dB,6.0,12.0,frozen,bpsk,8,0.0,0.0,0.0
303,tx_6_rx_12dB,6.0,12.0,frozen,qpsk,8,0.0,0.0,0.0
303,tx_6_rx_12dB,6.0,12.0,frozen,16qam,8,0.0,0.0,0.0
303,tx_6_rx_12dB,6.0,12.0,frozen,32qam,8,0.001,0.0,0.003
303,tx_6_rx_12dB,6.0,12.0,recalibrated,bpsk,8,0.0,0.0,0.0
303,tx_6_rx_12dB,6.0,12.0,recalibrated,qpsk,8,0.0,0.0,0.0
303,tx_6_rx_12dB,6.0,12.0,recalibrated,16qam,8,0.0,0.0,0.0
303,tx_6_rx_12dB,6.0,12.0,recalibrated,32qam,8,0.001,0.0,0.003
303,tx_6_rx_12dB,6.0,12.0,frozen,bpsk,10,0.0,0.0,0.0
303,tx_6_rx_12dB,6.0,12.0,frozen,qpsk,10,0.0,0.0,0.0
303,tx_6_rx_12dB,6.0,12.0,frozen,16qam,10,0.0,0.0,0.0
303,tx_6_rx_12dB,6.0,12.0,frozen,32qam,10,0.0,0.0,0.0
303,tx_6_rx_12dB,6.0,12.0,recalibrated,bpsk,10,0.0,0.0,0.0
303,tx_6_rx_12dB,6.0,12.0,recalibrated,qpsk,10,0.0,0.0,0.0
303,tx_6_rx_12dB,6.0,12.0,recalibrated,16qam,10,0.0,0.0,0.0
303,tx_6_rx_12dB,6.0,12.0,recalibrated,32qam,10,0.0,0.0,0.0
303,tx_6_rx_6dB,6.0,6.0,frozen,bpsk,-10,0.337,0.307,0.366
303,tx_6_rx_6dB,6.0,6.0,frozen,qpsk,-10,0.162,0.134,0.189
303,tx_6_rx_6dB,6.0,6.0,frozen,16qam,-10,0.458,0.426,0.491
303,tx_6_rx_6dB,6.0,6.0,frozen,32qam,-10,0.437,0.403,0.47
303,tx_6_rx_6dB,6.0,6.0,recalibrated,bpsk,-10,0.333,0.303,0.3610249999999999
303,tx_6_rx_6dB,6.0,6.0,recalibrated,qpsk,-10,0.161,0.133,0.188
303,tx_6_rx_6dB,6.0,6.0,recalibrated,16qam,-10,0.452,0.421,0.486
303,tx_6_rx_6dB,6.0,6.0,recalibrated,32qam,-10,0.434,0.4,0.467
303,tx_6_rx_6dB,6.0,6.0,frozen,bpsk,-8,0.149,0.127,0.171
303,tx_6_rx_6dB,6.0,6.0,frozen,qpsk,-8,0.049,0.035,0.063
303,tx_6_rx_6dB,6.0,6.0,frozen,16qam,-8,0.402,0.371,0.433
303,tx_6_rx_6dB,6.0,6.0,frozen,32qam,-8,0.426,0.395,0.458
303,tx_6_rx_6dB,6.0,6.0,recalibrated,bpsk,-8,0.147,0.125,0.169
303,tx_6_rx_6dB,6.0,6.0,recalibrated,qpsk,-8,0.047,0.034,0.061
303,tx_6_rx_6dB,6.0,6.0,recalibrated,16qam,-8,0.4,0.369,0.431
303,tx_6_rx_6dB,6.0,6.0,recalibrated,32qam,-8,0.425,0.394,0.457
303,tx_6_rx_6dB,6.0,6.0,frozen,bpsk,-6,0.023,0.014,0.033
303,tx_6_rx_6dB,6.0,6.0,frozen,qpsk,-6,0.007,0.002,0.013
303,tx_6_rx_6dB,6.0,6.0,frozen,16qam,-6,0.236,0.21,0.262
303,tx_6_rx_6dB,6.0,6.0,frozen,32qam,-6,0.247,0.218975,0.276
303,tx_6_rx_6dB,6.0,6.0,recalibrated,bpsk,-6,0.022,0.013,0.032
303,tx_6_rx_6dB,6.0,6.0,recalibrated,qpsk,-6,0.007,0.002,0.013
303,tx_6_rx_6dB,6.0,6.0,recalibrated,16qam,-6,0.232,0.206,0.258
303,tx_6_rx_6dB,6.0,6.0,recalibrated,32qam,-6,0.244,0.216,0.273
303,tx_6_rx_6dB,6.0,6.0,frozen,bpsk,-4,0.005,0.001,0.01
303,tx_6_rx_6dB,6.0,6.0,frozen,qpsk,-4,0.0,0.0,0.0
303,tx_6_rx_6dB,6.0,6.0,frozen,16qam,-4,0.072,0.057,0.088
303,tx_6_rx_6dB,6.0,6.0,frozen,32qam,-4,0.083,0.066,0.1
303,tx_6_rx_6dB,6.0,6.0,recalibrated,bpsk,-4,0.005,0.001,0.01
303,tx_6_rx_6dB,6.0,6.0,recalibrated,qpsk,-4,0.0,0.0,0.0
303,tx_6_rx_6dB,6.0,6.0,recalibrated,16qam,-4,0.07,0.055,0.086
303,tx_6_rx_6dB,6.0,6.0,recalibrated,32qam,-4,0.081,0.064,0.098
303,tx_6_rx_6dB,6.0,6.0,frozen,bpsk,-2,0.0,0.0,0.0
303,tx_6_rx_6dB,6.0,6.0,frozen,qpsk,-2,0.0,0.0,0.0
303,tx_6_rx_6dB,6.0,6.0,frozen,16qam,-2,0.018,0.01,0.027
303,tx_6_rx_6dB,6.0,6.0,frozen,32qam,-2,0.015,0.008,0.023
303,tx_6_rx_6dB,6.0,6.0,recalibrated,bpsk,-2,0.0,0.0,0.0
303,tx_6_rx_6dB,6.0,6.0,recalibrated,qpsk,-2,0.0,0.0,0.0
303,tx_6_rx_6dB,6.0,6.0,recalibrated,16qam,-2,0.018,0.01,0.027
303,tx_6_rx_6dB,6.0,6.0,recalibrated,32qam,-2,0.015,0.008,0.023
303,tx_6_rx_6dB,6.0,6.0,frozen,bpsk,0,0.0,0.0,0.0
303,tx_6_rx_6dB,6.0,6.0,frozen,qpsk,0,0.0,0.0,0.0
303,tx_6_rx_6dB,6.0,6.0,frozen,16qam,0,0.002,0.0,0.005
303,tx_6_rx_6dB,6.0,6.0,frozen,32qam,0,0.001,0.0,0.003
303,tx_6_rx_6dB,6.0,6.0,recalibrated,bpsk,0,0.0,0.0,0.0
303,tx_6_rx_6dB,6.0,6.0,recalibrated,qpsk,0,0.0,0.0,0.0
303,tx_6_rx_6dB,6.0,6.0,recalibrated,16qam,0,0.002,0.0,0.005
303,tx_6_rx_6dB,6.0,6.0,recalibrated,32qam,0,0.001,0.0,0.003
303,tx_6_rx_6dB,6.0,6.0,frozen,bpsk,2,0.001,0.0,0.003
303,tx_6_rx_6dB,6.0,6.0,frozen,qpsk,2,0.0,0.0,0.0
303,tx_6_rx_6dB,6.0,6.0,frozen,16qam,2,0.001,0.0,0.003
303,tx_6_rx_6dB,6.0,6.0,frozen,32qam,2,0.0,0.0,0.0
303,tx_6_rx_6dB,6.0,6.0,recalibrated,bpsk,2,0.001,0.0,0.003
303,tx_6_rx_6dB,6.0,6.0,recalibrated,qpsk,2,0.0,0.0,0.0
303,tx_6_rx_6dB,6.0,6.0,recalibrated,16qam,2,0.001,0.0,0.003
303,tx_6_rx_6dB,6.0,6.0,recalibrated,32qam,2,0.0,0.0,0.0
303,tx_6_rx_6dB,6.0,6.0,frozen,bpsk,4,0.0,0.0,0.0
303,tx_6_rx_6dB,6.0,6.0,frozen,qpsk,4,0.0,0.0,0.0
303,tx_6_rx_6dB,6.0,6.0,frozen,16qam,4,0.001,0.0,0.003
303,tx_6_rx_6dB,6.0,6.0,frozen,32qam,4,0.0,0.0,0.0
303,tx_6_rx_6dB,6.0,6.0,recalibrated,bpsk,4,0.0,0.0,0.0
303,tx_6_rx_6dB,6.0,6.0,recalibrated,qpsk,4,0.0,0.0,0.0
303,tx_6_rx_6dB,6.0,6.0,recalibrated,16qam,4,0.001,0.0,0.003
303,tx_6_rx_6dB,6.0,6.0,recalibrated,32qam,4,0.0,0.0,0.0
303,tx_6_rx_6dB,6.0,6.0,frozen,bpsk,6,0.0,0.0,0.0
303,tx_6_rx_6dB,6.0,6.0,frozen,qpsk,6,0.0,0.0,0.0
303,tx_6_rx_6dB,6.0,6.0,frozen,16qam,6,0.0,0.0,0.0
303,tx_6_rx_6dB,6.0,6.0,frozen,32qam,6,0.0,0.0,0.0
303,tx_6_rx_6dB,6.0,6.0,recalibrated,bpsk,6,0.0,0.0,0.0
303,tx_6_rx_6dB,6.0,6.0,recalibrated,qpsk,6,0.0,0.0,0.0
303,tx_6_rx_6dB,6.0,6.0,recalibrated,16qam,6,0.0,0.0,0.0
303,tx_6_rx_6dB,6.0,6.0,recalibrated,32qam,6,0.0,0.0,0.0
303,tx_6_rx_6dB,6.0,6.0,frozen,bpsk,8,0.0,0.0,0.0
303,tx_6_rx_6dB,6.0,6.0,frozen,qpsk,8,0.0,0.0,0.0
303,tx_6_rx_6dB,6.0,6.0,frozen,16qam,8,0.0,0.0,0.0
303,tx_6_rx_6dB,6.0,6.0,frozen,32qam,8,0.001,0.0,0.003
303,tx_6_rx_6dB,6.0,6.0,recalibrated,bpsk,8,0.0,0.0,0.0
303,tx_6_rx_6dB,6.0,6.0,recalibrated,qpsk,8,0.0,0.0,0.0
303,tx_6_rx_6dB,6.0,6.0,recalibrated,16qam,8,0.0,0.0,0.0
303,tx_6_rx_6dB,6.0,6.0,recalibrated,32qam,8,0.001,0.0,0.003
303,tx_6_rx_6dB,6.0,6.0,frozen,bpsk,10,0.0,0.0,0.0
303,tx_6_rx_6dB,6.0,6.0,frozen,qpsk,10,0.0,0.0,0.0
303,tx_6_rx_6dB,6.0,6.0,frozen,16qam,10,0.0,0.0,0.0
303,tx_6_rx_6dB,6.0,6.0,frozen,32qam,10,0.0,0.0,0.0
303,tx_6_rx_6dB,6.0,6.0,recalibrated,bpsk,10,0.0,0.0,0.0
303,tx_6_rx_6dB,6.0,6.0,recalibrated,qpsk,10,0.0,0.0,0.0
303,tx_6_rx_6dB,6.0,6.0,recalibrated,16qam,10,0.0,0.0,0.0
303,tx_6_rx_6dB,6.0,6.0,recalibrated,32qam,10,0.0,0.0,0.0
303,tx_6_rx_0dB,6.0,0.0,frozen,bpsk,-10,0.35,0.319975,0.38
303,tx_6_rx_0dB,6.0,0.0,frozen,qpsk,-10,0.17,0.141,0.199
303,tx_6_rx_0dB,6.0,0.0,frozen,16qam,-10,0.449,0.417,0.483
303,tx_6_rx_0dB,6.0,0.0,frozen,32qam,-10,0.423,0.391,0.456
303,tx_6_rx_0dB,6.0,0.0,recalibrated,bpsk,-10,0.344,0.314,0.373
303,tx_6_rx_0dB,6.0,0.0,recalibrated,qpsk,-10,0.169,0.14,0.198
303,tx_6_rx_0dB,6.0,0.0,recalibrated,16qam,-10,0.446,0.414975,0.478
303,tx_6_rx_0dB,6.0,0.0,recalibrated,32qam,-10,0.418,0.385,0.451
303,tx_6_rx_0dB,6.0,0.0,frozen,bpsk,-8,0.155,0.133,0.178
303,tx_6_rx_0dB,6.0,0.0,frozen,qpsk,-8,0.06,0.045,0.075
303,tx_6_rx_0dB,6.0,0.0,frozen,16qam,-8,0.418,0.388,0.449
303,tx_6_rx_0dB,6.0,0.0,frozen,32qam,-8,0.442,0.411,0.474
303,tx_6_rx_0dB,6.0,0.0,recalibrated,bpsk,-8,0.154,0.132,0.177
303,tx_6_rx_0dB,6.0,0.0,recalibrated,qpsk,-8,0.06,0.045,0.076
303,tx_6_rx_0dB,6.0,0.0,recalibrated,16qam,-8,0.409,0.379,0.44
303,tx_6_rx_0dB,6.0,0.0,recalibrated,32qam,-8,0.436,0.40497500000000003,0.468
303,tx_6_rx_0dB,6.0,0.0,frozen,bpsk,-6,0.027,0.017,0.038
303,tx_6_rx_0dB,6.0,0.0,frozen,qpsk,-6,0.009,0.004,0.015
303,tx_6_rx_0dB,6.0,0.0,frozen,16qam,-6,0.257,0.23,0.285
303,tx_6_rx_0dB,6.0,0.0,frozen,32qam,-6,0.265,0.236,0.295
303,tx_6_rx_0dB,6.0,0.0,recalibrated,bpsk,-6,0.026,0.016975000000000004,0.037
303,tx_6_rx_0dB,6.0,0.0,recalibrated,qpsk,-6,0.008,0.003,0.014
303,tx_6_rx_0dB,6.0,0.0,recalibrated,16qam,-6,0.256,0.229,0.28402499999999986
303,tx_6_rx_0dB,6.0,0.0,recalibrated,32qam,-6,0.257,0.228,0.286
303,tx_6_rx_0dB,6.0,0.0,frozen,bpsk,-4,0.008,0.003,0.014
303,tx_6_rx_0dB,6.0,0.0,frozen,qpsk,-4,0.0,0.0,0.0
303,tx_6_rx_0dB,6.0,0.0,frozen,16qam,-4,0.081,0.064,0.097
303,tx_6_rx_0dB,6.0,0.0,frozen,32qam,-4,0.099,0.08,0.118
303,tx_6_rx_0dB,6.0,0.0,recalibrated,bpsk,-4,0.008,0.003,0.014
303,tx_6_rx_0dB,6.0,0.0,recalibrated,qpsk,-4,0.0,0.0,0.0
303,tx_6_rx_0dB,6.0,0.0,recalibrated,16qam,-4,0.08,0.063,0.096
303,tx_6_rx_0dB,6.0,0.0,recalibrated,32qam,-4,0.099,0.08,0.118
303,tx_6_rx_0dB,6.0,0.0,frozen,bpsk,-2,0.0,0.0,0.0
303,tx_6_rx_0dB,6.0,0.0,frozen,qpsk,-2,0.0,0.0,0.0
303,tx_6_rx_0dB,6.0,0.0,frozen,16qam,-2,0.019,0.011,0.028
303,tx_6_rx_0dB,6.0,0.0,frozen,32qam,-2,0.02,0.012,0.029
303,tx_6_rx_0dB,6.0,0.0,recalibrated,bpsk,-2,0.0,0.0,0.0
303,tx_6_rx_0dB,6.0,0.0,recalibrated,qpsk,-2,0.0,0.0,0.0
303,tx_6_rx_0dB,6.0,0.0,recalibrated,16qam,-2,0.019,0.011,0.028
303,tx_6_rx_0dB,6.0,0.0,recalibrated,32qam,-2,0.02,0.012,0.029
303,tx_6_rx_0dB,6.0,0.0,frozen,bpsk,0,0.0,0.0,0.0
303,tx_6_rx_0dB,6.0,0.0,frozen,qpsk,0,0.0,0.0,0.0
303,tx_6_rx_0dB,6.0,0.0,frozen,16qam,0,0.003,0.0,0.007
303,tx_6_rx_0dB,6.0,0.0,frozen,32qam,0,0.001,0.0,0.003
303,tx_6_rx_0dB,6.0,0.0,recalibrated,bpsk,0,0.0,0.0,0.0
303,tx_6_rx_0dB,6.0,0.0,recalibrated,qpsk,0,0.0,0.0,0.0
303,tx_6_rx_0dB,6.0,0.0,recalibrated,16qam,0,0.003,0.0,0.007
303,tx_6_rx_0dB,6.0,0.0,recalibrated,32qam,0,0.001,0.0,0.003
303,tx_6_rx_0dB,6.0,0.0,frozen,bpsk,2,0.0,0.0,0.0
303,tx_6_rx_0dB,6.0,0.0,frozen,qpsk,2,0.0,0.0,0.0
303,tx_6_rx_0dB,6.0,0.0,frozen,16qam,2,0.001,0.0,0.003
303,tx_6_rx_0dB,6.0,0.0,frozen,32qam,2,0.0,0.0,0.0
303,tx_6_rx_0dB,6.0,0.0,recalibrated,bpsk,2,0.0,0.0,0.0
303,tx_6_rx_0dB,6.0,0.0,recalibrated,qpsk,2,0.0,0.0,0.0
303,tx_6_rx_0dB,6.0,0.0,recalibrated,16qam,2,0.001,0.0,0.003
303,tx_6_rx_0dB,6.0,0.0,recalibrated,32qam,2,0.0,0.0,0.0
303,tx_6_rx_0dB,6.0,0.0,frozen,bpsk,4,0.0,0.0,0.0
303,tx_6_rx_0dB,6.0,0.0,frozen,qpsk,4,0.0,0.0,0.0
303,tx_6_rx_0dB,6.0,0.0,frozen,16qam,4,0.001,0.0,0.003
303,tx_6_rx_0dB,6.0,0.0,frozen,32qam,4,0.0,0.0,0.0
303,tx_6_rx_0dB,6.0,0.0,recalibrated,bpsk,4,0.0,0.0,0.0
303,tx_6_rx_0dB,6.0,0.0,recalibrated,qpsk,4,0.0,0.0,0.0
303,tx_6_rx_0dB,6.0,0.0,recalibrated,16qam,4,0.001,0.0,0.003
303,tx_6_rx_0dB,6.0,0.0,recalibrated,32qam,4,0.0,0.0,0.0
303,tx_6_rx_0dB,6.0,0.0,frozen,bpsk,6,0.0,0.0,0.0
303,tx_6_rx_0dB,6.0,0.0,frozen,qpsk,6,0.0,0.0,0.0
303,tx_6_rx_0dB,6.0,0.0,frozen,16qam,6,0.001,0.0,0.003
303,tx_6_rx_0dB,6.0,0.0,frozen,32qam,6,0.0,0.0,0.0
303,tx_6_rx_0dB,6.0,0.0,recalibrated,bpsk,6,0.0,0.0,0.0
303,tx_6_rx_0dB,6.0,0.0,recalibrated,qpsk,6,0.0,0.0,0.0
303,tx_6_rx_0dB,6.0,0.0,recalibrated,16qam,6,0.001,0.0,0.003
303,tx_6_rx_0dB,6.0,0.0,recalibrated,32qam,6,0.0,0.0,0.0
303,tx_6_rx_0dB,6.0,0.0,frozen,bpsk,8,0.0,0.0,0.0
303,tx_6_rx_0dB,6.0,0.0,frozen,qpsk,8,0.0,0.0,0.0
303,tx_6_rx_0dB,6.0,0.0,frozen,16qam,8,0.0,0.0,0.0
303,tx_6_rx_0dB,6.0,0.0,frozen,32qam,8,0.001,0.0,0.003
303,tx_6_rx_0dB,6.0,0.0,recalibrated,bpsk,8,0.0,0.0,0.0
303,tx_6_rx_0dB,6.0,0.0,recalibrated,qpsk,8,0.0,0.0,0.0
303,tx_6_rx_0dB,6.0,0.0,recalibrated,16qam,8,0.0,0.0,0.0
303,tx_6_rx_0dB,6.0,0.0,recalibrated,32qam,8,0.001,0.0,0.003
303,tx_6_rx_0dB,6.0,0.0,frozen,bpsk,10,0.0,0.0,0.0
303,tx_6_rx_0dB,6.0,0.0,frozen,qpsk,10,0.0,0.0,0.0
303,tx_6_rx_0dB,6.0,0.0,frozen,16qam,10,0.0,0.0,0.0
303,tx_6_rx_0dB,6.0,0.0,frozen,32qam,10,0.0,0.0,0.0
303,tx_6_rx_0dB,6.0,0.0,recalibrated,bpsk,10,0.0,0.0,0.0
303,tx_6_rx_0dB,6.0,0.0,recalibrated,qpsk,10,0.0,0.0,0.0
303,tx_6_rx_0dB,6.0,0.0,recalibrated,16qam,10,0.0,0.0,0.0
303,tx_6_rx_0dB,6.0,0.0,recalibrated,32qam,10,0.0,0.0,0.0
303,tx_3_rx_12dB,3.0,12.0,frozen,bpsk,-10,0.346,0.315,0.3760249999999999
303,tx_3_rx_12dB,3.0,12.0,frozen,qpsk,-10,0.168,0.14,0.196
303,tx_3_rx_12dB,3.0,12.0,frozen,16qam,-10,0.455,0.423,0.4880249999999999
303,tx_3_rx_12dB,3.0,12.0,frozen,32qam,-10,0.433,0.399,0.466
303,tx_3_rx_12dB,3.0,12.0,recalibrated,bpsk,-10,0.344,0.313,0.374
303,tx_3_rx_12dB,3.0,12.0,recalibrated,qpsk,-10,0.165,0.137,0.193
303,tx_3_rx_12dB,3.0,12.0,recalibrated,16qam,-10,0.453,0.421,0.487
303,tx_3_rx_12dB,3.0,12.0,recalibrated,32qam,-10,0.43,0.398,0.462
303,tx_3_rx_12dB,3.0,12.0,frozen,bpsk,-8,0.154,0.132,0.177
303,tx_3_rx_12dB,3.0,12.0,frozen,qpsk,-8,0.05,0.036,0.064
303,tx_3_rx_12dB,3.0,12.0,frozen,16qam,-8,0.407,0.376975,0.437
303,tx_3_rx_12dB,3.0,12.0,frozen,32qam,-8,0.42,0.388975,0.452
303,tx_3_rx_12dB,3.0,12.0,recalibrated,bpsk,-8,0.153,0.132,0.176
303,tx_3_rx_12dB,3.0,12.0,recalibrated,qpsk,-8,0.05,0.036,0.064
303,tx_3_rx_12dB,3.0,12.0,recalibrated,16qam,-8,0.403,0.372,0.4340249999999999
303,tx_3_rx_12dB,3.0,12.0,recalibrated,32qam,-8,0.419,0.387,0.451
303,tx_3_rx_12dB,3.0,12.0,frozen,bpsk,-6,0.026,0.016975000000000004,0.037
303,tx_3_rx_12dB,3.0,12.0,frozen,qpsk,-6,0.008,0.003,0.014
303,tx_3_rx_12dB,3.0,12.0,frozen,16qam,-6,0.233,0.207,0.2590249999999999
303,tx_3_rx_12dB,3.0,12.0,frozen,32qam,-6,0.255,0.226,0.284
303,tx_3_rx_12dB,3.0,12.0,recalibrated,bpsk,-6,0.026,0.016975000000000004,0.037
303,tx_3_rx_12dB,3.0,12.0,recalibrated,qpsk,-6,0.008,0.003,0.014
303,tx_3_rx_12dB,3.0,12.0,recalibrated,16qam,-6,0.233,0.207,0.2590249999999999
303,tx_3_rx_12dB,3.0,12.0,recalibrated,32qam,-6,0.255,0.226,0.284
303,tx_3_rx_12dB,3.0,12.0,frozen,bpsk,-4,0.006,0.002,0.011
303,tx_3_rx_12dB,3.0,12.0,frozen,qpsk,-4,0.0,0.0,0.0
303,tx_3_rx_12dB,3.0,12.0,frozen,16qam,-4,0.068,0.053,0.083
303,tx_3_rx_12dB,3.0,12.0,frozen,32qam,-4,0.087,0.069,0.105
303,tx_3_rx_12dB,3.0,12.0,recalibrated,bpsk,-4,0.006,0.002,0.011
303,tx_3_rx_12dB,3.0,12.0,recalibrated,qpsk,-4,0.0,0.0,0.0
303,tx_3_rx_12dB,3.0,12.0,recalibrated,16qam,-4,0.068,0.053,0.083
303,tx_3_rx_12dB,3.0,12.0,recalibrated,32qam,-4,0.087,0.069,0.105
303,tx_3_rx_12dB,3.0,12.0,frozen,bpsk,-2,0.0,0.0,0.0
303,tx_3_rx_12dB,3.0,12.0,frozen,qpsk,-2,0.0,0.0,0.0
303,tx_3_rx_12dB,3.0,12.0,frozen,16qam,-2,0.018,0.01,0.027
303,tx_3_rx_12dB,3.0,12.0,frozen,32qam,-2,0.016,0.009,0.024024999999999862
303,tx_3_rx_12dB,3.0,12.0,recalibrated,bpsk,-2,0.0,0.0,0.0
303,tx_3_rx_12dB,3.0,12.0,recalibrated,qpsk,-2,0.0,0.0,0.0
303,tx_3_rx_12dB,3.0,12.0,recalibrated,16qam,-2,0.018,0.01,0.027
303,tx_3_rx_12dB,3.0,12.0,recalibrated,32qam,-2,0.016,0.009,0.024024999999999862
303,tx_3_rx_12dB,3.0,12.0,frozen,bpsk,0,0.0,0.0,0.0
303,tx_3_rx_12dB,3.0,12.0,frozen,qpsk,0,0.0,0.0,0.0
303,tx_3_rx_12dB,3.0,12.0,frozen,16qam,0,0.002,0.0,0.005
303,tx_3_rx_12dB,3.0,12.0,frozen,32qam,0,0.001,0.0,0.003
303,tx_3_rx_12dB,3.0,12.0,recalibrated,bpsk,0,0.0,0.0,0.0
303,tx_3_rx_12dB,3.0,12.0,recalibrated,qpsk,0,0.0,0.0,0.0
303,tx_3_rx_12dB,3.0,12.0,recalibrated,16qam,0,0.002,0.0,0.005
303,tx_3_rx_12dB,3.0,12.0,recalibrated,32qam,0,0.001,0.0,0.003
303,tx_3_rx_12dB,3.0,12.0,frozen,bpsk,2,0.001,0.0,0.003
303,tx_3_rx_12dB,3.0,12.0,frozen,qpsk,2,0.0,0.0,0.0
303,tx_3_rx_12dB,3.0,12.0,frozen,16qam,2,0.0,0.0,0.0
303,tx_3_rx_12dB,3.0,12.0,frozen,32qam,2,0.0,0.0,0.0
303,tx_3_rx_12dB,3.0,12.0,recalibrated,bpsk,2,0.001,0.0,0.003
303,tx_3_rx_12dB,3.0,12.0,recalibrated,qpsk,2,0.0,0.0,0.0
303,tx_3_rx_12dB,3.0,12.0,recalibrated,16qam,2,0.0,0.0,0.0
303,tx_3_rx_12dB,3.0,12.0,recalibrated,32qam,2,0.0,0.0,0.0
303,tx_3_rx_12dB,3.0,12.0,frozen,bpsk,4,0.0,0.0,0.0
303,tx_3_rx_12dB,3.0,12.0,frozen,qpsk,4,0.0,0.0,0.0
303,tx_3_rx_12dB,3.0,12.0,frozen,16qam,4,0.0,0.0,0.0
303,tx_3_rx_12dB,3.0,12.0,frozen,32qam,4,0.0,0.0,0.0
303,tx_3_rx_12dB,3.0,12.0,recalibrated,bpsk,4,0.0,0.0,0.0
303,tx_3_rx_12dB,3.0,12.0,recalibrated,qpsk,4,0.0,0.0,0.0
303,tx_3_rx_12dB,3.0,12.0,recalibrated,16qam,4,0.0,0.0,0.0
303,tx_3_rx_12dB,3.0,12.0,recalibrated,32qam,4,0.0,0.0,0.0
303,tx_3_rx_12dB,3.0,12.0,frozen,bpsk,6,0.0,0.0,0.0
303,tx_3_rx_12dB,3.0,12.0,frozen,qpsk,6,0.0,0.0,0.0
303,tx_3_rx_12dB,3.0,12.0,frozen,16qam,6,0.0,0.0,0.0
303,tx_3_rx_12dB,3.0,12.0,frozen,32qam,6,0.0,0.0,0.0
303,tx_3_rx_12dB,3.0,12.0,recalibrated,bpsk,6,0.0,0.0,0.0
303,tx_3_rx_12dB,3.0,12.0,recalibrated,qpsk,6,0.0,0.0,0.0
303,tx_3_rx_12dB,3.0,12.0,recalibrated,16qam,6,0.0,0.0,0.0
303,tx_3_rx_12dB,3.0,12.0,recalibrated,32qam,6,0.0,0.0,0.0
303,tx_3_rx_12dB,3.0,12.0,frozen,bpsk,8,0.0,0.0,0.0
303,tx_3_rx_12dB,3.0,12.0,frozen,qpsk,8,0.0,0.0,0.0
303,tx_3_rx_12dB,3.0,12.0,frozen,16qam,8,0.0,0.0,0.0
303,tx_3_rx_12dB,3.0,12.0,frozen,32qam,8,0.001,0.0,0.003
303,tx_3_rx_12dB,3.0,12.0,recalibrated,bpsk,8,0.0,0.0,0.0
303,tx_3_rx_12dB,3.0,12.0,recalibrated,qpsk,8,0.0,0.0,0.0
303,tx_3_rx_12dB,3.0,12.0,recalibrated,16qam,8,0.0,0.0,0.0
303,tx_3_rx_12dB,3.0,12.0,recalibrated,32qam,8,0.001,0.0,0.003
303,tx_3_rx_12dB,3.0,12.0,frozen,bpsk,10,0.0,0.0,0.0
303,tx_3_rx_12dB,3.0,12.0,frozen,qpsk,10,0.0,0.0,0.0
303,tx_3_rx_12dB,3.0,12.0,frozen,16qam,10,0.0,0.0,0.0
303,tx_3_rx_12dB,3.0,12.0,frozen,32qam,10,0.0,0.0,0.0
303,tx_3_rx_12dB,3.0,12.0,recalibrated,bpsk,10,0.0,0.0,0.0
303,tx_3_rx_12dB,3.0,12.0,recalibrated,qpsk,10,0.0,0.0,0.0
303,tx_3_rx_12dB,3.0,12.0,recalibrated,16qam,10,0.0,0.0,0.0
303,tx_3_rx_12dB,3.0,12.0,recalibrated,32qam,10,0.0,0.0,0.0
303,tx_3_rx_6dB,3.0,6.0,frozen,bpsk,-10,0.349,0.318975,0.379
303,tx_3_rx_6dB,3.0,6.0,frozen,qpsk,-10,0.165,0.137,0.193
303,tx_3_rx_6dB,3.0,6.0,frozen,16qam,-10,0.46,0.428975,0.493
303,tx_3_rx_6dB,3.0,6.0,frozen,32qam,-10,0.441,0.407,0.474
303,tx_3_rx_6dB,3.0,6.0,recalibrated,bpsk,-10,0.34,0.31,0.369
303,tx_3_rx_6dB,3.0,6.0,recalibrated,qpsk,-10,0.163,0.135,0.191
303,tx_3_rx_6dB,3.0,6.0,recalibrated,16qam,-10,0.449,0.417,0.483
303,tx_3_rx_6dB,3.0,6.0,recalibrated,32qam,-10,0.44,0.405,0.473
303,tx_3_rx_6dB,3.0,6.0,frozen,bpsk,-8,0.156,0.134,0.179
303,tx_3_rx_6dB,3.0,6.0,frozen,qpsk,-8,0.05,0.036,0.064
303,tx_3_rx_6dB,3.0,6.0,frozen,16qam,-8,0.404,0.373975,0.435
303,tx_3_rx_6dB,3.0,6.0,frozen,32qam,-8,0.432,0.401,0.4630249999999999
303,tx_3_rx_6dB,3.0,6.0,recalibrated,bpsk,-8,0.154,0.132,0.177
303,tx_3_rx_6dB,3.0,6.0,recalibrated,qpsk,-8,0.049,0.035,0.063
303,tx_3_rx_6dB,3.0,6.0,recalibrated,16qam,-8,0.402,0.371,0.433
303,tx_3_rx_6dB,3.0,6.0,recalibrated,32qam,-8,0.427,0.396,0.458
303,tx_3_rx_6dB,3.0,6.0,frozen,bpsk,-6,0.024,0.015,0.035
303,tx_3_rx_6dB,3.0,6.0,frozen,qpsk,-6,0.007,0.002,0.013
303,tx_3_rx_6dB,3.0,6.0,frozen,16qam,-6,0.237,0.211,0.263
303,tx_3_rx_6dB,3.0,6.0,frozen,32qam,-6,0.252,0.223,0.281
303,tx_3_rx_6dB,3.0,6.0,recalibrated,bpsk,-6,0.024,0.015,0.035
303,tx_3_rx_6dB,3.0,6.0,recalibrated,qpsk,-6,0.007,0.002,0.013
303,tx_3_rx_6dB,3.0,6.0,recalibrated,16qam,-6,0.234,0.208,0.261
303,tx_3_rx_6dB,3.0,6.0,recalibrated,32qam,-6,0.249,0.22,0.278
303,tx_3_rx_6dB,3.0,6.0,frozen,bpsk,-4,0.006,0.002,0.011
303,tx_3_rx_6dB,3.0,6.0,frozen,qpsk,-4,0.0,0.0,0.0
303,tx_3_rx_6dB,3.0,6.0,frozen,16qam,-4,0.072,0.057,0.088
303,tx_3_rx_6dB,3.0,6.0,frozen,32qam,-4,0.079,0.062975,0.096
303,tx_3_rx_6dB,3.0,6.0,recalibrated,bpsk,-4,0.006,0.002,0.011
303,tx_3_rx_6dB,3.0,6.0,recalibrated,qpsk,-4,0.0,0.0,0.0
303,tx_3_rx_6dB,3.0,6.0,recalibrated,16qam,-4,0.07,0.055,0.086
303,tx_3_rx_6dB,3.0,6.0,recalibrated,32qam,-4,0.078,0.062,0.095
303,tx_3_rx_6dB,3.0,6.0,frozen,bpsk,-2,0.0,0.0,0.0
303,tx_3_rx_6dB,3.0,6.0,frozen,qpsk,-2,0.0,0.0,0.0
303,tx_3_rx_6dB,3.0,6.0,frozen,16qam,-2,0.018,0.01,0.027
303,tx_3_rx_6dB,3.0,6.0,frozen,32qam,-2,0.015,0.008,0.023
303,tx_3_rx_6dB,3.0,6.0,recalibrated,bpsk,-2,0.0,0.0,0.0
303,tx_3_rx_6dB,3.0,6.0,recalibrated,qpsk,-2,0.0,0.0,0.0
303,tx_3_rx_6dB,3.0,6.0,recalibrated,16qam,-2,0.018,0.01,0.027
303,tx_3_rx_6dB,3.0,6.0,recalibrated,32qam,-2,0.015,0.008,0.023
303,tx_3_rx_6dB,3.0,6.0,frozen,bpsk,0,0.0,0.0,0.0
303,tx_3_rx_6dB,3.0,6.0,frozen,qpsk,0,0.0,0.0,0.0
303,tx_3_rx_6dB,3.0,6.0,frozen,16qam,0,0.002,0.0,0.005
303,tx_3_rx_6dB,3.0,6.0,frozen,32qam,0,0.001,0.0,0.003
303,tx_3_rx_6dB,3.0,6.0,recalibrated,bpsk,0,0.0,0.0,0.0
303,tx_3_rx_6dB,3.0,6.0,recalibrated,qpsk,0,0.0,0.0,0.0
303,tx_3_rx_6dB,3.0,6.0,recalibrated,16qam,0,0.002,0.0,0.005
303,tx_3_rx_6dB,3.0,6.0,recalibrated,32qam,0,0.001,0.0,0.003
303,tx_3_rx_6dB,3.0,6.0,frozen,bpsk,2,0.001,0.0,0.003
303,tx_3_rx_6dB,3.0,6.0,frozen,qpsk,2,0.0,0.0,0.0
303,tx_3_rx_6dB,3.0,6.0,frozen,16qam,2,0.001,0.0,0.003
303,tx_3_rx_6dB,3.0,6.0,frozen,32qam,2,0.0,0.0,0.0
303,tx_3_rx_6dB,3.0,6.0,recalibrated,bpsk,2,0.001,0.0,0.003
303,tx_3_rx_6dB,3.0,6.0,recalibrated,qpsk,2,0.0,0.0,0.0
303,tx_3_rx_6dB,3.0,6.0,recalibrated,16qam,2,0.001,0.0,0.003
303,tx_3_rx_6dB,3.0,6.0,recalibrated,32qam,2,0.0,0.0,0.0
303,tx_3_rx_6dB,3.0,6.0,frozen,bpsk,4,0.0,0.0,0.0
303,tx_3_rx_6dB,3.0,6.0,frozen,qpsk,4,0.0,0.0,0.0
303,tx_3_rx_6dB,3.0,6.0,frozen,16qam,4,0.001,0.0,0.003
303,tx_3_rx_6dB,3.0,6.0,frozen,32qam,4,0.0,0.0,0.0
303,tx_3_rx_6dB,3.0,6.0,recalibrated,bpsk,4,0.0,0.0,0.0
303,tx_3_rx_6dB,3.0,6.0,recalibrated,qpsk,4,0.0,0.0,0.0
303,tx_3_rx_6dB,3.0,6.0,recalibrated,16qam,4,0.001,0.0,0.003
303,tx_3_rx_6dB,3.0,6.0,recalibrated,32qam,4,0.0,0.0,0.0
303,tx_3_rx_6dB,3.0,6.0,frozen,bpsk,6,0.0,0.0,0.0
303,tx_3_rx_6dB,3.0,6.0,frozen,qpsk,6,0.0,0.0,0.0
303,tx_3_rx_6dB,3.0,6.0,frozen,16qam,6,0.0,0.0,0.0
303,tx_3_rx_6dB,3.0,6.0,frozen,32qam,6,0.0,0.0,0.0
303,tx_3_rx_6dB,3.0,6.0,recalibrated,bpsk,6,0.0,0.0,0.0
303,tx_3_rx_6dB,3.0,6.0,recalibrated,qpsk,6,0.0,0.0,0.0
303,tx_3_rx_6dB,3.0,6.0,recalibrated,16qam,6,0.0,0.0,0.0
303,tx_3_rx_6dB,3.0,6.0,recalibrated,32qam,6,0.0,0.0,0.0
303,tx_3_rx_6dB,3.0,6.0,frozen,bpsk,8,0.0,0.0,0.0
303,tx_3_rx_6dB,3.0,6.0,frozen,qpsk,8,0.0,0.0,0.0
303,tx_3_rx_6dB,3.0,6.0,frozen,16qam,8,0.0,0.0,0.0
303,tx_3_rx_6dB,3.0,6.0,frozen,32qam,8,0.001,0.0,0.003
303,tx_3_rx_6dB,3.0,6.0,recalibrated,bpsk,8,0.0,0.0,0.0
303,tx_3_rx_6dB,3.0,6.0,recalibrated,qpsk,8,0.0,0.0,0.0
303,tx_3_rx_6dB,3.0,6.0,recalibrated,16qam,8,0.0,0.0,0.0
303,tx_3_rx_6dB,3.0,6.0,recalibrated,32qam,8,0.001,0.0,0.003
303,tx_3_rx_6dB,3.0,6.0,frozen,bpsk,10,0.0,0.0,0.0
303,tx_3_rx_6dB,3.0,6.0,frozen,qpsk,10,0.0,0.0,0.0
303,tx_3_rx_6dB,3.0,6.0,frozen,16qam,10,0.0,0.0,0.0
303,tx_3_rx_6dB,3.0,6.0,frozen,32qam,10,0.0,0.0,0.0
303,tx_3_rx_6dB,3.0,6.0,recalibrated,bpsk,10,0.0,0.0,0.0
303,tx_3_rx_6dB,3.0,6.0,recalibrated,qpsk,10,0.0,0.0,0.0
303,tx_3_rx_6dB,3.0,6.0,recalibrated,16qam,10,0.0,0.0,0.0
303,tx_3_rx_6dB,3.0,6.0,recalibrated,32qam,10,0.0,0.0,0.0
303,tx_3_rx_0dB,3.0,0.0,frozen,bpsk,-10,0.36,0.329,0.39
303,tx_3_rx_0dB,3.0,0.0,frozen,qpsk,-10,0.174,0.144,0.203
303,tx_3_rx_0dB,3.0,0.0,frozen,16qam,-10,0.451,0.419,0.485
303,tx_3_rx_0dB,3.0,0.0,frozen,32qam,-10,0.431,0.398,0.464
303,tx_3_rx_0dB,3.0,0.0,recalibrated,bpsk,-10,0.353,0.322,0.383
303,tx_3_rx_0dB,3.0,0.0,recalibrated,qpsk,-10,0.167,0.138,0.19502499999999987
303,tx_3_rx_0dB,3.0,0.0,recalibrated,16qam,-10,0.447,0.415975,0.48
303,tx_3_rx_0dB,3.0,0.0,recalibrated,32qam,-10,0.425,0.392,0.458
303,tx_3_rx_0dB,3.0,0.0,frozen,bpsk,-8,0.156,0.134,0.179
303,tx_3_rx_0dB,3.0,0.0,frozen,qpsk,-8,0.061,0.046,0.076
303,tx_3_rx_0dB,3.0,0.0,frozen,16qam,-8,0.416,0.386,0.4460249999999999
303,tx_3_rx_0dB,3.0,0.0,frozen,32qam,-8,0.446,0.414,0.478
303,tx_3_rx_0dB,3.0,0.0,recalibrated,bpsk,-8,0.154,0.132,0.177
303,tx_3_rx_0dB,3.0,0.0,recalibrated,qpsk,-8,0.061,0.046,0.076
303,tx_3_rx_0dB,3.0,0.0,recalibrated,16qam,-8,0.411,0.381,0.4410249999999999
303,tx_3_rx_0dB,3.0,0.0,recalibrated,32qam,-8,0.439,0.407,0.471
303,tx_3_rx_0dB,3.0,0.0,frozen,bpsk,-6,0.03,0.02,0.042
303,tx_3_rx_0dB,3.0,0.0,frozen,qpsk,-6,0.009,0.004,0.015
303,tx_3_rx_0dB,3.0,0.0,frozen,16qam,-6,0.257,0.23,0.285
303,tx_3_rx_0dB,3.0,0.0,frozen,32qam,-6,0.268,0.239,0.298
303,tx_3_rx_0dB,3.0,0.0,recalibrated,bpsk,-6,0.029,0.019,0.041
303,tx_3_rx_0dB,3.0,0.0,recalibrated,qpsk,-6,0.008,0.003,0.014
303,tx_3_rx_0dB,3.0,0.0,recalibrated,16qam,-6,0.254,0.227975,0.282
303,tx_3_rx_0dB,3.0,0.0,recalibrated,32qam,-6,0.263,0.234,0.293
303,tx_3_rx_0dB,3.0,0.0,frozen,bpsk,-4,0.01,0.004,0.016
303,tx_3_rx_0dB,3.0,0.0,frozen,qpsk,-4,0.0,0.0,0.0
303,tx_3_rx_0dB,3.0,0.0,frozen,16qam,-4,0.079,0.062,0.095
303,tx_3_rx_0dB,3.0,0.0,frozen,32qam,-4,0.099,0.08,0.118
303,tx_3_rx_0dB,3.0,0.0,recalibrated,bpsk,-4,0.01,0.004,0.016
303,tx_3_rx_0dB,3.0,0.0,recalibrated,qpsk,-4,0.0,0.0,0.0
303,tx_3_rx_0dB,3.0,0.0,recalibrated,16qam,-4,0.077,0.061,0.093
303,tx_3_rx_0dB,3.0,0.0,recalibrated,32qam,-4,0.095,0.077,0.114
303,tx_3_rx_0dB,3.0,0.0,frozen,bpsk,-2,0.0,0.0,0.0
303,tx_3_rx_0dB,3.0,0.0,frozen,qpsk,-2,0.0,0.0,0.0
303,tx_3_rx_0dB,3.0,0.0,frozen,16qam,-2,0.019,0.011,0.028
303,tx_3_rx_0dB,3.0,0.0,frozen,32qam,-2,0.02,0.012,0.029
303,tx_3_rx_0dB,3.0,0.0,recalibrated,bpsk,-2,0.0,0.0,0.0
303,tx_3_rx_0dB,3.0,0.0,recalibrated,qpsk,-2,0.0,0.0,0.0
303,tx_3_rx_0dB,3.0,0.0,recalibrated,16qam,-2,0.019,0.011,0.028
303,tx_3_rx_0dB,3.0,0.0,recalibrated,32qam,-2,0.02,0.012,0.029
303,tx_3_rx_0dB,3.0,0.0,frozen,bpsk,0,0.0,0.0,0.0
303,tx_3_rx_0dB,3.0,0.0,frozen,qpsk,0,0.0,0.0,0.0
303,tx_3_rx_0dB,3.0,0.0,frozen,16qam,0,0.003,0.0,0.007
303,tx_3_rx_0dB,3.0,0.0,frozen,32qam,0,0.001,0.0,0.003
303,tx_3_rx_0dB,3.0,0.0,recalibrated,bpsk,0,0.0,0.0,0.0
303,tx_3_rx_0dB,3.0,0.0,recalibrated,qpsk,0,0.0,0.0,0.0
303,tx_3_rx_0dB,3.0,0.0,recalibrated,16qam,0,0.003,0.0,0.007
303,tx_3_rx_0dB,3.0,0.0,recalibrated,32qam,0,0.001,0.0,0.003
303,tx_3_rx_0dB,3.0,0.0,frozen,bpsk,2,0.0,0.0,0.0
303,tx_3_rx_0dB,3.0,0.0,frozen,qpsk,2,0.0,0.0,0.0
303,tx_3_rx_0dB,3.0,0.0,frozen,16qam,2,0.001,0.0,0.003
303,tx_3_rx_0dB,3.0,0.0,frozen,32qam,2,0.0,0.0,0.0
303,tx_3_rx_0dB,3.0,0.0,recalibrated,bpsk,2,0.0,0.0,0.0
303,tx_3_rx_0dB,3.0,0.0,recalibrated,qpsk,2,0.0,0.0,0.0
303,tx_3_rx_0dB,3.0,0.0,recalibrated,16qam,2,0.001,0.0,0.003
303,tx_3_rx_0dB,3.0,0.0,recalibrated,32qam,2,0.0,0.0,0.0
303,tx_3_rx_0dB,3.0,0.0,frozen,bpsk,4,0.0,0.0,0.0
303,tx_3_rx_0dB,3.0,0.0,frozen,qpsk,4,0.0,0.0,0.0
303,tx_3_rx_0dB,3.0,0.0,frozen,16qam,4,0.001,0.0,0.003
303,tx_3_rx_0dB,3.0,0.0,frozen,32qam,4,0.0,0.0,0.0
303,tx_3_rx_0dB,3.0,0.0,recalibrated,bpsk,4,0.0,0.0,0.0
303,tx_3_rx_0dB,3.0,0.0,recalibrated,qpsk,4,0.0,0.0,0.0
303,tx_3_rx_0dB,3.0,0.0,recalibrated,16qam,4,0.001,0.0,0.003
303,tx_3_rx_0dB,3.0,0.0,recalibrated,32qam,4,0.0,0.0,0.0
303,tx_3_rx_0dB,3.0,0.0,frozen,bpsk,6,0.0,0.0,0.0
303,tx_3_rx_0dB,3.0,0.0,frozen,qpsk,6,0.0,0.0,0.0
303,tx_3_rx_0dB,3.0,0.0,frozen,16qam,6,0.001,0.0,0.003
303,tx_3_rx_0dB,3.0,0.0,frozen,32qam,6,0.0,0.0,0.0
303,tx_3_rx_0dB,3.0,0.0,recalibrated,bpsk,6,0.0,0.0,0.0
303,tx_3_rx_0dB,3.0,0.0,recalibrated,qpsk,6,0.0,0.0,0.0
303,tx_3_rx_0dB,3.0,0.0,recalibrated,16qam,6,0.001,0.0,0.003
303,tx_3_rx_0dB,3.0,0.0,recalibrated,32qam,6,0.0,0.0,0.0
303,tx_3_rx_0dB,3.0,0.0,frozen,bpsk,8,0.0,0.0,0.0
303,tx_3_rx_0dB,3.0,0.0,frozen,qpsk,8,0.0,0.0,0.0
303,tx_3_rx_0dB,3.0,0.0,frozen,16qam,8,0.0,0.0,0.0
303,tx_3_rx_0dB,3.0,0.0,frozen,32qam,8,0.001,0.0,0.003
303,tx_3_rx_0dB,3.0,0.0,recalibrated,bpsk,8,0.0,0.0,0.0
303,tx_3_rx_0dB,3.0,0.0,recalibrated,qpsk,8,0.0,0.0,0.0
303,tx_3_rx_0dB,3.0,0.0,recalibrated,16qam,8,0.0,0.0,0.0
303,tx_3_rx_0dB,3.0,0.0,recalibrated,32qam,8,0.001,0.0,0.003
303,tx_3_rx_0dB,3.0,0.0,frozen,bpsk,10,0.0,0.0,0.0
303,tx_3_rx_0dB,3.0,0.0,frozen,qpsk,10,0.0,0.0,0.0
303,tx_3_rx_0dB,3.0,0.0,frozen,16qam,10,0.0,0.0,0.0
303,tx_3_rx_0dB,3.0,0.0,frozen,32qam,10,0.0,0.0,0.0
303,tx_3_rx_0dB,3.0,0.0,recalibrated,bpsk,10,0.0,0.0,0.0
303,tx_3_rx_0dB,3.0,0.0,recalibrated,qpsk,10,0.0,0.0,0.0
303,tx_3_rx_0dB,3.0,0.0,recalibrated,16qam,10,0.0,0.0,0.0
303,tx_3_rx_0dB,3.0,0.0,recalibrated,32qam,10,0.0,0.0,0.0
303,tx_0_rx_12dB,0.0,12.0,frozen,bpsk,-10,0.392,0.36,0.423
303,tx_0_rx_12dB,0.0,12.0,frozen,qpsk,-10,0.178,0.149,0.207
303,tx_0_rx_12dB,0.0,12.0,frozen,16qam,-10,0.453,0.421,0.487
303,tx_0_rx_12dB,0.0,12.0,frozen,32qam,-10,0.435,0.401,0.468
303,tx_0_rx_12dB,0.0,12.0,recalibrated,bpsk,-10,0.392,0.36,0.423
303,tx_0_rx_12dB,0.0,12.0,recalibrated,qpsk,-10,0.176,0.147,0.205
303,tx_0_rx_12dB,0.0,12.0,recalibrated,16qam,-10,0.452,0.42,0.4850249999999999
303,tx_0_rx_12dB,0.0,12.0,recalibrated,32qam,-10,0.432,0.398,0.4640249999999999
303,tx_0_rx_12dB,0.0,12.0,frozen,bpsk,-8,0.179,0.157,0.203
303,tx_0_rx_12dB,0.0,12.0,frozen,qpsk,-8,0.053,0.039,0.06702499999999986
303,tx_0_rx_12dB,0.0,12.0,frozen,16qam,-8,0.416,0.385,0.447
303,tx_0_rx_12dB,0.0,12.0,frozen,32qam,-8,0.433,0.402,0.4640249999999999
303,tx_0_rx_12dB,0.0,12.0,recalibrated,bpsk,-8,0.179,0.157,0.203
303,tx_0_rx_12dB,0.0,12.0,recalibrated,qpsk,-8,0.053,0.039,0.06702499999999986
303,tx_0_rx_12dB,0.0,12.0,recalibrated,16qam,-8,0.413,0.382,0.444
303,tx_0_rx_12dB,0.0,12.0,recalibrated,32qam,-8,0.431,0.4,0.463
303,tx_0_rx_12dB,0.0,12.0,frozen,bpsk,-6,0.037,0.026,0.05
303,tx_0_rx_12dB,0.0,12.0,frozen,qpsk,-6,0.01,0.004,0.016024999999999862
303,tx_0_rx_12dB,0.0,12.0,frozen,16qam,-6,0.239,0.213,0.2650249999999999
303,tx_0_rx_12dB,0.0,12.0,frozen,32qam,-6,0.263,0.234,0.293
303,tx_0_rx_12dB,0.0,12.0,recalibrated,bpsk,-6,0.037,0.026,0.05
303,tx_0_rx_12dB,0.0,12.0,recalibrated,qpsk,-6,0.01,0.004,0.016024999999999862
303,tx_0_rx_12dB,0.0,12.0,recalibrated,16qam,-6,0.239,0.213,0.2650249999999999
303,tx_0_rx_12dB,0.0,12.0,recalibrated,32qam,-6,0.263,0.234,0.293
303,tx_0_rx_12dB,0.0,12.0,frozen,bpsk,-4,0.011,0.005,0.018
303,tx_0_rx_12dB,0.0,12.0,frozen,qpsk,-4,0.0,0.0,0.0
303,tx_0_rx_12dB,0.0,12.0,frozen,16qam,-4,0.072,0.057,0.088
303,tx_0_rx_12dB,0.0,12.0,frozen,32qam,-4,0.089,0.071,0.107
303,tx_0_rx_12dB,0.0,12.0,recalibrated,bpsk,-4,0.011,0.005,0.018
303,tx_0_rx_12dB,0.0,12.0,recalibrated,qpsk,-4,0.0,0.0,0.0
303,tx_0_rx_12dB,0.0,12.0,recalibrated,16qam,-4,0.072,0.057,0.088
303,tx_0_rx_12dB,0.0,12.0,recalibrated,32qam,-4,0.088,0.07,0.106
303,tx_0_rx_12dB,0.0,12.0,frozen,bpsk,-2,0.0,0.0,0.0
303,tx_0_rx_12dB,0.0,12.0,frozen,qpsk,-2,0.0,0.0,0.0
303,tx_0_rx_12dB,0.0,12.0,frozen,16qam,-2,0.02,0.012,0.029
303,tx_0_rx_12dB,0.0,12.0,frozen,32qam,-2,0.017,0.01,0.026
303,tx_0_rx_12dB,0.0,12.0,recalibrated,bpsk,-2,0.0,0.0,0.0
303,tx_0_rx_12dB,0.0,12.0,recalibrated,qpsk,-2,0.0,0.0,0.0
303,tx_0_rx_12dB,0.0,12.0,recalibrated,16qam,-2,0.02,0.012,0.029
303,tx_0_rx_12dB,0.0,12.0,recalibrated,32qam,-2,0.017,0.01,0.026
303,tx_0_rx_12dB,0.0,12.0,frozen,bpsk,0,0.0,0.0,0.0
303,tx_0_rx_12dB,0.0,12.0,frozen,qpsk,0,0.0,0.0,0.0
303,tx_0_rx_12dB,0.0,12.0,frozen,16qam,0,0.001,0.0,0.003
303,tx_0_rx_12dB,0.0,12.0,frozen,32qam,0,0.002,0.0,0.005
303,tx_0_rx_12dB,0.0,12.0,recalibrated,bpsk,0,0.0,0.0,0.0
303,tx_0_rx_12dB,0.0,12.0,recalibrated,qpsk,0,0.0,0.0,0.0
303,tx_0_rx_12dB,0.0,12.0,recalibrated,16qam,0,0.001,0.0,0.003
303,tx_0_rx_12dB,0.0,12.0,recalibrated,32qam,0,0.002,0.0,0.005
303,tx_0_rx_12dB,0.0,12.0,frozen,bpsk,2,0.001,0.0,0.003
303,tx_0_rx_12dB,0.0,12.0,frozen,qpsk,2,0.0,0.0,0.0
303,tx_0_rx_12dB,0.0,12.0,frozen,16qam,2,0.0,0.0,0.0
303,tx_0_rx_12dB,0.0,12.0,frozen,32qam,2,0.0,0.0,0.0
303,tx_0_rx_12dB,0.0,12.0,recalibrated,bpsk,2,0.001,0.0,0.003
303,tx_0_rx_12dB,0.0,12.0,recalibrated,qpsk,2,0.0,0.0,0.0
303,tx_0_rx_12dB,0.0,12.0,recalibrated,16qam,2,0.0,0.0,0.0
303,tx_0_rx_12dB,0.0,12.0,recalibrated,32qam,2,0.0,0.0,0.0
303,tx_0_rx_12dB,0.0,12.0,frozen,bpsk,4,0.0,0.0,0.0
303,tx_0_rx_12dB,0.0,12.0,frozen,qpsk,4,0.0,0.0,0.0
303,tx_0_rx_12dB,0.0,12.0,frozen,16qam,4,0.001,0.0,0.003
303,tx_0_rx_12dB,0.0,12.0,frozen,32qam,4,0.0,0.0,0.0
303,tx_0_rx_12dB,0.0,12.0,recalibrated,bpsk,4,0.0,0.0,0.0
303,tx_0_rx_12dB,0.0,12.0,recalibrated,qpsk,4,0.0,0.0,0.0
303,tx_0_rx_12dB,0.0,12.0,recalibrated,16qam,4,0.001,0.0,0.003
303,tx_0_rx_12dB,0.0,12.0,recalibrated,32qam,4,0.0,0.0,0.0
303,tx_0_rx_12dB,0.0,12.0,frozen,bpsk,6,0.0,0.0,0.0
303,tx_0_rx_12dB,0.0,12.0,frozen,qpsk,6,0.0,0.0,0.0
303,tx_0_rx_12dB,0.0,12.0,frozen,16qam,6,0.0,0.0,0.0
303,tx_0_rx_12dB,0.0,12.0,frozen,32qam,6,0.0,0.0,0.0
303,tx_0_rx_12dB,0.0,12.0,recalibrated,bpsk,6,0.0,0.0,0.0
303,tx_0_rx_12dB,0.0,12.0,recalibrated,qpsk,6,0.0,0.0,0.0
303,tx_0_rx_12dB,0.0,12.0,recalibrated,16qam,6,0.0,0.0,0.0
303,tx_0_rx_12dB,0.0,12.0,recalibrated,32qam,6,0.0,0.0,0.0
303,tx_0_rx_12dB,0.0,12.0,frozen,bpsk,8,0.0,0.0,0.0
303,tx_0_rx_12dB,0.0,12.0,frozen,qpsk,8,0.0,0.0,0.0
303,tx_0_rx_12dB,0.0,12.0,frozen,16qam,8,0.0,0.0,0.0
303,tx_0_rx_12dB,0.0,12.0,frozen,32qam,8,0.001,0.0,0.003
303,tx_0_rx_12dB,0.0,12.0,recalibrated,bpsk,8,0.0,0.0,0.0
303,tx_0_rx_12dB,0.0,12.0,recalibrated,qpsk,8,0.0,0.0,0.0
303,tx_0_rx_12dB,0.0,12.0,recalibrated,16qam,8,0.0,0.0,0.0
303,tx_0_rx_12dB,0.0,12.0,recalibrated,32qam,8,0.001,0.0,0.003
303,tx_0_rx_12dB,0.0,12.0,frozen,bpsk,10,0.0,0.0,0.0
303,tx_0_rx_12dB,0.0,12.0,frozen,qpsk,10,0.0,0.0,0.0
303,tx_0_rx_12dB,0.0,12.0,frozen,16qam,10,0.0,0.0,0.0
303,tx_0_rx_12dB,0.0,12.0,frozen,32qam,10,0.0,0.0,0.0
303,tx_0_rx_12dB,0.0,12.0,recalibrated,bpsk,10,0.0,0.0,0.0
303,tx_0_rx_12dB,0.0,12.0,recalibrated,qpsk,10,0.0,0.0,0.0
303,tx_0_rx_12dB,0.0,12.0,recalibrated,16qam,10,0.0,0.0,0.0
303,tx_0_rx_12dB,0.0,12.0,recalibrated,32qam,10,0.0,0.0,0.0
303,tx_0_rx_6dB,0.0,6.0,frozen,bpsk,-10,0.388,0.358,0.419
303,tx_0_rx_6dB,0.0,6.0,frozen,qpsk,-10,0.171,0.142,0.19902499999999987
303,tx_0_rx_6dB,0.0,6.0,frozen,16qam,-10,0.454,0.422,0.487
303,tx_0_rx_6dB,0.0,6.0,frozen,32qam,-10,0.439,0.406,0.472
303,tx_0_rx_6dB,0.0,6.0,recalibrated,bpsk,-10,0.385,0.354,0.414
303,tx_0_rx_6dB,0.0,6.0,recalibrated,qpsk,-10,0.173,0.144975,0.202
303,tx_0_rx_6dB,0.0,6.0,recalibrated,16qam,-10,0.45,0.418,0.484
303,tx_0_rx_6dB,0.0,6.0,recalibrated,32qam,-10,0.44,0.407,0.473
303,tx_0_rx_6dB,0.0,6.0,frozen,bpsk,-8,0.176,0.153975,0.199
303,tx_0_rx_6dB,0.0,6.0,frozen,qpsk,-8,0.054,0.04,0.068
303,tx_0_rx_6dB,0.0,6.0,frozen,16qam,-8,0.414,0.384,0.444
303,tx_0_rx_6dB,0.0,6.0,frozen,32qam,-8,0.431,0.4,0.463
303,tx_0_rx_6dB,0.0,6.0,recalibrated,bpsk,-8,0.173,0.151,0.196
303,tx_0_rx_6dB,0.0,6.0,recalibrated,qpsk,-8,0.054,0.04,0.068
303,tx_0_rx_6dB,0.0,6.0,recalibrated,16qam,-8,0.41,0.38,0.441
303,tx_0_rx_6dB,0.0,6.0,recalibrated,32qam,-8,0.428,0.397,0.459
303,tx_0_rx_6dB,0.0,6.0,frozen,bpsk,-6,0.037,0.026,0.05
303,tx_0_rx_6dB,0.0,6.0,frozen,qpsk,-6,0.007,0.002,0.013
303,tx_0_rx_6dB,0.0,6.0,frozen,16qam,-6,0.239,0.213,0.2650249999999999
303,tx_0_rx_6dB,0.0,6.0,frozen,32qam,-6,0.263,0.234,0.293
303,tx_0_rx_6dB,0.0,6.0,recalibrated,bpsk,-6,0.035,0.024975000000000004,0.048
303,tx_0_rx_6dB,0.0,6.0,recalibrated,qpsk,-6,0.007,0.002,0.013
303,tx_0_rx_6dB,0.0,6.0,recalibrated,16qam,-6,0.235,0.209,0.262
303,tx_0_rx_6dB,0.0,6.0,recalibrated,32qam,-6,0.256,0.227,0.285
303,tx_0_rx_6dB,0.0,6.0,frozen,bpsk,-4,0.011,0.005,0.018
303,tx_0_rx_6dB,0.0,6.0,frozen,qpsk,-4,0.0,0.0,0.0
303,tx_0_rx_6dB,0.0,6.0,frozen,16qam,-4,0.07,0.055,0.086
303,tx_0_rx_6dB,0.0,6.0,frozen,32qam,-4,0.08,0.063,0.097
303,tx_0_rx_6dB,0.0,6.0,recalibrated,bpsk,-4,0.011,0.005,0.018
303,tx_0_rx_6dB,0.0,6.0,recalibrated,qpsk,-4,0.0,0.0,0.0
303,tx_0_rx_6dB,0.0,6.0,recalibrated,16qam,-4,0.068,0.053,0.083
303,tx_0_rx_6dB,0.0,6.0,recalibrated,32qam,-4,0.079,0.062975,0.096
303,tx_0_rx_6dB,0.0,6.0,frozen,bpsk,-2,0.0,0.0,0.0
303,tx_0_rx_6dB,0.0,6.0,frozen,qpsk,-2,0.0,0.0,0.0
303,tx_0_rx_6dB,0.0,6.0,frozen,16qam,-2,0.019,0.011,0.028
303,tx_0_rx_6dB,0.0,6.0,frozen,32qam,-2,0.017,0.01,0.026
303,tx_0_rx_6dB,0.0,6.0,recalibrated,bpsk,-2,0.0,0.0,0.0
303,tx_0_rx_6dB,0.0,6.0,recalibrated,qpsk,-2,0.0,0.0,0.0
303,tx_0_rx_6dB,0.0,6.0,recalibrated,16qam,-2,0.019,0.011,0.028
303,tx_0_rx_6dB,0.0,6.0,recalibrated,32qam,-2,0.016,0.009,0.024024999999999862
303,tx_0_rx_6dB,0.0,6.0,frozen,bpsk,0,0.0,0.0,0.0
303,tx_0_rx_6dB,0.0,6.0,frozen,qpsk,0,0.0,0.0,0.0
303,tx_0_rx_6dB,0.0,6.0,frozen,16qam,0,0.002,0.0,0.005
303,tx_0_rx_6dB,0.0,6.0,frozen,32qam,0,0.001,0.0,0.003
303,tx_0_rx_6dB,0.0,6.0,recalibrated,bpsk,0,0.0,0.0,0.0
303,tx_0_rx_6dB,0.0,6.0,recalibrated,qpsk,0,0.0,0.0,0.0
303,tx_0_rx_6dB,0.0,6.0,recalibrated,16qam,0,0.002,0.0,0.005
303,tx_0_rx_6dB,0.0,6.0,recalibrated,32qam,0,0.001,0.0,0.003
303,tx_0_rx_6dB,0.0,6.0,frozen,bpsk,2,0.001,0.0,0.003
303,tx_0_rx_6dB,0.0,6.0,frozen,qpsk,2,0.0,0.0,0.0
303,tx_0_rx_6dB,0.0,6.0,frozen,16qam,2,0.001,0.0,0.003
303,tx_0_rx_6dB,0.0,6.0,frozen,32qam,2,0.0,0.0,0.0
303,tx_0_rx_6dB,0.0,6.0,recalibrated,bpsk,2,0.001,0.0,0.003
303,tx_0_rx_6dB,0.0,6.0,recalibrated,qpsk,2,0.0,0.0,0.0
303,tx_0_rx_6dB,0.0,6.0,recalibrated,16qam,2,0.001,0.0,0.003
303,tx_0_rx_6dB,0.0,6.0,recalibrated,32qam,2,0.0,0.0,0.0
303,tx_0_rx_6dB,0.0,6.0,frozen,bpsk,4,0.0,0.0,0.0
303,tx_0_rx_6dB,0.0,6.0,frozen,qpsk,4,0.0,0.0,0.0
303,tx_0_rx_6dB,0.0,6.0,frozen,16qam,4,0.001,0.0,0.003
303,tx_0_rx_6dB,0.0,6.0,frozen,32qam,4,0.0,0.0,0.0
303,tx_0_rx_6dB,0.0,6.0,recalibrated,bpsk,4,0.0,0.0,0.0
303,tx_0_rx_6dB,0.0,6.0,recalibrated,qpsk,4,0.0,0.0,0.0
303,tx_0_rx_6dB,0.0,6.0,recalibrated,16qam,4,0.001,0.0,0.003
303,tx_0_rx_6dB,0.0,6.0,recalibrated,32qam,4,0.0,0.0,0.0
303,tx_0_rx_6dB,0.0,6.0,frozen,bpsk,6,0.0,0.0,0.0
303,tx_0_rx_6dB,0.0,6.0,frozen,qpsk,6,0.0,0.0,0.0
303,tx_0_rx_6dB,0.0,6.0,frozen,16qam,6,0.0,0.0,0.0
303,tx_0_rx_6dB,0.0,6.0,frozen,32qam,6,0.0,0.0,0.0
303,tx_0_rx_6dB,0.0,6.0,recalibrated,bpsk,6,0.0,0.0,0.0
303,tx_0_rx_6dB,0.0,6.0,recalibrated,qpsk,6,0.0,0.0,0.0
303,tx_0_rx_6dB,0.0,6.0,recalibrated,16qam,6,0.0,0.0,0.0
303,tx_0_rx_6dB,0.0,6.0,recalibrated,32qam,6,0.0,0.0,0.0
303,tx_0_rx_6dB,0.0,6.0,frozen,bpsk,8,0.0,0.0,0.0
303,tx_0_rx_6dB,0.0,6.0,frozen,qpsk,8,0.0,0.0,0.0
303,tx_0_rx_6dB,0.0,6.0,frozen,16qam,8,0.0,0.0,0.0
303,tx_0_rx_6dB,0.0,6.0,frozen,32qam,8,0.001,0.0,0.003
303,tx_0_rx_6dB,0.0,6.0,recalibrated,bpsk,8,0.0,0.0,0.0
303,tx_0_rx_6dB,0.0,6.0,recalibrated,qpsk,8,0.0,0.0,0.0
303,tx_0_rx_6dB,0.0,6.0,recalibrated,16qam,8,0.0,0.0,0.0
303,tx_0_rx_6dB,0.0,6.0,recalibrated,32qam,8,0.001,0.0,0.003
303,tx_0_rx_6dB,0.0,6.0,frozen,bpsk,10,0.0,0.0,0.0
303,tx_0_rx_6dB,0.0,6.0,frozen,qpsk,10,0.0,0.0,0.0
303,tx_0_rx_6dB,0.0,6.0,frozen,16qam,10,0.0,0.0,0.0
303,tx_0_rx_6dB,0.0,6.0,frozen,32qam,10,0.0,0.0,0.0
303,tx_0_rx_6dB,0.0,6.0,recalibrated,bpsk,10,0.0,0.0,0.0
303,tx_0_rx_6dB,0.0,6.0,recalibrated,qpsk,10,0.0,0.0,0.0
303,tx_0_rx_6dB,0.0,6.0,recalibrated,16qam,10,0.0,0.0,0.0
303,tx_0_rx_6dB,0.0,6.0,recalibrated,32qam,10,0.0,0.0,0.0
303,tx_0_rx_0dB,0.0,0.0,frozen,bpsk,-10,0.399,0.368975,0.43
303,tx_0_rx_0dB,0.0,0.0,frozen,qpsk,-10,0.179,0.151,0.208
303,tx_0_rx_0dB,0.0,0.0,frozen,16qam,-10,0.45,0.418,0.48302499999999987
303,tx_0_rx_0dB,0.0,0.0,frozen,32qam,-10,0.432,0.398975,0.465
303,tx_0_rx_0dB,0.0,0.0,recalibrated,bpsk,-10,0.395,0.365,0.426
303,tx_0_rx_0dB,0.0,0.0,recalibrated,qpsk,-10,0.175,0.147,0.203
303,tx_0_rx_0dB,0.0,0.0,recalibrated,16qam,-10,0.438,0.407,0.471
303,tx_0_rx_0dB,0.0,0.0,recalibrated,32qam,-10,0.428,0.396,0.461
303,tx_0_rx_0dB,0.0,0.0,frozen,bpsk,-8,0.189,0.165,0.213
303,tx_0_rx_0dB,0.0,0.0,frozen,qpsk,-8,0.068,0.052,0.084
303,tx_0_rx_0dB,0.0,0.0,frozen,16qam,-8,0.423,0.392,0.454
303,tx_0_rx_0dB,0.0,0.0,frozen,32qam,-8,0.448,0.416975,0.479
303,tx_0_rx_0dB,0.0,0.0,recalibrated,bpsk,-8,0.186,0.162,0.21
303,tx_0_rx_0dB,0.0,0.0,recalibrated,qpsk,-8,0.067,0.051,0.083
303,tx_0_rx_0dB,0.0,0.0,recalibrated,16qam,-8,0.419,0.389,0.45
303,tx_0_rx_0dB,0.0,0.0,recalibrated,32qam,-8,0.441,0.409,0.47202499999999986
303,tx_0_rx_0dB,0.0,0.0,frozen,bpsk,-6,0.044,0.032,0.058
303,tx_0_rx_0dB,0.0,0.0,frozen,qpsk,-6,0.01,0.004,0.016024999999999862
303,tx_0_rx_0dB,0.0,0.0,frozen,16qam,-6,0.258,0.231,0.285
303,tx_0_rx_0dB,0.0,0.0,frozen,32qam,-6,0.269,0.24,0.299
303,tx_0_rx_0dB,0.0,0.0,recalibrated,bpsk,-6,0.042,0.03,0.056
303,tx_0_rx_0dB,0.0,0.0,recalibrated,qpsk,-6,0.01,0.004,0.016024999999999862
303,tx_0_rx_0dB,0.0,0.0,recalibrated,16qam,-6,0.255,0.228,0.282
303,tx_0_rx_0dB,0.0,0.0,recalibrated,32qam,-6,0.26,0.231,0.29
303,tx_0_rx_0dB,0.0,0.0,frozen,bpsk,-4,0.012,0.006,0.019
303,tx_0_rx_0dB,0.0,0.0,frozen,qpsk,-4,0.0,0.0,0.0
303,tx_0_rx_0dB,0.0,0.0,frozen,16qam,-4,0.08,0.063,0.096
303,tx_0_rx_0dB,0.0,0.0,frozen,32qam,-4,0.091,0.073,0.109
303,tx_0_rx_0dB,0.0,0.0,recalibrated,bpsk,-4,0.012,0.006,0.019
303,tx_0_rx_0dB,0.0,0.0,recalibrated,qpsk,-4,0.0,0.0,0.0
303,tx_0_rx_0dB,0.0,0.0,recalibrated,16qam,-4,0.079,0.062,0.095
303,tx_0_rx_0dB,0.0,0.0,recalibrated,32qam,-4,0.088,0.07,0.106
303,tx_0_rx_0dB,0.0,0.0,frozen,bpsk,-2,0.0,0.0,0.0
303,tx_0_rx_0dB,0.0,0.0,frozen,qpsk,-2,0.0,0.0,0.0
303,tx_0_rx_0dB,0.0,0.0,frozen,16qam,-2,0.019,0.011,0.028
303,tx_0_rx_0dB,0.0,0.0,frozen,32qam,-2,0.021,0.013,0.031
303,tx_0_rx_0dB,0.0,0.0,recalibrated,bpsk,-2,0.0,0.0,0.0
303,tx_0_rx_0dB,0.0,0.0,recalibrated,qpsk,-2,0.0,0.0,0.0
303,tx_0_rx_0dB,0.0,0.0,recalibrated,16qam,-2,0.018,0.01,0.027
303,tx_0_rx_0dB,0.0,0.0,recalibrated,32qam,-2,0.021,0.013,0.031
303,tx_0_rx_0dB,0.0,0.0,frozen,bpsk,0,0.0,0.0,0.0
303,tx_0_rx_0dB,0.0,0.0,frozen,qpsk,0,0.0,0.0,0.0
303,tx_0_rx_0dB,0.0,0.0,frozen,16qam,0,0.003,0.0,0.007
303,tx_0_rx_0dB,0.0,0.0,frozen,32qam,0,0.001,0.0,0.003
303,tx_0_rx_0dB,0.0,0.0,recalibrated,bpsk,0,0.0,0.0,0.0
303,tx_0_rx_0dB,0.0,0.0,recalibrated,qpsk,0,0.0,0.0,0.0
303,tx_0_rx_0dB,0.0,0.0,recalibrated,16qam,0,0.003,0.0,0.007
303,tx_0_rx_0dB,0.0,0.0,recalibrated,32qam,0,0.001,0.0,0.003
303,tx_0_rx_0dB,0.0,0.0,frozen,bpsk,2,0.002,0.0,0.005
303,tx_0_rx_0dB,0.0,0.0,frozen,qpsk,2,0.0,0.0,0.0
303,tx_0_rx_0dB,0.0,0.0,frozen,16qam,2,0.001,0.0,0.003
303,tx_0_rx_0dB,0.0,0.0,frozen,32qam,2,0.0,0.0,0.0
303,tx_0_rx_0dB,0.0,0.0,recalibrated,bpsk,2,0.002,0.0,0.005
303,tx_0_rx_0dB,0.0,0.0,recalibrated,qpsk,2,0.0,0.0,0.0
303,tx_0_rx_0dB,0.0,0.0,recalibrated,16qam,2,0.001,0.0,0.003
303,tx_0_rx_0dB,0.0,0.0,recalibrated,32qam,2,0.0,0.0,0.0
303,tx_0_rx_0dB,0.0,0.0,frozen,bpsk,4,0.0,0.0,0.0
303,tx_0_rx_0dB,0.0,0.0,frozen,qpsk,4,0.0,0.0,0.0
303,tx_0_rx_0dB,0.0,0.0,frozen,16qam,4,0.001,0.0,0.003
303,tx_0_rx_0dB,0.0,0.0,frozen,32qam,4,0.0,0.0,0.0
303,tx_0_rx_0dB,0.0,0.0,recalibrated,bpsk,4,0.0,0.0,0.0
303,tx_0_rx_0dB,0.0,0.0,recalibrated,qpsk,4,0.0,0.0,0.0
303,tx_0_rx_0dB,0.0,0.0,recalibrated,16qam,4,0.001,0.0,0.003
303,tx_0_rx_0dB,0.0,0.0,recalibrated,32qam,4,0.0,0.0,0.0
303,tx_0_rx_0dB,0.0,0.0,frozen,bpsk,6,0.0,0.0,0.0
303,tx_0_rx_0dB,0.0,0.0,frozen,qpsk,6,0.0,0.0,0.0
303,tx_0_rx_0dB,0.0,0.0,frozen,16qam,6,0.001,0.0,0.003
303,tx_0_rx_0dB,0.0,0.0,frozen,32qam,6,0.0,0.0,0.0
303,tx_0_rx_0dB,0.0,0.0,recalibrated,bpsk,6,0.0,0.0,0.0
303,tx_0_rx_0dB,0.0,0.0,recalibrated,qpsk,6,0.0,0.0,0.0
303,tx_0_rx_0dB,0.0,0.0,recalibrated,16qam,6,0.001,0.0,0.003
303,tx_0_rx_0dB,0.0,0.0,recalibrated,32qam,6,0.0,0.0,0.0
303,tx_0_rx_0dB,0.0,0.0,frozen,bpsk,8,0.0,0.0,0.0
303,tx_0_rx_0dB,0.0,0.0,frozen,qpsk,8,0.0,0.0,0.0
303,tx_0_rx_0dB,0.0,0.0,frozen,16qam,8,0.0,0.0,0.0
303,tx_0_rx_0dB,0.0,0.0,frozen,32qam,8,0.001,0.0,0.003
303,tx_0_rx_0dB,0.0,0.0,recalibrated,bpsk,8,0.0,0.0,0.0
303,tx_0_rx_0dB,0.0,0.0,recalibrated,qpsk,8,0.0,0.0,0.0
303,tx_0_rx_0dB,0.0,0.0,recalibrated,16qam,8,0.0,0.0,0.0
303,tx_0_rx_0dB,0.0,0.0,recalibrated,32qam,8,0.001,0.0,0.003
303,tx_0_rx_0dB,0.0,0.0,frozen,bpsk,10,0.0,0.0,0.0
303,tx_0_rx_0dB,0.0,0.0,frozen,qpsk,10,0.0,0.0,0.0
303,tx_0_rx_0dB,0.0,0.0,frozen,16qam,10,0.0,0.0,0.0
303,tx_0_rx_0dB,0.0,0.0,frozen,32qam,10,0.0,0.0,0.0
303,tx_0_rx_0dB,0.0,0.0,recalibrated,bpsk,10,0.0,0.0,0.0
303,tx_0_rx_0dB,0.0,0.0,recalibrated,qpsk,10,0.0,0.0,0.0
303,tx_0_rx_0dB,0.0,0.0,recalibrated,16qam,10,0.0,0.0,0.0
303,tx_0_rx_0dB,0.0,0.0,recalibrated,32qam,10,0.0,0.0,0.0
